Workbook
Name ______: #REF!
Name ___act2: #REF!
Name ___act3: #REF!
Name ___act4: #REF!
Name ___all22: [1]PLALL!$A$1:$BM$137
Name ___AWEW1212: #REF!
Name ___Col3: [2]Tables!$S$7
Name ___Col6: [2]Tables!$S$12
Name ___CSD3: #REF!
Name ___DAT1: #REF!
Name ___DAT10: #REF!
Name ___DAT11: #REF!
Name ___DAT12: #REF!
Name ___DAT13: #REF!
Name ___DAT14: #REF!
Name ___DAT15: #REF!
Name ___DAT16: #REF!
Name ___DAT17: #REF!
Name ___DAT2: #REF!
Name ___DAT3: #REF!
Name ___DAT4: #REF!
Name ___DAT5: #REF!
Name ___DAT6: #REF!
Name ___DAT7: #REF!
Name ___DAT8: #REF!
Name ___DAT9: #REF!
Name ___Qtr1: #REF!
Name ___wd6: [3]tables!$A$1:$B$29
Name __1211: #REF!
Name __act2: #REF!
Name __act3: #REF!
Name __act31: #REF!
Name __act4: #REF!
Name __all22: [1]PLALL!$A$1:$BM$137
Name __Col3: [2]Tables!$S$7
Name __Col6: [2]Tables!$S$12
Name __CSD3: #REF!
Name __DAT1: #REF!
Name __DAT10: #REF!
Name __DAT11: #REF!
Name __DAT110: #REF!
Name __DAT12: #REF!
Name __DAT13: #REF!
Name __DAT14: #REF!
Name __DAT15: #REF!
Name __DAT16: #REF!
Name __DAT17: #REF!
Name __DAT2: #REF!
Name __DAT3: #REF!
Name __DAT4: #REF!
Name __DAT5: #REF!
Name __DAT6: #REF!
Name __DAT7: #REF!
Name __DAT8: #REF!
Name __DAT9: #REF!
Name __Qtr1: #REF!
Name __wd6: [3]tables!$A$1:$B$29
Name _1、青岛园区布局地图: #REF!
Name _1、青岛园区布局地图1: #REF!
Name _1169渠道: #REF!

Sheet Kangatang

Sheet 3月
A1: 类别 | B1: 整机编码 | C1: 结构 | D1: 内机系列 | E1: 外机型号 | F1: 外机平台 | G1: 冷凝器 | H1: 蒸发器 | I1: 最晚发货需求 | X1: 库存 | AA1: 顺延 | AB1: 2月24日 接单 | AC1: 包销 | AD1: 需排产 | AE1: 周一 | AF1: 周二 | AG1: 周三 | AH1: 周四 | AI1: 周五 | AJ1: 周六 | AK1: 周日 | AL1: 周一 | AM1: 周二 | AN1: 周三 | AO1: 周四 | AP1: 周五 | AQ1: 周六 | AR1: 周日 | AS1: 周一 | AT1: 排产合计 | AU1: 下周 顺延 | AV1: 备注 | AW1: 生产后结余库存
X2: 期初 | Y2: 消化 | Z2: 剩余 | AE2: 46083 | AF2: 46084 | AG2: 46085 | AH2: 46086 | AI2: 46087 | AJ2: 46088 | AK2: 46089 | AL2: 46090 | AM2: 46091 | AN2: 46092 | AO2: 46093 | AP2: 46094 | AQ2: 46095 | AR2: 46096 | AS2: 46097
C3: 挂机 | X3: =SUM(X7:X86) -> 60327 | Y3: =SUM(Y7:Y86) -> 22301 | Z3: =SUM(Z7:Z86) -> 51895 | AA3: 0 | AB3: =SUM(AB7:AB86) -> 52432 | AC3: =SUM(AC7:AC86) -> 13869 | AD3: =SUM(AD7:AD86) -> 44200 | AE3: =SUM(AE7:AE86) -> 0 | AF3: =SUM(AF7:AF86) -> 20 | AG3: =SUM(AG7:AG86) -> 8355 | AH3: =SUM(AH7:AH86) -> 8699 | AI3: =SUM(AI7:AI86) -> 9668 | AJ3: =SUM(AJ7:AJ80) -> 9535 | AK3: =SUM(AK7:AK80) -> 0 | AL3: =SUM(AL7:AL80) -> 7923 | AM3: =SUM(AM7:AM80) -> 0 | AN3: =SUM(AN7:AN80) -> 0 | AO3: =SUM(AO7:AO80) -> 0 | AP3: =SUM(AP7:AP80) -> 0 | AQ3: =SUM(AQ7:AQ80) -> 0 | ... AS3: =SUM(AS7:AS80) -> 0 | AT3: =SUM(AE3:AN3) -> 44200 | AU3: =SUM(AU7:AU80) -> 0
C4: 柜机 | X4: =SUM(X87:X189) -> 39391 | Y4: =SUM(Y87:Y187) -> 12689 | Z4: =SUM(Z87:Z187) -> 47695 | AA4: 0 | AB4: =SUM(AB87:AB187) -> 27306 | AC4: =SUM(AC87:AC187) -> 21383 | AD4: =SUM(AD87:AD187) -> 36000 | AE4: =SUM(AE87:AE186) -> 0 | AF4: =SUM(AF87:AF186) -> 800 | AG4: =SUM(AG87:AG186) -> 7283 | AH4: =SUM(AH87:AH186) -> 7400 | AI4: =SUM(AI87:AI186) -> 5500 | AJ4: =SUM(AJ87:AJ186) -> 7400 | AK4: =SUM(AK87:AK186) -> 0 | AL4: =SUM(AL87:AL186) -> 7617 | AM4: =SUM(AM87:AM186) -> 0 | AN4: =SUM(AN91:AN186) -> 0 | AO4: =SUM(AO91:AO186) -> 0 | AP4: =SUM(AP91:AP186) -> 0 | AQ4: =SUM(AQ91:AQ186) -> 0 | AR4: =SUM(AR91:AR186) -> 0 | AS4: =SUM(AS91:AS186) -> 0 | AT4: =SUM(AE4:AN4) -> 36000 | AU4: =SUM(AU87:AU186) -> 0
C5: 风管机 | X5: =SUM(X263:X427) -> 0 | Y5: =SUM(Y263:Y427) -> 0 | Z5: =SUM(Z263:Z427) -> 195 | AA5: 0 | AB5: =SUM(AB263:AB427) -> 411 | AC5: =SUM(AC263:AC427) -> 195 | AD5: =SUM(AD263:AD427) -> 606 | AE5: =SUM(AE263:AE427) -> 0 | AF5: =SUM(AF263:AF427) -> 200 | AG5: =SUM(AG263:AG427) -> 182 | AH5: =SUM(AH263:AH427) -> 0 | AI5: =SUM(AI263:AI427) -> 224 | ... AS5: =SUM(AS263:AS427) -> 0 | AT5: =SUM(AE5:AN5) -> 606 | AU5: =SUM(AU263:AU427) -> 0
C6: 汇总 | I6: 46083 | J6: 46084 | K6: 46085 | L6: 46086 | M6: 46087 | N6: 46088 | O6: 46089 | P6: 46090 | Q6: 46091 | R6: 46092 | S6: 46093 | T6: 46094 | U6: 46095 | V6: 46096 | W6: 46097 | X6: =SUM(X3:X5) -> 99718 | Y6: =SUM(Y3:Y5) -> 34990 | Z6: =SUM(Z3:Z5) -> 99785 | AA6: 0 | AB6: =SUM(AB3:AB5) -> 80149 | AC6: =SUM(AC3:AC5) -> 35447 | AD6: =SUM(AD3:AD5) -> 80806 | AE6: =SUM(AE3:AE5) -> 0 | AF6: =SUM(AF3:AF5) -> 1020 | AG6: =SUM(AG3:AG5) -> 15820 | AH6: =SUM(AH3:AH5) -> 16099 | AI6: =SUM(AI3:AI5) -> 15392 | ... AL6: =SUM(AL3:AL5) -> 15540 | AM6: =SUM(AM3:AM4) -> 0 | AN6: =SUM(AN3:AN4) -> 0 | AO6: =SUM(AO3:AO4) -> 0 | AP6: =SUM(AP3:AP4) -> 0 | AQ6: =SUM(AQ3:AQ4) -> 0 | AR6: =SUM(AR3:AR4) -> 0 | AS6: =SUM(AS3:AS4) -> 0 | AT6: =SUM(AE6:AN6) -> 80806 | AU6: =SUM(AU3:AU5) -> 0 | AW6: =AE2 -> 46083 | AX6: =AF2 -> 46084 | AY6: =AG2 -> 46085 | AZ6: =AH2 -> 46086 | BA6: =AI2 -> 46087 | BB6: =AJ2 -> 46088 | BC6: =AK2 -> 46089 | BD6: =AL2 -> 46090 | ... BK6: =AS2 -> 46097
A7: 挂机 | B7: AAABTP00M | C7: KFR-35GW/01XCA83TU1套机 | D7: 大J系列 | E7: KFR-35W/0183T室外机总成 | F7: 1P(20款) | G7: φ7（21.65） | H7: φ5 | K7: 0 | L7: 0 | M7: 0 | N7: 0 | O7: 0 | P7: 0 | X7: 0 | Y7: 0 | Z7: =X7-Y7+AC7 -> 0 | AB7: 0 | AC7: 0 | AD7: =AB7-Y7+AA7+AC7 -> 0 | AT7: =SUM(AE7:AR7) -> 0 | AU7: =AD7-AT7 -> 0 | AW7: =AE7+Y7-I7 -> 0 | AX7: =AW7+AF7-J7 -> 0 | AY7: =AX7+AG7-K7 -> 0 | AZ7: =AY7+AH7-L7 -> 0 | BA7: =AZ7+AI7-M7 -> 0 | BB7: =BA7+AJ7-N7 -> 0 | BC7: =BB7+AK7-O7 -> 0 | BD7: =BC7+AL7-P7 -> 0 | BE7: =BD7+AM7-Q7 -> 0 | ... BG7: =BF7+AO7-S7 -> 0 | BH7: =AP7+AJ7-T7 -> 0 | BI7: =AQ7+AK7-U7 -> 0 | BJ7: =AR7+AL7-V7 -> 0 | BK7: =AS7+AM7-W7 -> 0
A8: 挂机 | B8: AAABTQ00M | C8: KFR-35GW/02XCA81TU1套机 | D8: 大J系列 | E8: KFR-35W/0281T室外机总成 | F8: 1P(20款) | G8: φ7（21.65） | H8: φ5 | K8: 0 | L8: 0 | M8: 0 | N8: 0 | O8: 0 | P8: 0 | X8: 0 | Y8: 0 | Z8: =X8-Y8+AC8 -> 0 | AB8: 0 | AC8: 0 | AD8: =AB8-Y8+AA8+AC8 -> 0 | AT8: =SUM(AE8:AR8) -> 0 | AU8: =AD8-AT8 -> 0 | AW8: =AE8+Y8-I8 -> 0 | AX8: =AW8+AF8-J8 -> 0 | AY8: =AX8+AG8-K8 -> 0 | AZ8: =AY8+AH8-L8 -> 0 | BA8: =AZ8+AI8-M8 -> 0 | BB8: =BA8+AJ8-N8 -> 0 | BC8: =BB8+AK8-O8 -> 0 | BD8: =BC8+AL8-P8 -> 0 | BE8: =BD8+AM8-Q8 -> 0 | ... BG8: =BF8+AO8-S8 -> 0 | BH8: =AP8+AJ8-T8 -> 0 | BI8: =AQ8+AK8-U8 -> 0 | BJ8: =AR8+AL8-V8 -> 0 | BK8: =AS8+AM8-W8 -> 0
A9: 挂机 | B9: AAC7H5001 | C9: KFR-35GW/05JTA81TU1套机 | D9: 大J系列 | E9: KFR-35W/0581T室外机总成 | F9: 1P(20款) | G9: φ7（21.65） | H9: φ7 | K9: 0 | L9: 0 | M9: 0 | N9: 0 | O9: 0 | P9: 0 | X9: 0 | Y9: 0 | Z9: =X9-Y9+AC9 -> 0 | AB9: 0 | AC9: 0 | AD9: =AB9-Y9+AA9+AC9 -> 0 | AT9: =SUM(AE9:AR9) -> 0 | AU9: =AD9-AT9 -> 0 | AW9: =AE9+Y9-I9 -> 0 | AX9: =AW9+AF9-J9 -> 0 | AY9: =AX9+AG9-K9 -> 0 | AZ9: =AY9+AH9-L9 -> 0 | BA9: =AZ9+AI9-M9 -> 0 | BB9: =BA9+AJ9-N9 -> 0 | BC9: =BB9+AK9-O9 -> 0 | BD9: =BC9+AL9-P9 -> 0 | BE9: =BD9+AM9-Q9 -> 0 | ... BG9: =BF9+AO9-S9 -> 0 | BH9: =AP9+AJ9-T9 -> 0 | BI9: =AQ9+AK9-U9 -> 0 | BJ9: =AR9+AL9-V9 -> 0 | BK9: =AS9+AM9-W9 -> 0
A10: 挂机 | B10: AAC7X2000 | C10: KFR-26GW/B0MCA81套机 | D10: 大J系列 | E10: KFR-26W/B081室外机总成 | F10: 1P(20款) | G10: φ7（21.65） | H10: φ5 | K10: 0 | L10: 0 | M10: 0 | N10: 0 | O10: 0 | P10: 1500 | X10: 1001 | Y10: 1001 | Z10: =X10-Y10+AC10 -> 0 | AB10: 2100 | AC10: 0 | AD10: =AB10-Y10+AA10+AC10 -> 1099 | AG10: 1099 | AT10: =SUM(AE10:AS10) -> 1099 | AU10: =AD10-AT10 -> 0 | AW10: =AE10+Y10-I10 -> 1001 | AX10: =AW10+AF10-J10 -> 1001 | AY10: =AX10+AG10-K10 -> 2100 | AZ10: =AY10+AH10-L10 -> 2100 | BA10: =AZ10+AI10-M10 -> 2100 | BB10: =BA10+AJ10-N10 -> 2100 | BC10: =BB10+AK10-O10 -> 2100 | BD10: =BC10+AL10-P10 -> 600 | BE10: =BD10+AM10-Q10 -> 600 | ... BK10: =BJ10+AS10-W10 -> 600
A11: 挂机 | B11: AAABTD00K | C11: KFR-35GW/B0MCA81套机 | D11: 大J系列 | E11: KFR-35W/B081室外机总成 | F11: 1P(20款) | G11: φ7（21.65） | H11: φ5 | K11: 0 | L11: 0 | M11: 0 | N11: 0 | O11: 0 | P11: 0 | X11: 1930 | Y11: 1930 | Z11: =X11-Y11+AC11 -> 1131 | AB11: 5600 | AC11: 1131 | AD11: =AB11-Y11+AA11+AC11 -> 4801 | AG11: 1500 | AH11: 2000 | AI11: 1301 | AT11: =SUM(AE11:AS11) -> 4801 | AU11: =AD11-AT11 -> 0 | AW11: =AE11+Y11-I11 -> 1930 | AX11: =AW11+AF11-J11 -> 1930 | AY11: =AX11+AG11-K11 -> 3430 | AZ11: =AY11+AH11-L11 -> 5430 | BA11: =AZ11+AI11-M11 -> 6731 | BB11: =BA11+AJ11-N11 -> 6731 | BC11: =BB11+AK11-O11 -> 6731 | BD11: =BC11+AL11-P11 -> 6731 | BE11: =BD11+AM11-Q11 -> 6731 | ... BK11: =BJ11+AS11-W11 -> 6731
A12: 挂机 | B12: AAC7U9000 | C12: KFR-35GW/A0MCG81UF套机 | D12: 大J系列 | E12: KFR-35W/A081室外机总成 | F12: 1P(20款) | G12: φ7（21.65） | H12: φ7 | K12: 0 | L12: 0 | M12: 0 | N12: 0 | O12: 0 | P12: 0 | X12: 83 | Y12: 0 | Z12: =X12-Y12+AC12 -> 83 | AB12: 400 | AC12: 0 | AD12: =AB12-Y12+AA12+AC12 -> 400 | AG12: 400 | AT12: =SUM(AE12:AR12) -> 400 | AU12: =AD12-AT12 -> 0 | AW12: =AE12+Y12-I12 -> 0 | AX12: =AW12+AF12-J12 -> 0 | AY12: =AX12+AG12-K12 -> 400 | AZ12: =AY12+AH12-L12 -> 400 | BA12: =AZ12+AI12-M12 -> 400 | BB12: =BA12+AJ12-N12 -> 400 | BC12: =BB12+AK12-O12 -> 400 | BD12: =BC12+AL12-P12 -> 400 | BE12: =BD12+AM12-Q12 -> 400 | ... BG12: =BF12+AO12-S12 -> 400 | BH12: =AP12+AJ12-T12 -> 0 | BI12: =AQ12+AK12-U12 -> 0 | BJ12: =AR12+AL12-V12 -> 0 | BK12: =AS12+AM12-W12 -> 0
A13: 挂机 | B13: AAAKYC000 | C13: KFR-35GW/20MCG82UF套机 | D13: 大J系列 | E13: KFR-35W/2082室外机总成 | F13: 1P(20款) | G13: φ7（18.186） | H13: φ7 | K13: 0 | L13: 0 | M13: 0 | N13: 0 | O13: 0 | P13: 0 | X13: 0 | Y13: 0 | Z13: =X13-Y13+AC13 -> 0 | AB13: 0 | AC13: 0 | AD13: =AB13-Y13+AA13+AC13 -> 0 | AT13: =SUM(AE13:AR13) -> 0 | AU13: =AD13-AT13 -> 0 | AW13: =AE13+Y13-I13 -> 0 | AX13: =AW13+AF13-J13 -> 0 | AY13: =AX13+AG13-K13 -> 0 | AZ13: =AY13+AH13-L13 -> 0 | BA13: =AZ13+AI13-M13 -> 0 | BB13: =BA13+AJ13-N13 -> 0 | BC13: =BB13+AK13-O13 -> 0 | BD13: =BC13+AL13-P13 -> 0 | BE13: =BD13+AM13-Q13 -> 0 | ... BG13: =BF13+AO13-S13 -> 0 | BH13: =AP13+AJ13-T13 -> 0 | BI13: =AQ13+AK13-U13 -> 0 | BJ13: =AR13+AL13-V13 -> 0 | BK13: =AS13+AM13-W13 -> 0
A14: 挂机 | B14: AACVE0Q00 | C14: KFR-35GW/A0X1A181套机 | D14: 大J系列 | E14: KFR-35W/A081室外机总成 | F14: 1P(20款) | G14: φ7（21.65） | H14: φ7 | K14: 0 | L14: 0 | M14: 0 | N14: 0 | O14: 0 | P14: 0 | X14: 0 | Y14: 0 | Z14: =X14-Y14+AC14 -> 0 | AB14: 0 | AC14: 0 | AD14: =AB14-Y14+AA14+AC14 -> 0 | AT14: =SUM(AE14:AR14) -> 0 | AU14: =AD14-AT14 -> 0 | AW14: =AE14+Y14-I14 -> 0 | AX14: =AW14+AF14-J14 -> 0 | AY14: =AX14+AG14-K14 -> 0 | AZ14: =AY14+AH14-L14 -> 0 | BA14: =AZ14+AI14-M14 -> 0 | BB14: =BA14+AJ14-N14 -> 0 | BC14: =BB14+AK14-O14 -> 0 | BD14: =BC14+AL14-P14 -> 0 | BE14: =BD14+AM14-Q14 -> 0 | ... BG14: =BF14+AO14-S14 -> 0 | BH14: =AP14+AJ14-T14 -> 0 | BI14: =AQ14+AK14-U14 -> 0 | BJ14: =AR14+AL14-V14 -> 0 | BK14: =AS14+AM14-W14 -> 0
A15: 挂机 | B15: AAAKYG000 | C15: KFR-35GW/20MCA82套机 | D15: 大J系列 | E15: KFR-35W/2082室外机总成 | F15: 1P(20款) | G15: φ7（18.186） | H15: φ7 | K15: 0 | L15: 0 | M15: 0 | N15: 0 | O15: 0 | P15: 0 | X15: 0 | Y15: 0 | Z15: =X15-Y15+AC15 -> 0 | AB15: 0 | AC15: 0 | AD15: =AB15-Y15+AA15+AC15 -> 0 | AT15: =SUM(AE15:AR15) -> 0 | AU15: =AD15-AT15 -> 0 | AW15: =AE15+Y15-I15 -> 0 | AX15: =AW15+AF15-J15 -> 0 | AY15: =AX15+AG15-K15 -> 0 | AZ15: =AY15+AH15-L15 -> 0 | BA15: =AZ15+AI15-M15 -> 0 | BB15: =BA15+AJ15-N15 -> 0 | BC15: =BB15+AK15-O15 -> 0 | BD15: =BC15+AL15-P15 -> 0 | BE15: =BD15+AM15-Q15 -> 0 | ... BG15: =BF15+AO15-S15 -> 0 | BH15: =AP15+AJ15-T15 -> 0 | BI15: =AQ15+AK15-U15 -> 0 | BJ15: =AR15+AL15-V15 -> 0 | BK15: =AS15+AM15-W15 -> 0
A16: 挂机 | B16: AA000N000 | C16: KFR-35GW/A0MCC82套机 | D16: 大J系列 | E16: KFR-35W/A082室外机总成 | F16: 1P(20款) | G16: φ7（21.65） | H16: φ5 | K16: 0 | L16: 0 | M16: 0 | N16: 0 | O16: 0 | P16: 0 | X16: 1765 | Y16: 0 | Z16: =X16-Y16+AC16 -> 1765 | AB16: 0 | AC16: 0 | AD16: =AB16-Y16+AA16+AC16 -> 0 | AT16: =SUM(AE16:AS16) -> 0 | AU16: =AD16-AT16 -> 0 | AW16: =AE16+Y16-I16 -> 0 | AX16: =AW16+AF16-J16 -> 0 | AY16: =AX16+AG16-K16 -> 0 | AZ16: =AY16+AH16-L16 -> 0 | BA16: =AZ16+AI16-M16 -> 0 | BB16: =BA16+AJ16-N16 -> 0 | BC16: =BB16+AK16-O16 -> 0 | BD16: =BC16+AL16-P16 -> 0 | BE16: =BD16+AM16-Q16 -> 0 | ... BK16: =BJ16+AS16-W16 -> 0
A17: 挂机 | B17: AAC3B0000 | C17: KFR-26GW/A1MCD81U1套机 | D17: 大J系列 | E17: KFR-26W/A181室外机总成 | F17: 1P(20款) | G17: φ7（21.65） | H17: φ5 | K17: 0 | L17: 0 | M17: 0 | N17: 0 | O17: 0 | P17: 0 | X17: 0 | Y17: 0 | Z17: =X17-Y17+AC17 -> 0 | AB17: 0 | AC17: 0 | AD17: =AB17-Y17+AA17+AC17 -> 0 | AT17: =SUM(AE17:AR17) -> 0 | AU17: =AD17-AT17 -> 0 | AW17: =AE17+Y17-I17 -> 0 | AX17: =AW17+AF17-J17 -> 0 | AY17: =AX17+AG17-K17 -> 0 | AZ17: =AY17+AH17-L17 -> 0 | BA17: =AZ17+AI17-M17 -> 0 | BB17: =BA17+AJ17-N17 -> 0 | BC17: =BB17+AK17-O17 -> 0 | BD17: =BC17+AL17-P17 -> 0 | BE17: =BD17+AM17-Q17 -> 0 | ... BG17: =BF17+AO17-S17 -> 0 | BH17: =AP17+AJ17-T17 -> 0 | BI17: =AQ17+AK17-U17 -> 0 | BJ17: =AR17+AL17-V17 -> 0 | BK17: =AS17+AM17-W17 -> 0
A18: 挂机 | B18: AAABTB002 | C18: KFR-26GW/20MCB81U1套机 | D18: 大J系列 | E18: KFR-26W/2081室外机总成 | F18: 1P(19款) | G18: φ7（21.65） | H18: φ5 | K18: 0 | L18: 0 | M18: 0 | N18: 0 | O18: 0 | P18: 0 | X18: 0 | Y18: 0 | Z18: =X18-Y18+AC18 -> 0 | AB18: 0 | AC18: 0 | AD18: =AB18-Y18+AA18+AC18 -> 0 | AT18: =SUM(AE18:AR18) -> 0 | AU18: =AD18-AT18 -> 0 | AW18: =AE18+Y18-I18 -> 0 | AX18: =AW18+AF18-J18 -> 0 | AY18: =AX18+AG18-K18 -> 0 | AZ18: =AY18+AH18-L18 -> 0 | BA18: =AZ18+AI18-M18 -> 0 | BB18: =BA18+AJ18-N18 -> 0 | BC18: =BB18+AK18-O18 -> 0 | BD18: =BC18+AL18-P18 -> 0 | BE18: =BD18+AM18-Q18 -> 0 | ... BG18: =BF18+AO18-S18 -> 0 | BH18: =AP18+AJ18-T18 -> 0 | BI18: =AQ18+AK18-U18 -> 0 | BJ18: =AR18+AL18-V18 -> 0 | BK18: =AS18+AM18-W18 -> 0
A19: 挂机 | B19: AAABTG002 | C19: KFR-35GW/20MCB81U1套机 | D19: 大J系列 | E19: KFR-35W/2081室外机总成 | F19: 1P(20款) | G19: φ7（18.186） | H19: φ5 | K19: 0 | L19: 0 | M19: 0 | N19: 0 | O19: 0 | P19: 0 | X19: 0 | Y19: 0 | Z19: =X19-Y19+AC19 -> 0 | AB19: 0 | AC19: 0 | AD19: =AB19-Y19+AA19+AC19 -> 0 | AT19: =SUM(AE19:AR19) -> 0 | AU19: =AD19-AT19 -> 0 | AW19: =AE19+Y19-I19 -> 0 | AX19: =AW19+AF19-J19 -> 0 | AY19: =AX19+AG19-K19 -> 0 | AZ19: =AY19+AH19-L19 -> 0 | BA19: =AZ19+AI19-M19 -> 0 | BB19: =BA19+AJ19-N19 -> 0 | BC19: =BB19+AK19-O19 -> 0 | BD19: =BC19+AL19-P19 -> 0 | BE19: =BD19+AM19-Q19 -> 0 | ... BG19: =BF19+AO19-S19 -> 0 | BH19: =AP19+AJ19-T19 -> 0 | BI19: =AQ19+AK19-U19 -> 0 | BJ19: =AR19+AL19-V19 -> 0 | BK19: =AS19+AM19-W19 -> 0
A20: 挂机 | B20: AAABTH00E | C20: KFR-35GW/20MCC83套机 | D20: 大J系列 | E20: KFR-35W/20C83室外机总成 | F20: 1P(20款) | G20: φ7（21.65） | H20: φ5 | K20: 0 | L20: 0 | M20: 0 | N20: 0 | O20: 277 | P20: 200 | X20: 479 | Y20: 477 | Z20: =X20-Y20+AC20 -> 2 | AB20: 477 | AC20: 0 | AD20: =AB20-Y20+AA20+AC20 -> 0 | AT20: =SUM(AE20:AR20) -> 0 | AU20: =AD20-AT20 -> 0 | AW20: =AE20+Y20-I20 -> 477 | AX20: =AW20+AF20-J20 -> 477 | AY20: =AX20+AG20-K20 -> 477 | AZ20: =AY20+AH20-L20 -> 477 | BA20: =AZ20+AI20-M20 -> 477 | BB20: =BA20+AJ20-N20 -> 477 | BC20: =BB20+AK20-O20 -> 200 | BD20: =BC20+AL20-P20 -> 0 | BE20: =BD20+AM20-Q20 -> 0 | ... BG20: =BF20+AO20-S20 -> 0 | BH20: =AP20+AJ20-T20 -> 0 | BI20: =AQ20+AK20-U20 -> 0 | BJ20: =AR20+AL20-V20 -> 0 | BK20: =AS20+AM20-W20 -> 0
A21: 挂机 | B21: AAABTX00E | C21: KFR-35GW/83@T-Xc套机 | D21: 大J系列 | E21: KFR-35W/0183T室外机总成 | F21: 1P(20款) | G21: φ7（21.65） | H21: φ5 | K21: 0 | L21: 0 | M21: 0 | N21: 0 | O21: 0 | P21: 0 | X21: 0 | Y21: 0 | Z21: =X21-Y21+AC21 -> 0 | AB21: 0 | AC21: 0 | AD21: =AB21-Y21+AA21+AC21 -> 0 | AT21: =SUM(AE21:AR21) -> 0 | AU21: =AD21-AT21 -> 0 | AW21: =AE21+Y21-I21 -> 0 | AX21: =AW21+AF21-J21 -> 0 | AY21: =AX21+AG21-K21 -> 0 | AZ21: =AY21+AH21-L21 -> 0 | BA21: =AZ21+AI21-M21 -> 0 | BB21: =BA21+AJ21-N21 -> 0 | BC21: =BB21+AK21-O21 -> 0 | BD21: =BC21+AL21-P21 -> 0 | BE21: =BD21+AM21-Q21 -> 0 | ... BG21: =BF21+AO21-S21 -> 0 | BH21: =AP21+AJ21-T21 -> 0 | BI21: =AQ21+AK21-U21 -> 0 | BJ21: =AR21+AL21-V21 -> 0 | BK21: =AS21+AM21-W21 -> 0
A22: 挂机 | B22: AAABTJ00M | C22: KFR-35GW/02FCC81XU1套机 | D22: 大J系列 | E22: KFR-35W/0281X室外机总成 | F22: 1P(20款) | G22: φ7（21.65） | H22: φ5 | K22: 0 | L22: 0 | M22: 0 | N22: 0 | O22: 0 | P22: 0 | X22: 0 | Y22: 0 | Z22: =X22-Y22+AC22 -> 0 | AB22: 0 | AC22: 0 | AD22: =AB22-Y22+AA22+AC22 -> 0 | AT22: =SUM(AE22:AR22) -> 0 | AU22: =AD22-AT22 -> 0 | AW22: =AE22+Y22-I22 -> 0 | AX22: =AW22+AF22-J22 -> 0 | AY22: =AX22+AG22-K22 -> 0 | AZ22: =AY22+AH22-L22 -> 0 | BA22: =AZ22+AI22-M22 -> 0 | BB22: =BA22+AJ22-N22 -> 0 | BC22: =BB22+AK22-O22 -> 0 | BD22: =BC22+AL22-P22 -> 0 | BE22: =BD22+AM22-Q22 -> 0 | ... BG22: =BF22+AO22-S22 -> 0 | BH22: =AP22+AJ22-T22 -> 0 | BI22: =AQ22+AK22-U22 -> 0 | BJ22: =AR22+AL22-V22 -> 0 | BK22: =AS22+AM22-W22 -> 0
A23: 挂机 | B23: AAC7H8000 | C23: KFR-35GW/B1GPA81U1(白)套机 | D23: 大J系列 | E23: KFR-35W/B181室外机总成 | F23: 1P(20款) | G23: φ7（21.65） | H23: φ5 | K23: 0 | L23: 0 | M23: 0 | N23: 0 | O23: 0 | P23: 0 | X23: 0 | Y23: 0 | Z23: =X23-Y23+AC23 -> 0 | AB23: 0 | AC23: 0 | AD23: =AB23-Y23+AA23+AC23 -> 0 | AT23: =SUM(AE23:AR23) -> 0 | AU23: =AD23-AT23 -> 0 | AW23: =AE23+Y23-I23 -> 0 | AX23: =AW23+AF23-J23 -> 0 | AY23: =AX23+AG23-K23 -> 0 | AZ23: =AY23+AH23-L23 -> 0 | BA23: =AZ23+AI23-M23 -> 0 | BB23: =BA23+AJ23-N23 -> 0 | BC23: =BB23+AK23-O23 -> 0 | BD23: =BC23+AL23-P23 -> 0 | BE23: =BD23+AM23-Q23 -> 0 | ... BG23: =BF23+AO23-S23 -> 0 | BH23: =AP23+AJ23-T23 -> 0 | BI23: =AQ23+AK23-U23 -> 0 | BJ23: =AR23+AL23-V23 -> 0 | BK23: =AS23+AM23-W23 -> 0
A24: 挂机 | B24: AAC3E8000 | C24: KFR-32GW/02XCA81TU1套机 | D24: 大J系列 | E24: KFR-32W/0281T室外机总成 | F24: 1P(20款) | G24: φ7（21.65） | H24: φ5 | K24: 0 | L24: 0 | M24: 0 | N24: 0 | O24: 0 | P24: 0 | X24: 0 | Y24: 0 | Z24: =X24-Y24+AC24 -> 0 | AB24: 0 | AC24: 0 | AD24: =AB24-Y24+AA24+AC24 -> 0 | AT24: =SUM(AE24:AR24) -> 0 | AU24: =AD24-AT24 -> 0 | AW24: =AE24+Y24-I24 -> 0 | AX24: =AW24+AF24-J24 -> 0 | AY24: =AX24+AG24-K24 -> 0 | AZ24: =AY24+AH24-L24 -> 0 | BA24: =AZ24+AI24-M24 -> 0 | BB24: =BA24+AJ24-N24 -> 0 | BC24: =BB24+AK24-O24 -> 0 | BD24: =BC24+AL24-P24 -> 0 | BE24: =BD24+AM24-Q24 -> 0 | ... BG24: =BF24+AO24-S24 -> 0 | BH24: =AP24+AJ24-T24 -> 0 | BI24: =AQ24+AK24-U24 -> 0 | BJ24: =AR24+AL24-V24 -> 0 | BK24: =AS24+AM24-W24 -> 0
A25: 挂机 | B25: AACEM2000 | C25: KFR-35GW/LXCA-1Pro套机 | D25: 大J系列 | E25: KFR-35W/34-1L | F25: 1P(20款) | K25: 0 | L25: 0 | M25: 0 | N25: 0 | O25: 0 | P25: 0 | X25: 2919 | Y25: 2919 | Z25: =X25-Y25+AC25 -> 0 | AB25: 5700 | AC25: 0 | AD25: =AB25-Y25+AA25+AC25 -> 2781 | AI25: 1500 | AJ25: 1281 | AT25: =SUM(AE25:AS25) -> 2781 | AU25: =AD25-AT25 -> 0 | AW25: =AE25+Y25-I25 -> 2919 | AX25: =AW25+AF25-J25 -> 2919 | AY25: =AX25+AG25-K25 -> 2919 | AZ25: =AY25+AH25-L25 -> 2919 | BA25: =AZ25+AI25-M25 -> 4419 | BB25: =BA25+AJ25-N25 -> 5700 | BC25: =BB25+AK25-O25 -> 5700 | BD25: =BC25+AL25-P25 -> 5700 | BE25: =BD25+AM25-Q25 -> 5700 | ... BK25: =BJ25+AS25-W25 -> 5700
A26: 挂机 | B26: AACEMA000 | C26: KFR-35GW/LCD1-1套机 | D26: 大J系列 | E26: KFR-35W/C1-1L | F26: 1P(20款) | K26: 0 | L26: 0 | M26: 0 | N26: 0 | O26: 0 | P26: 0 | X26: 355 | Y26: 0 | Z26: =X26-Y26+AC26 -> 355 | AB26: 0 | AC26: 0 | AD26: =AB26-Y26+AA26+AC26 -> 0 | AT26: =SUM(AE26:AS26) -> 0 | AU26: =AD26-AT26 -> 0 | AW26: =AE26+Y26-I26 -> 0 | AX26: =AW26+AF26-J26 -> 0 | AY26: =AX26+AG26-K26 -> 0 | AZ26: =AY26+AH26-L26 -> 0 | BA26: =AZ26+AI26-M26 -> 0 | BB26: =BA26+AJ26-N26 -> 0 | BC26: =BB26+AK26-O26 -> 0 | BD26: =BC26+AL26-P26 -> 0 | BE26: =BD26+AM26-Q26 -> 0 | ... BK26: =BJ26+AS26-W26 -> 0
A27: 挂机 | B27: AACEMB000 | C27: KFR-35GW/LCC1-1套机 | D27: 大J系列 | E27: KFR-35W/C1-1L | F27: 1P(20款) | K27: 0 | L27: 0 | M27: 0 | N27: 0 | O27: 205 | P27: 179 | X27: 1000 | Y27: 804 | Z27: =X27-Y27+AC27 -> 196 | AB27: 804 | AC27: 0 | AD27: =AB27-Y27+AA27+AC27 -> 0 | AT27: =SUM(AE27:AS27) -> 0 | AU27: =AD27-AT27 -> 0 | AW27: =AE27+Y27-I27 -> 804 | AX27: =AW27+AF27-J27 -> 804 | AY27: =AX27+AG27-K27 -> 804 | AZ27: =AY27+AH27-L27 -> 804 | BA27: =AZ27+AI27-M27 -> 804 | BB27: =BA27+AJ27-N27 -> 804 | BC27: =BB27+AK27-O27 -> 599 | BD27: =BC27+AL27-P27 -> 420 | BE27: =BD27+AM27-Q27 -> 420 | ... BK27: =BJ27+AS27-W27 -> 420
A28: 挂机 | B28: AACEMG000 | C28: KFR-35GW/LJD1-1套机 | D28: 大J系列 | E28: KFR-35W/J1-1L | F28: 1P(20款) | K28: 0 | L28: 0 | M28: 0 | N28: 150 | O28: 150 | P28: 300 | X28: 4425 | Y28: 3150 | Z28: =X28-Y28+AC28 -> 1275 | AB28: 3150 | AC28: 0 | AD28: =AB28-Y28+AA28+AC28 -> 0 | AT28: =SUM(AE28:AS28) -> 0 | AU28: =AD28-AT28 -> 0 | AW28: =AE28+Y28-I28 -> 3150 | AX28: =AW28+AF28-J28 -> 3150 | AY28: =AX28+AG28-K28 -> 3150 | AZ28: =AY28+AH28-L28 -> 3150 | BA28: =AZ28+AI28-M28 -> 3150 | BB28: =BA28+AJ28-N28 -> 3000 | BC28: =BB28+AK28-O28 -> 2850 | BD28: =BC28+AL28-P28 -> 2550 | BE28: =BD28+AM28-Q28 -> 2550 | ... BK28: =BJ28+AS28-W28 -> 2550
A29: 挂机 | B29: AACEMCQ00 | C29: KFR-35GW/LGB1-1套机 | D29: 大J系列 | E29: KFR-35W/J1-1L | F29: 1P(20款) | K29: 0 | L29: 65 | M29: 0 | N29: 0 | O29: 0 | P29: 0 | X29: 980 | Y29: 65 | Z29: =X29-Y29+AC29 -> 915 | AB29: 65 | AC29: 0 | AD29: =AB29-Y29+AA29+AC29 -> 0 | AT29: =SUM(AE29:AS29) -> 0 | AU29: =AD29-AT29 -> 0 | AW29: =AE29+Y29-I29 -> 65 | AX29: =AW29+AF29-J29 -> 65 | AY29: =AX29+AG29-K29 -> 65 | AZ29: =AY29+AH29-L29 -> 0 | BA29: =AZ29+AI29-M29 -> 0 | BB29: =BA29+AJ29-N29 -> 0 | BC29: =BB29+AK29-O29 -> 0 | BD29: =BC29+AL29-P29 -> 0 | BE29: =BD29+AM29-Q29 -> 0 | ... BK29: =BJ29+AS29-W29 -> 0
A30: 挂机 | B30: AAC8U0000 | C30: KFR-32GW/02FCC81XU1套机 | D30: B系列 | E30: KFR-32W/0281X室外机总成 | F30: 1P(20款) | G30: φ7（21.65） | H30: φ5 | K30: 0 | L30: 0 | M30: 0 | N30: 0 | O30: 0 | P30: 0 | X30: 0 | Y30: 0 | Z30: =X30-Y30+AC30 -> 0 | AB30: 0 | AC30: 0 | AD30: =AB30-Y30+AA30+AC30 -> 0 | AT30: =SUM(AE30:AR30) -> 0 | AU30: =AD30-AT30 -> 0 | AW30: =AE30+Y30-I30 -> 0 | AX30: =AW30+AF30-J30 -> 0 | AY30: =AX30+AG30-K30 -> 0 | AZ30: =AY30+AH30-L30 -> 0 | BA30: =AZ30+AI30-M30 -> 0 | BB30: =BA30+AJ30-N30 -> 0 | BC30: =BB30+AK30-O30 -> 0 | BD30: =BC30+AL30-P30 -> 0 | BE30: =BD30+AM30-Q30 -> 0 | ... BG30: =BF30+AO30-S30 -> 0 | BH30: =AP30+AJ30-T30 -> 0 | BI30: =AQ30+AK30-U30 -> 0 | BJ30: =AR30+AL30-V30 -> 0 | BK30: =AS30+AM30-W30 -> 0
A31: 挂机 | B31: AAABTG00P | C31: KFR-35GW/02KJA83U1套机 | D31: K系列 | E31: KFR-35W/0283室外机总成 | F31: 1P(20款) | G31: φ7（21.65） | H31: φ5 | K31: 0 | L31: 0 | M31: 0 | N31: 0 | O31: 0 | P31: 0 | X31: 0 | Y31: 0 | Z31: =X31-Y31+AC31 -> 0 | AB31: 0 | AC31: 0 | AD31: =AB31-Y31+AA31+AC31 -> 0 | AT31: =SUM(AE31:AR31) -> 0 | AU31: =AD31-AT31 -> 0 | AW31: =AE31+Y31-I31 -> 0 | AX31: =AW31+AF31-J31 -> 0 | AY31: =AX31+AG31-K31 -> 0 | AZ31: =AY31+AH31-L31 -> 0 | BA31: =AZ31+AI31-M31 -> 0 | BB31: =BA31+AJ31-N31 -> 0 | BC31: =BB31+AK31-O31 -> 0 | BD31: =BC31+AL31-P31 -> 0 | BE31: =BD31+AM31-Q31 -> 0 | ... BG31: =BF31+AO31-S31 -> 0 | BH31: =AP31+AJ31-T31 -> 0 | BI31: =AQ31+AK31-U31 -> 0 | BJ31: =AR31+AL31-V31 -> 0 | BK31: =AS31+AM31-W31 -> 0
A32: 挂机 | B32: AAC7H1000 | C32: KFR-35GW/B1KWA81U1套机 | D32: K系列 | E32: KFR-35W/B181室外机总成 | F32: 1P(20款) | G32: φ7（21.65） | H32: φ5 | K32: 40 | L32: 0 | M32: 0 | N32: 20 | O32: 1096 | P32: 0 | X32: 0 | Y32: 0 | Z32: =X32-Y32+AC32 -> 0 | AB32: 1156 | AC32: 0 | AD32: =AB32-Y32+AA32+AC32 -> 1156 | AG32: 1156 | AT32: =SUM(AE32:AR32) -> 1156 | AU32: =AD32-AT32 -> 0 | AW32: =AE32+Y32-I32 -> 0 | AX32: =AW32+AF32-J32 -> 0 | AY32: =AX32+AG32-K32 -> 1116 | AZ32: =AY32+AH32-L32 -> 1116 | BA32: =AZ32+AI32-M32 -> 1116 | BB32: =BA32+AJ32-N32 -> 1096 | BC32: =BB32+AK32-O32 -> 0 | BD32: =BC32+AL32-P32 -> 0 | BE32: =BD32+AM32-Q32 -> 0 | ... BG32: =BF32+AO32-S32 -> 0 | BH32: =AP32+AJ32-T32 -> 0 | BI32: =AQ32+AK32-U32 -> 0 | BJ32: =AR32+AL32-V32 -> 0 | BK32: =AS32+AM32-W32 -> 0
A33: 挂机 | B33: AAABTC00H | C33: KFR-35GW/01KBB81U1套机 | D33: K系列 | E33: KFR-35W/01B81室外机总成 | F33: 1P(20款) | G33: φ7（21.65） | H33: φ5 | K33: 0 | L33: 0 | M33: 0 | N33: 0 | O33: 0 | P33: 0 | X33: 0 | Y33: 0 | Z33: =X33-Y33+AC33 -> 0 | AB33: 0 | AC33: 0 | AD33: =AB33-Y33+AA33+AC33 -> 0 | AT33: =SUM(AE33:AR33) -> 0 | AU33: =AD33-AT33 -> 0 | AW33: =AE33+Y33-I33 -> 0 | AX33: =AW33+AF33-J33 -> 0 | AY33: =AX33+AG33-K33 -> 0 | AZ33: =AY33+AH33-L33 -> 0 | BA33: =AZ33+AI33-M33 -> 0 | BB33: =BA33+AJ33-N33 -> 0 | BC33: =BB33+AK33-O33 -> 0 | BD33: =BC33+AL33-P33 -> 0 | BE33: =BD33+AM33-Q33 -> 0 | ... BG33: =BF33+AO33-S33 -> 0 | BH33: =AP33+AJ33-T33 -> 0 | BI33: =AQ33+AK33-U33 -> 0 | BJ33: =AR33+AL33-V33 -> 0 | BK33: =AS33+AM33-W33 -> 0
A34: 挂机 | B34: AAABTA00E | C34: KFR-35GW/02KBB83U1套机 | D34: K系列 | E34: KFR-35W/0283室外机总成 | F34: 1P(20款) | G34: φ7（21.65） | H34: φ5 | K34: 0 | L34: 0 | M34: 0 | N34: 0 | O34: 0 | P34: 0 | X34: 0 | Y34: 0 | Z34: =X34-Y34+AC34 -> 0 | AB34: 0 | AC34: 0 | AD34: =AB34-Y34+AA34+AC34 -> 0 | AT34: =SUM(AE34:AR34) -> 0 | AU34: =AD34-AT34 -> 0 | AW34: =AE34+Y34-I34 -> 0 | AX34: =AW34+AF34-J34 -> 0 | AY34: =AX34+AG34-K34 -> 0 | AZ34: =AY34+AH34-L34 -> 0 | BA34: =AZ34+AI34-M34 -> 0 | BB34: =BA34+AJ34-N34 -> 0 | BC34: =BB34+AK34-O34 -> 0 | BD34: =BC34+AL34-P34 -> 0 | BE34: =BD34+AM34-Q34 -> 0 | ... BG34: =BF34+AO34-S34 -> 0 | BH34: =AP34+AJ34-T34 -> 0 | BI34: =AQ34+AK34-U34 -> 0 | BJ34: =AR34+AL34-V34 -> 0 | BK34: =AS34+AM34-W34 -> 0
A35: 挂机 | B35: AAABTY00J | C35: KFR-35GW/B1KPB81U1套机 | D35: K系列 | E35: KFR-35W/B181室外机总成 | F35: 1P(20款) | G35: φ7（21.65） | H35: φ5 | K35: 0 | L35: 0 | M35: 0 | N35: 0 | O35: 0 | P35: 0 | X35: 8 | Y35: 0 | Z35: =X35-Y35+AC35 -> 8 | AB35: 0 | AC35: 0 | AD35: =AB35-Y35+AA35+AC35 -> 0 | AT35: =SUM(AE35:AR35) -> 0 | AU35: =AD35-AT35 -> 0 | AW35: =AE35+Y35-I35 -> 0 | AX35: =AW35+AF35-J35 -> 0 | AY35: =AX35+AG35-K35 -> 0 | AZ35: =AY35+AH35-L35 -> 0 | BA35: =AZ35+AI35-M35 -> 0 | BB35: =BA35+AJ35-N35 -> 0 | BC35: =BB35+AK35-O35 -> 0 | BD35: =BC35+AL35-P35 -> 0 | BE35: =BD35+AM35-Q35 -> 0 | ... BG35: =BF35+AO35-S35 -> 0 | BH35: =AP35+AJ35-T35 -> 0 | BI35: =AQ35+AK35-U35 -> 0 | BJ35: =AR35+AL35-V35 -> 0 | BK35: =AS35+AM35-W35 -> 0
A36: 挂机 | B36: AAABTU00M | C36: KFR-26GW/B1KPB81U1套机 | D36: K系列 | E36: KFR-26W/B181室外机总成 | F36: 1P(20款) | G36: φ7（21.65） | H36: φ5 | K36: 0 | L36: 0 | M36: 0 | N36: 0 | O36: 0 | P36: 0 | X36: 0 | Y36: 0 | Z36: =X36-Y36+AC36 -> 0 | AB36: 0 | AC36: 0 | AD36: =AB36-Y36+AA36+AC36 -> 0 | AT36: =SUM(AE36:AR36) -> 0 | AU36: =AD36-AT36 -> 0 | AW36: =AE36+Y36-I36 -> 0 | AX36: =AW36+AF36-J36 -> 0 | AY36: =AX36+AG36-K36 -> 0 | AZ36: =AY36+AH36-L36 -> 0 | BA36: =AZ36+AI36-M36 -> 0 | BB36: =BA36+AJ36-N36 -> 0 | BC36: =BB36+AK36-O36 -> 0 | BD36: =BC36+AL36-P36 -> 0 | BE36: =BD36+AM36-Q36 -> 0 | ... BG36: =BF36+AO36-S36 -> 0 | BH36: =AP36+AJ36-T36 -> 0 | BI36: =AQ36+AK36-U36 -> 0 | BJ36: =AR36+AL36-V36 -> 0 | BK36: =AS36+AM36-W36 -> 0
A37: 挂机 | B37: AAABT800F | C37: KFR-35GW/12CAA81U1套机 | D37: K系列 | E37: KFR-35W/1281室外机总成 | F37: 1P(20款) | G37: φ7（18.186） | H37: φ5 | K37: 0 | L37: 0 | M37: 0 | N37: 0 | O37: 0 | P37: 0 | X37: 0 | Y37: 0 | Z37: =X37-Y37+AC37 -> 0 | AB37: 0 | AC37: 0 | AD37: =AB37-Y37+AA37+AC37 -> 0 | AT37: =SUM(AE37:AR37) -> 0 | AU37: =AD37-AT37 -> 0 | AW37: =AE37+Y37-I37 -> 0 | AX37: =AW37+AF37-J37 -> 0 | AY37: =AX37+AG37-K37 -> 0 | AZ37: =AY37+AH37-L37 -> 0 | BA37: =AZ37+AI37-M37 -> 0 | BB37: =BA37+AJ37-N37 -> 0 | BC37: =BB37+AK37-O37 -> 0 | BD37: =BC37+AL37-P37 -> 0 | BE37: =BD37+AM37-Q37 -> 0 | ... BG37: =BF37+AO37-S37 -> 0 | BH37: =AP37+AJ37-T37 -> 0 | BI37: =AQ37+AK37-U37 -> 0 | BJ37: =AR37+AL37-V37 -> 0 | BK37: =AS37+AM37-W37 -> 0
A38: 挂机 | B38: AAC7U1000 | C38: KFR-35GW/A2CAA81VU1套机 | D38: K系列 | E38: KFR-35W/A281室外机总成 | F38: 1P(20款) | G38: φ7（18.186） | H38: φ7 | K38: 0 | L38: 0 | M38: 0 | N38: 0 | O38: 0 | P38: 0 | X38: 0 | Y38: 0 | Z38: =X38-Y38+AC38 -> 0 | AB38: 0 | AC38: 0 | AD38: =AB38-Y38+AA38+AC38 -> 0 | AT38: =SUM(AE38:AR38) -> 0 | AU38: =AD38-AT38 -> 0 | AW38: =AE38+Y38-I38 -> 0 | AX38: =AW38+AF38-J38 -> 0 | AY38: =AX38+AG38-K38 -> 0 | AZ38: =AY38+AH38-L38 -> 0 | BA38: =AZ38+AI38-M38 -> 0 | BB38: =BA38+AJ38-N38 -> 0 | BC38: =BB38+AK38-O38 -> 0 | BD38: =BC38+AL38-P38 -> 0 | BE38: =BD38+AM38-Q38 -> 0 | ... BG38: =BF38+AO38-S38 -> 0 | BH38: =AP38+AJ38-T38 -> 0 | BI38: =AQ38+AK38-U38 -> 0 | BJ38: =AR38+AL38-V38 -> 0 | BK38: =AS38+AM38-W38 -> 0
A39: 挂机 | B39: AAABT500F | C39: KFR-35GW/16CAB81U1套机 | D39: K系列 | E39: KFR-35W/1681室外机总成 | F39: 1P(20款) | G39: φ7（21.65） | H39: φ7 | K39: 0 | L39: 0 | M39: 0 | N39: 0 | O39: 0 | P39: 0 | X39: 0 | Y39: 0 | Z39: =X39-Y39+AC39 -> 0 | AB39: 0 | AC39: 0 | AD39: =AB39-Y39+AA39+AC39 -> 0 | AT39: =SUM(AE39:AR39) -> 0 | AU39: =AD39-AT39 -> 0 | AW39: =AE39+Y39-I39 -> 0 | AX39: =AW39+AF39-J39 -> 0 | AY39: =AX39+AG39-K39 -> 0 | AZ39: =AY39+AH39-L39 -> 0 | BA39: =AZ39+AI39-M39 -> 0 | BB39: =BA39+AJ39-N39 -> 0 | BC39: =BB39+AK39-O39 -> 0 | BD39: =BC39+AL39-P39 -> 0 | BE39: =BD39+AM39-Q39 -> 0 | ... BG39: =BF39+AO39-S39 -> 0 | BH39: =AP39+AJ39-T39 -> 0 | BI39: =AQ39+AK39-U39 -> 0 | BJ39: =AR39+AL39-V39 -> 0 | BK39: =AS39+AM39-W39 -> 0
A40: 挂机 | B40: AAABT300F | C40: KFR-26GW/16CAB81U1套机 | D40: K系列 | E40: KFR-26W/1681室外机总成 | F40: 1P(20款) | G40: φ7（21.65） | H40: φ5 | K40: 0 | L40: 0 | M40: 0 | N40: 0 | O40: 0 | P40: 0 | X40: 0 | Y40: 0 | Z40: =X40-Y40+AC40 -> 0 | AB40: 0 | AC40: 0 | AD40: =AB40-Y40+AA40+AC40 -> 0 | AT40: =SUM(AE40:AR40) -> 0 | AU40: =AD40-AT40 -> 0 | AW40: =AE40+Y40-I40 -> 0 | AX40: =AW40+AF40-J40 -> 0 | AY40: =AX40+AG40-K40 -> 0 | AZ40: =AY40+AH40-L40 -> 0 | BA40: =AZ40+AI40-M40 -> 0 | BB40: =BA40+AJ40-N40 -> 0 | BC40: =BB40+AK40-O40 -> 0 | BD40: =BC40+AL40-P40 -> 0 | BE40: =BD40+AM40-Q40 -> 0 | ... BG40: =BF40+AO40-S40 -> 0 | BH40: =AP40+AJ40-T40 -> 0 | BI40: =AQ40+AK40-U40 -> 0 | BJ40: =AR40+AL40-V40 -> 0 | BK40: =AS40+AM40-W40 -> 0
A41: 挂机 | B41: AACEJ0000 | C41: KFR-35GW/08KHA83U1套机 | D41: K系列 | E41: KFR-35W/0883室外机总成 | F41: 1P(20款) | G41: φ7（21.65） | H41: φ5 | K41: 0 | L41: 0 | M41: 0 | N41: 0 | O41: 0 | P41: 0 | X41: 0 | Y41: 0 | Z41: =X41-Y41+AC41 -> 0 | AB41: 0 | AC41: 0 | AD41: =AB41-Y41+AA41+AC41 -> 0 | AT41: =SUM(AE41:AR41) -> 0 | AU41: =AD41-AT41 -> 0 | AW41: =AE41+Y41-I41 -> 0 | AX41: =AW41+AF41-J41 -> 0 | AY41: =AX41+AG41-K41 -> 0 | AZ41: =AY41+AH41-L41 -> 0 | BA41: =AZ41+AI41-M41 -> 0 | BB41: =BA41+AJ41-N41 -> 0 | BC41: =BB41+AK41-O41 -> 0 | BD41: =BC41+AL41-P41 -> 0 | BE41: =BD41+AM41-Q41 -> 0 | ... BG41: =BF41+AO41-S41 -> 0 | BH41: =AP41+AJ41-T41 -> 0 | BI41: =AQ41+AK41-U41 -> 0 | BJ41: =AR41+AL41-V41 -> 0 | BK41: =AS41+AM41-W41 -> 0
A42: 挂机 | B42: AAC7HY000 | C42: KFR-35GW/B3KHA81U1套机 | D42: K系列 | E42: KFR-35W/B381室外机总成 | F42: 1P(20款) | G42: φ7（21.65） | H42: φ5 | K42: 0 | L42: 0 | M42: 0 | N42: 0 | O42: 0 | P42: 0 | X42: 0 | Y42: 0 | Z42: =X42-Y42+AC42 -> 0 | AB42: 0 | AC42: 0 | AD42: =AB42-Y42+AA42+AC42 -> 0 | AT42: =SUM(AE42:AR42) -> 0 | AU42: =AD42-AT42 -> 0 | AW42: =AE42+Y42-I42 -> 0 | AX42: =AW42+AF42-J42 -> 0 | AY42: =AX42+AG42-K42 -> 0 | AZ42: =AY42+AH42-L42 -> 0 | BA42: =AZ42+AI42-M42 -> 0 | BB42: =BA42+AJ42-N42 -> 0 | BC42: =BB42+AK42-O42 -> 0 | BD42: =BC42+AL42-P42 -> 0 | BE42: =BD42+AM42-Q42 -> 0 | ... BG42: =BF42+AO42-S42 -> 0 | BH42: =AP42+AJ42-T42 -> 0 | BI42: =AQ42+AK42-U42 -> 0 | BJ42: =AR42+AL42-V42 -> 0 | BK42: =AS42+AM42-W42 -> 0
A43: 挂机 | B43: AACEBX000 | C43: KFR-26GW/B3KHA81U1套机 | D43: K系列 | E43: KFR-26W/B381室外机总成 | F43: 1P(20款) | G43: φ7（21.65） | H43: φ5 | K43: 0 | L43: 0 | M43: 0 | N43: 0 | O43: 0 | P43: 0 | X43: 0 | Y43: 0 | Z43: =X43-Y43+AC43 -> 0 | AB43: 0 | AC43: 0 | AD43: =AB43-Y43+AA43+AC43 -> 0 | AT43: =SUM(AE43:AR43) -> 0 | AU43: =AD43-AT43 -> 0 | AW43: =AE43+Y43-I43 -> 0 | AX43: =AW43+AF43-J43 -> 0 | AY43: =AX43+AG43-K43 -> 0 | AZ43: =AY43+AH43-L43 -> 0 | BA43: =AZ43+AI43-M43 -> 0 | BB43: =BA43+AJ43-N43 -> 0 | BC43: =BB43+AK43-O43 -> 0 | BD43: =BC43+AL43-P43 -> 0 | BE43: =BD43+AM43-Q43 -> 0 | ... BG43: =BF43+AO43-S43 -> 0 | BH43: =AP43+AJ43-T43 -> 0 | BI43: =AQ43+AK43-U43 -> 0 | BJ43: =AR43+AL43-V43 -> 0 | BK43: =AS43+AM43-W43 -> 0
A44: 挂机 | B44: AAABT800K | C44: KFR-35GW/B1KJA81U1套机 | D44: K系列 | E44: KFR-35W/B181室外机总成 | F44: 1P(20款) | G44: φ7（21.65） | H44: φ5 | K44: 0 | L44: 0 | M44: 0 | N44: 0 | O44: 0 | P44: 0 | X44: 0 | Y44: 0 | Z44: =X44-Y44+AC44 -> 0 | AB44: 0 | AC44: 0 | AD44: =AB44-Y44+AA44+AC44 -> 0 | AT44: =SUM(AE44:AR44) -> 0 | AU44: =AD44-AT44 -> 0 | AW44: =AE44+Y44-I44 -> 0 | AX44: =AW44+AF44-J44 -> 0 | AY44: =AX44+AG44-K44 -> 0 | AZ44: =AY44+AH44-L44 -> 0 | BA44: =AZ44+AI44-M44 -> 0 | BB44: =BA44+AJ44-N44 -> 0 | BC44: =BB44+AK44-O44 -> 0 | BD44: =BC44+AL44-P44 -> 0 | BE44: =BD44+AM44-Q44 -> 0 | ... BG44: =BF44+AO44-S44 -> 0 | BH44: =AP44+AJ44-T44 -> 0 | BI44: =AQ44+AK44-U44 -> 0 | BJ44: =AR44+AL44-V44 -> 0 | BK44: =AS44+AM44-W44 -> 0
... A51: 挂机 | B51: AACJ0A000 | C51: KFR-35GW/T200-1套机 | D51: K系列 | E51: KFR-35W/C3-1 | F51: 1P(20款) | G51: φ7（21.65） | H51: φ5 | K51: 0 | L51: 0 | M51: 0 | N51: 0 | O51: 0 | P51: 0 | X51: 5500 | Y51: 0 | Z51: =X51-Y51+AC51 -> 5500 | AB51: 0 | AC51: 0 | AD51: =AB51-Y51+AA51+AC51 -> 0 | AT51: =SUM(AE51:AR51) -> 0 | AU51: =AD51-AT51 -> 0 | AW51: =AE51+Y51-I51 -> 0 | AX51: =AW51+AF51-J51 -> 0 | AY51: =AX51+AG51-K51 -> 0 | AZ51: =AY51+AH51-L51 -> 0 | BA51: =AZ51+AI51-M51 -> 0 | BB51: =BA51+AJ51-N51 -> 0 | BC51: =BB51+AK51-O51 -> 0 | BD51: =BC51+AL51-P51 -> 0 | BE51: =BD51+AM51-Q51 -> 0 | ... BG51: =BF51+AO51-S51 -> 0 | BH51: =AP51+AJ51-T51 -> 0 | BI51: =AQ51+AK51-U51 -> 0 | BJ51: =AR51+AL51-V51 -> 0 | BK51: =AS51+AM51-W51 -> 0
A52: 挂机 | B52: AAC7H0003 | C52: KFR-35GW/C200-1套机 | D52: K系列 | E52: KFR-35W/B381室外机总成 | F52: 1P(20款) | G52: φ7（21.65） | H52: φ5 | K52: 37 | L52: 2000 | M52: 100 | N52: 2630 | O52: 900 | P52: 500 | X52: 37 | Y52: 37 | Z52: =X52-Y52+AC52 -> 0 | AB52: 10067 | AC52: 0 | AD52: =AB52-Y52+AA52+AC52 -> 10030 | AH52: 2000 | AI52: 2000 | AJ52: 3500 | AL52: 2530 | AT52: =SUM(AE52:AS52) -> 10030 | AU52: =AD52-AT52 -> 0 | AW52: =AE52+Y52-I52 -> 37 | AX52: =AW52+AF52-J52 -> 37 | AY52: =AX52+AG52-K52 -> 0 | AZ52: =AY52+AH52-L52 -> 0 | BA52: =AZ52+AI52-M52 -> 1900 | BB52: =BA52+AJ52-N52 -> 2770 | BC52: =BB52+AK52-O52 -> 1870 | BD52: =BC52+AL52-P52 -> 3900 | BE52: =BD52+AM52-Q52 -> 3900 | ... BK52: =BJ52+AS52-W52 -> 3900
A53: 挂机 | B53: AACJ0R000 | C53: KFR-35GW/J200-1套机 | D53: K系列 | E53: KFR-35W/C3-1 | F53: 1P(20款) | G53: φ7（21.65） | H53: φ5 | K53: 0 | L53: 0 | M53: 0 | N53: 0 | O53: 50 | P53: 220 | X53: 0 | Y53: 0 | Z53: =X53-Y53+AC53 -> 560 | AB53: 440 | AC53: 560 | AD53: =AB53-Y53+AA53+AC53 -> 1000 | AL53: 1000 | AT53: =SUM(AE53:AR53) -> 1000 | AU53: =AD53-AT53 -> 0 | AW53: =AE53+Y53-I53 -> 0 | AX53: =AW53+AF53-J53 -> 0 | AY53: =AX53+AG53-K53 -> 0 | AZ53: =AY53+AH53-L53 -> 0 | BA53: =AZ53+AI53-M53 -> 0 | BB53: =BA53+AJ53-N53 -> 0 | BC53: =BB53+AK53-O53 -> -50 | BD53: =BC53+AL53-P53 -> 730 | BE53: =BD53+AM53-Q53 -> 730 | ... BG53: =BF53+AO53-S53 -> 730 | BH53: =AP53+AJ53-T53 -> 0 | BI53: =AQ53+AK53-U53 -> 0 | BJ53: =AR53+AL53-V53 -> 1000 | BK53: =AS53+AM53-W53 -> 0
A54: 挂机 | B54: AAC7H5000 | C54: KFR-35GW/B1KPA81U1(白)套机 | D54: K系列 | E54: KFR-35W/B181室外机总成 | F54: 1P(20款) | G54: φ7（21.65） | H54: φ5 | K54: 0 | L54: 0 | M54: 0 | N54: 0 | O54: 0 | P54: 0 | X54: 0 | Y54: 0 | Z54: =X54-Y54+AC54 -> 0 | AB54: 0 | AC54: 0 | AD54: =AB54-Y54+AA54+AC54 -> 0 | AT54: =SUM(AE54:AR54) -> 0 | AU54: =AD54-AT54 -> 0 | AW54: =AE54+Y54-I54 -> 0 | AX54: =AW54+AF54-J54 -> 0 | AY54: =AX54+AG54-K54 -> 0 | AZ54: =AY54+AH54-L54 -> 0 | BA54: =AZ54+AI54-M54 -> 0 | BB54: =BA54+AJ54-N54 -> 0 | BC54: =BB54+AK54-O54 -> 0 | BD54: =BC54+AL54-P54 -> 0 | BE54: =BD54+AM54-Q54 -> 0 | ... BG54: =BF54+AO54-S54 -> 0 | BH54: =AP54+AJ54-T54 -> 0 | BI54: =AQ54+AK54-U54 -> 0 | BJ54: =AR54+AL54-V54 -> 0 | BK54: =AS54+AM54-W54 -> 0
A55: 挂机 | B55: AACXH1000 | C55: KFR-35GW/Z500-1Pro套机 | D55: G25B | E55: KFR-35W/D2-1 | F55: 1P(20款) | G55: φ7（18.186） | H55: φ5 | K55: 0 | L55: 0 | M55: 0 | N55: 50 | O55: 100 | P55: 155 | X55: 41 | Y55: 41 | Z55: =X55-Y55+AC55 -> 500 | AB55: 865 | AC55: 500 | AD55: =AB55-Y55+AA55+AC55 -> 1324 | AL55: 1324 | AT55: =SUM(AE55:AS55) -> 1324 | AU55: =AD55-AT55 -> 0 | AW55: =AE55+Y55-I55 -> 41 | AX55: =AW55+AF55-J55 -> 41 | AY55: =AX55+AG55-K55 -> 41 | AZ55: =AY55+AH55-L55 -> 41 | BA55: =AZ55+AI55-M55 -> 41 | BB55: =BA55+AJ55-N55 -> -9 | BC55: =BB55+AK55-O55 -> -109 | BD55: =BC55+AL55-P55 -> 1060 | BE55: =BD55+AM55-Q55 -> 1060 | ... BK55: =BJ55+AS55-W55 -> 1060
A56: 挂机 | B56: AACXHV000 | C56: KFR-35GW/Z500-1套机 | D56: G25B | E56: KFR-35W/C1-1 | F56: 1P(20款) | G56: φ7（21.65） | H56: φ5 | K56: 0 | L56: 0 | M56: 0 | N56: 100 | O56: 6 | P56: 502 | X56: 0 | Y56: 0 | Z56: =X56-Y56+AC56 -> 1000 | AB56: 669 | AC56: 1000 | AD56: =AB56-Y56+AA56+AC56 -> 1669 | AL56: 1669 | AT56: =SUM(AE56:AS56) -> 1669 | AU56: =AD56-AT56 -> 0 | AW56: =AE56+Y56-I56 -> 0 | AX56: =AW56+AF56-J56 -> 0 | AY56: =AX56+AG56-K56 -> 0 | AZ56: =AY56+AH56-L56 -> 0 | BA56: =AZ56+AI56-M56 -> 0 | BB56: =BA56+AJ56-N56 -> -100 | BC56: =BB56+AK56-O56 -> -106 | BD56: =BC56+AL56-P56 -> 1061 | BE56: =BD56+AM56-Q56 -> 1061 | ... BK56: =BJ56+AS56-W56 -> 1061
A57: 挂机 | B57: AACXHQ000 | C57: KFR-35GW/J500-1套机 | D57: G25B | E57: KFR-35W/C1-1 | F57: 1P(20款) | G57: φ7（21.65） | H57: φ5 | K57: 0 | L57: 0 | M57: 0 | N57: 0 | O57: 0 | P57: 0 | X57: 0 | Y57: 0 | Z57: =X57-Y57+AC57 -> 0 | AB57: 0 | AC57: 0 | AD57: =AB57-Y57+AA57+AC57 -> 0 | AT57: =SUM(AE57:AR57) -> 0 | AU57: =AD57-AT57 -> 0 | AW57: =AE57+Y57-I57 -> 0 | AX57: =AW57+AF57-J57 -> 0 | AY57: =AX57+AG57-K57 -> 0 | AZ57: =AY57+AH57-L57 -> 0 | BA57: =AZ57+AI57-M57 -> 0 | BB57: =BA57+AJ57-N57 -> 0 | BC57: =BB57+AK57-O57 -> 0 | BD57: =BC57+AL57-P57 -> 0 | BE57: =BD57+AM57-Q57 -> 0 | ... BG57: =BF57+AO57-S57 -> 0 | BH57: =AP57+AJ57-T57 -> 0 | BI57: =AQ57+AK57-U57 -> 0 | BJ57: =AR57+AL57-V57 -> 0 | BK57: =AS57+AM57-W57 -> 0
A58: 挂机 | B58: AACXHP000 | C58: KFR-35GW/J500-1Pro套机 | D58: G25B | E58: KFR-35W/D2-1 | F58: 1P(20款) | G58: φ7（18.186） | H58: φ5 | K58: 0 | L58: 0 | M58: 0 | N58: 0 | O58: 0 | P58: 0 | X58: 0 | Y58: 0 | Z58: =X58-Y58+AC58 -> 0 | AB58: 0 | AC58: 0 | AD58: =AB58-Y58+AA58+AC58 -> 0 | AT58: =SUM(AE58:AR58) -> 0 | AU58: =AD58-AT58 -> 0 | AW58: =AE58+Y58-I58 -> 0 | AX58: =AW58+AF58-J58 -> 0 | AY58: =AX58+AG58-K58 -> 0 | AZ58: =AY58+AH58-L58 -> 0 | BA58: =AZ58+AI58-M58 -> 0 | BB58: =BA58+AJ58-N58 -> 0 | BC58: =BB58+AK58-O58 -> 0 | BD58: =BC58+AL58-P58 -> 0 | BE58: =BD58+AM58-Q58 -> 0 | ... BG58: =BF58+AO58-S58 -> 0 | BH58: =AP58+AJ58-T58 -> 0 | BI58: =AQ58+AK58-U58 -> 0 | BJ58: =AR58+AL58-V58 -> 0 | BK58: =AS58+AM58-W58 -> 0
A59: 挂机 | B59: AADBA0000 | C59: KFR-35GW/Z200-1套机 | D59: G25B | E59: KFR-35W/C7-1 | F59: 1P(20款) | G59: φ7（21.65） | H59: φ5 | K59: 0 | L59: 0 | M59: 1075 | N59: 0 | O59: 700 | P59: 0 | X59: 176 | Y59: 176 | Z59: =X59-Y59+AC59 -> 0 | AB59: 1775 | AC59: 0 | AD59: =AB59-Y59+AA59+AC59 -> 1599 | AH59: 1599 | AT59: =SUM(AE59:AR59) -> 1599 | AU59: =AD59-AT59 -> 0 | AW59: =AE59+Y59-I59 -> 176 | AX59: =AW59+AF59-J59 -> 176 | AY59: =AX59+AG59-K59 -> 176 | AZ59: =AY59+AH59-L59 -> 1775 | BA59: =AZ59+AI59-M59 -> 700 | BB59: =BA59+AJ59-N59 -> 700 | BC59: =BB59+AK59-O59 -> 0 | BD59: =BC59+AL59-P59 -> 0 | BE59: =BD59+AM59-Q59 -> 0 | ... BG59: =BF59+AO59-S59 -> 0 | BH59: =AP59+AJ59-T59 -> 0 | BI59: =AQ59+AK59-U59 -> 0 | BJ59: =AR59+AL59-V59 -> 0 | BK59: =AS59+AM59-W59 -> 0
A60: 挂机 | B60: AADBA7000 | C60: KFR-35GW/J300-1套机 | D60: G25B | E60: KFR-35W/C7-1 | F60: 1P(20款) | K60: 0 | L60: 0 | M60: 0 | N60: 0 | O60: 0 | P60: 0 | X60: 10980 | Y60: 0 | Z60: =X60-Y60+AC60 -> 10980 | AB60: 0 | AC60: 0 | AD60: =AB60-Y60+AA60+AC60 -> 0 | AT60: =SUM(AE60:AR60) -> 0 | AU60: =AD60-AT60 -> 0 | AW60: =AE60+Y60-I60 -> 0 | AX60: =AW60+AF60-J60 -> 0 | AY60: =AX60+AG60-K60 -> 0 | AZ60: =AY60+AH60-L60 -> 0 | BA60: =AZ60+AI60-M60 -> 0 | BB60: =BA60+AJ60-N60 -> 0 | BC60: =BB60+AK60-O60 -> 0 | BD60: =BC60+AL60-P60 -> 0 | BE60: =BD60+AM60-Q60 -> 0 | ... BG60: =BF60+AO60-S60 -> 0 | BH60: =AP60+AJ60-T60 -> 0 | BI60: =AQ60+AK60-U60 -> 0 | BJ60: =AR60+AL60-V60 -> 0 | BK60: =AS60+AM60-W60 -> 0
A61: 挂机 | B61: AADBAU000 | C61: KFR-35GW/Z300-1套机 | D61: G25B | E61: KFR-35W/B2-1 | F61: 1P(20款) | K61: 0 | L61: 155 | M61: 20 | N61: 0 | O61: 1975 | P61: 1810 | X61: 9411 | Y61: 4360 | Z61: =X61-Y61+AC61 -> 5051 | AB61: 4360 | AC61: 0 | AD61: =AB61-Y61+AA61+AC61 -> 0 | AT61: =SUM(AE61:AS61) -> 0 | AU61: =AD61-AT61 -> 0 | AW61: =AE61+Y61-I61 -> 4360 | AX61: =AW61+AF61-J61 -> 4360 | AY61: =AX61+AG61-K61 -> 4360 | AZ61: =AY61+AH61-L61 -> 4205 | BA61: =AZ61+AI61-M61 -> 4185 | BB61: =BA61+AJ61-N61 -> 4185 | BC61: =BB61+AK61-O61 -> 2210 | BD61: =BC61+AL61-P61 -> 400 | BE61: =BD61+AM61-Q61 -> 400 | ... BK61: =BJ61+AS61-W61 -> 400
C62: KFR-35G/Z300-1 | K62: 0 | L62: 0 | M62: 0 | N62: 0 | O62: 0 | P62: 0 | X62: 0 | Y62: 0 | Z62: =X62-Y62+AC62 -> 0 | AA62: 200 | AB62: 0 | AC62: 0 | AD62: =AB62-Y62+AA62+AC62 -> 200 | AG62: 200 | AT62: =SUM(AE62:AS62) -> 200 | AU62: =AD62-AT62 -> 0 | AW62: =AE62+Y62-I62 -> 0 | AX62: =AW62+AF62-J62 -> 0 | AY62: =AX62+AG62-K62 -> 200 | AZ62: =AY62+AH62-L62 -> 200 | BA62: =AZ62+AI62-M62 -> 200 | BB62: =BA62+AJ62-N62 -> 200 | BC62: =BB62+AK62-O62 -> 200 | BD62: =BC62+AL62-P62 -> 200
A63: 挂机 | B63: AADBAV000 | C63: KFR-35GW/Z301-1套机 | D63: G25B | E63: KFR-35W/B2-1 | F63: 1P(20款) | K63: 0 | L63: 40 | M63: 941 | N63: 915 | O63: 300 | P63: 1520 | X63: 1841 | Y63: 1841 | Z63: =X63-Y63+AC63 -> 4689 | AB63: 5206 | AC63: 4689 | AD63: =AB63-Y63+AA63+AC63 -> 8054 | AG63: 1000 | AH63: 1400 | AI63: 2500 | AJ63: 3154 | AT63: =SUM(AE63:AS63) -> 8054 | AU63: =AD63-AT63 -> 0 | AW63: =AE63+Y63-I63 -> 1841 | AX63: =AW63+AF63-J63 -> 1841 | AY63: =AX63+AG63-K63 -> 2841 | AZ63: =AY63+AH63-L63 -> 4201 | BA63: =AZ63+AI63-M63 -> 5760 | BB63: =BA63+AJ63-N63 -> 7999 | BC63: =BB63+AK63-O63 -> 7699 | BD63: =BC63+AL63-P63 -> 6179 | BE63: =BD63+AM63-Q63 -> 6179 | ... BK63: =BJ63+AS63-W63 -> 6179
A64: 挂机 | B64: AACZU7000 | C64: KFR-35GW/E1-1套机 | D64: G35B | E64: KFR-35W/C2-1 | F64: 1P(20款) | G64: φ7（21.65） | H64: φ5 | K64: 0 | L64: 0 | M64: 0 | N64: 230 | O64: 200 | P64: 211 | X64: 500 | Y64: 500 | Z64: =X64-Y64+AC64 -> 2309 | AB64: 2691 | AC64: 2309 | AD64: =AB64-Y64+AA64+AC64 -> 4500 | AG64: 3000 | AH64: 1500 | AT64: =SUM(AE64:AS64) -> 4500 | AU64: =AD64-AT64 -> 0 | AW64: =AE64+Y64-I64 -> 500 | AX64: =AW64+AF64-J64 -> 500 | AY64: =AX64+AG64-K64 -> 3500 | AZ64: =AY64+AH64-L64 -> 5000 | BA64: =AZ64+AI64-M64 -> 5000 | BB64: =BA64+AJ64-N64 -> 4770 | BC64: =BB64+AK64-O64 -> 4570 | BD64: =BC64+AL64-P64 -> 4359 | BE64: =BD64+AM64-Q64 -> 4359 | ... BK64: =BJ64+AS64-W64 -> 4359
A65: 挂机 | B65: AACZT1000 | C65: KFR-26GW/E1-1套机 | D65: G35B | E65: KFR-26W/C2-1 | F65: 1P(20款) | G65: φ7（21.65） | H65: φ5 | K65: 0 | L65: 0 | M65: 0 | N65: 0 | O65: 0 | P65: 34 | X65: 36 | Y65: 34 | Z65: =X65-Y65+AC65 -> 2 | AB65: 34 | AC65: 0 | AD65: =AB65-Y65+AA65+AC65 -> 0 | AT65: =SUM(AE65:AS65) -> 0 | AU65: =AD65-AT65 -> 0 | AW65: =AE65+Y65-I65 -> 34 | AX65: =AW65+AF65-J65 -> 34 | AY65: =AX65+AG65-K65 -> 34 | AZ65: =AY65+AH65-L65 -> 34 | BA65: =AZ65+AI65-M65 -> 34 | BB65: =BA65+AJ65-N65 -> 34 | BC65: =BB65+AK65-O65 -> 34 | BD65: =BC65+AL65-P65 -> 0 | BE65: =BD65+AM65-Q65 -> 0 | ... BK65: =BJ65+AS65-W65 -> 0
A66: 挂机 | B66: AACZU2000 | C66: KFR-35GW/P2-1套机 | D66: G35B | E66: KFR-35W/C2-1 | F66: 1P(20款) | G66: φ7（21.65） | H66: φ5 | K66: 0 | L66: 0 | M66: 0 | N66: 0 | O66: 0 | P66: 0 | X66: 0 | Y66: 0 | Z66: =X66-Y66+AC66 -> 0 | AB66: 0 | AC66: 0 | AD66: =AB66-Y66+AA66+AC66 -> 0 | AT66: =SUM(AE66:AR66) -> 0 | AU66: =AD66-AT66 -> 0 | AW66: =AE66+Y66-I66 -> 0 | AX66: =AW66+AF66-J66 -> 0 | AY66: =AX66+AG66-K66 -> 0 | AZ66: =AY66+AH66-L66 -> 0 | BA66: =AZ66+AI66-M66 -> 0 | BB66: =BA66+AJ66-N66 -> 0 | BC66: =BB66+AK66-O66 -> 0 | BD66: =BC66+AL66-P66 -> 0 | BE66: =BD66+AM66-Q66 -> 0 | ... BG66: =BF66+AO66-S66 -> 0 | BH66: =AP66+AJ66-T66 -> 0 | BI66: =AQ66+AK66-U66 -> 0 | BJ66: =AR66+AL66-V66 -> 0 | BK66: =AS66+AM66-W66 -> 0
A67: 挂机 | B67: AACZU1000 | C67: KFR-35GW/E1-1Plus套机 | D67: G35B | E67: KFR-35W/A3-1 | F67: 1P(20款) | G67: φ7（21.65） | H67: φ7 | K67: 19 | L67: 0 | M67: 0 | N67: 0 | O67: 58 | P67: 79 | X67: 4453 | Y67: 664 | Z67: =X67-Y67+AC67 -> 3789 | AB67: 664 | AC67: 0 | AD67: =AB67-Y67+AA67+AC67 -> 0 | AT67: =SUM(AE67:AS67) -> 0 | AU67: =AD67-AT67 -> 0 | AW67: =AE67+Y67-I67 -> 664 | AX67: =AW67+AF67-J67 -> 664 | AY67: =AX67+AG67-K67 -> 645 | AZ67: =AY67+AH67-L67 -> 645 | BA67: =AZ67+AI67-M67 -> 645 | BB67: =BA67+AJ67-N67 -> 645 | BC67: =BB67+AK67-O67 -> 587 | BD67: =BC67+AL67-P67 -> 508 | BE67: =BD67+AM67-Q67 -> 508 | ... BK67: =BJ67+AS67-W67 -> 508
A68: 挂机 | B68: AACQP7000 | C68: KFR-48GW/E1-1套机 | D68: G35B | E68: KFR-48W/A1-1 | F68: 1.5P(20款) | G68: φ7（21.65） | H68: φ7 | K68: 0 | L68: 0 | M68: 0 | N68: 20 | O68: 590 | P68: 565 | X68: 808 | Y68: 808 | Z68: =X68-Y68+AC68 -> 1000 | AB68: 2175 | AC68: 1000 | AD68: =AB68-Y68+AA68+AC68 -> 2367 | AI68: 2367 | AT68: =SUM(AE68:AS68) -> 2367 | AU68: =AD68-AT68 -> 0 | AW68: =AE68+Y68-I68 -> 808 | AX68: =AW68+AF68-J68 -> 808 | AY68: =AX68+AG68-K68 -> 808 | AZ68: =AY68+AH68-L68 -> 808 | BA68: =AZ68+AI68-M68 -> 3175 | BB68: =BA68+AJ68-N68 -> 3155 | BC68: =BB68+AK68-O68 -> 2565 | BD68: =BC68+AL68-P68 -> 2000 | BE68: =BD68+AM68-Q68 -> 2000 | ... BK68: =BJ68+AS68-W68 -> 2000
A69: 挂机 | B69: AADC70000 | C69: KFR-46GW/LTA1-1套机 | D69: G25E | K69: 0 | L69: 0 | M69: 0 | N69: 0 | O69: 0 | P69: 0 | X69: 20 | Y69: 0 | Z69: =X69-Y69+AC69 -> 20 | AB69: 0 | AC69: 0 | AD69: =AB69-Y69+AA69+AC69 -> 0 | AT69: =SUM(AE69:AS69) -> 0 | AU69: =AD69-AT69 -> 0 | AW69: =AE69+Y69-I69 -> 0 | AX69: =AW69+AF69-J69 -> 0 | AY69: =AX69+AG69-K69 -> 0 | AZ69: =AY69+AH69-L69 -> 0 | BA69: =AZ69+AI69-M69 -> 0 | BB69: =BA69+AJ69-N69 -> 0 | BC69: =BB69+AK69-O69 -> 0 | BD69: =BC69+AL69-P69 -> 0 | BE69: =BD69+AM69-Q69 -> 0 | ... BK69: =BJ69+AS69-W69 -> 0
A70: 挂机 | B70: AAD4J0Q00 | C70: KFR-35GW/G100-1套机 | D70: G25C | E70: KFR-35W/Y1-1 | F70: 1P(20款) | G70: φ7（21.65） | H70: φ5 | K70: 0 | L70: 0 | M70: 0 | N70: 0 | O70: 0 | P70: 0 | X70: 2648 | Y70: 2648 | Z70: =X70-Y70+AC70 -> 2462 | AB70: 3186 | AC70: 2462 | AD70: =AB70-Y70+AA70+AC70 -> 3000 | AJ70: 1600 | AL70: 1400 | AT70: =SUM(AE70:AR70) -> 3000 | AU70: =AD70-AT70 -> 0 | AW70: =AE70+Y70-I70 -> 2648 | AX70: =AW70+AF70-J70 -> 2648 | AY70: =AX70+AG70-K70 -> 2648 | AZ70: =AY70+AH70-L70 -> 2648 | BA70: =AZ70+AI70-M70 -> 2648 | BB70: =BA70+AJ70-N70 -> 4248 | BC70: =BB70+AK70-O70 -> 4248 | BD70: =BC70+AL70-P70 -> 5648 | BE70: =BD70+AM70-Q70 -> 5648 | ... BG70: =BF70+AO70-S70 -> 5648 | BH70: =AP70+AJ70-T70 -> 1600 | BI70: =AQ70+AK70-U70 -> 0 | BJ70: =AR70+AL70-V70 -> 1400 | BK70: =AS70+AM70-W70 -> 0
A71: 挂机 | B71: AAD4J5000 | C71: KFR-35GW/LTB1-1套机 | D71: G25E | K71: 0 | L71: 0 | M71: 0 | N71: 0 | O71: 0 | P71: 0 | X71: 20 | Y71: 0 | Z71: =X71-Y71+AC71 -> 40 | AB71: 0 | AC71: 20 | AD71: =AB71-Y71+AA71+AC71 -> 20 | AF71: 20 | AT71: =SUM(AE71:AS71) -> 20 | AU71: =AD71-AT71 -> 0 | AW71: =AE71+Y71-I71 -> 0 | AX71: =AW71+AF71-J71 -> 20 | AY71: =AX71+AG71-K71 -> 20 | AZ71: =AY71+AH71-L71 -> 20 | BA71: =AZ71+AI71-M71 -> 20 | BB71: =BA71+AJ71-N71 -> 20 | BC71: =BB71+AK71-O71 -> 20 | BD71: =BC71+AL71-P71 -> 20 | BE71: =BD71+AM71-Q71 -> 20 | ... BK71: =BJ71+AS71-W71 -> 20
A72: 挂机 | B72: AACEU3000 | C72: CAS3523FCA(81)VU1套机 | D72: 卡萨帝星悦 | E72: CAS3523(81)室外机总成 | F72: 1P(20款) | G72: φ7（18.186） | H72: φ7 | K72: 0 | L72: 0 | M72: 0 | N72: 0 | O72: 10 | P72: 15 | X72: 396 | Y72: 25 | Z72: =X72-Y72+AC72 -> 371 | AB72: 25 | AC72: 0 | AD72: =AB72-Y72+AA72+AC72 -> 0 | AT72: =SUM(AE72:AR72) -> 0 | AU72: =AD72-AT72 -> 0 | AW72: =AE72+Y72-I72 -> 25 | AX72: =AW72+AF72-J72 -> 25 | AY72: =AX72+AG72-K72 -> 25 | AZ72: =AY72+AH72-L72 -> 25 | BA72: =AZ72+AI72-M72 -> 25 | BB72: =BA72+AJ72-N72 -> 25 | BC72: =BB72+AK72-O72 -> 15 | BD72: =BC72+AL72-P72 -> 0 | BE72: =BD72+AM72-Q72 -> 0 | ... BG72: =BF72+AO72-S72 -> 0 | BH72: =AP72+AJ72-T72 -> 0 | BI72: =AQ72+AK72-U72 -> 0 | BJ72: =AR72+AL72-V72 -> 0 | BK72: =AS72+AM72-W72 -> 0
A73: 挂机 | B73: AACEU0000 | C73: CAS3523FCB(81)VU1套机 | D73: 卡萨帝星悦 | E73: CAS3523(81)室外机总成 | F73: 1P(20款) | G73: φ7（18.186） | H73: φ7 | K73: 0 | L73: 0 | M73: 0 | N73: 0 | O73: 0 | P73: 0 | X73: 2475 | Y73: 0 | Z73: =X73-Y73+AC73 -> 2475 | AB73: 0 | AC73: 0 | AD73: =AB73-Y73+AA73+AC73 -> 0 | AT73: =SUM(AE73:AS73) -> 0 | AU73: =AD73-AT73 -> 0 | AW73: =AE73+Y73-I73 -> 0 | AX73: =AW73+AF73-J73 -> 0 | AY73: =AX73+AG73-K73 -> 0 | AZ73: =AY73+AH73-L73 -> 0 | BA73: =AZ73+AI73-M73 -> 0 | BB73: =BA73+AJ73-N73 -> 0 | BC73: =BB73+AK73-O73 -> 0 | BD73: =BC73+AL73-P73 -> 0 | BE73: =BD73+AM73-Q73 -> 0 | ... BK73: =BJ73+AS73-W73 -> 0
A74: 挂机 | B74: AABMZ2000 | C74: CAS358GAB(81)U1套机 | D74: 卡萨帝银河 | E74: CAS358(81)室外机总成 | F74: 1P(20款) | G74: φ7（18.186） | H74: φ7 | K74: 0 | L74: 0 | M74: 0 | N74: 0 | O74: 0 | P74: 0 | X74: 0 | Y74: 0 | Z74: =X74-Y74+AC74 -> 0 | AB74: 0 | AC74: 0 | AD74: =AB74-Y74+AA74+AC74 -> 0 | AT74: =SUM(AE74:AR74) -> 0 | AU74: =AD74-AT74 -> 0 | AW74: =AE74+Y74-I74 -> 0 | AX74: =AW74+AF74-J74 -> 0 | AY74: =AX74+AG74-K74 -> 0 | AZ74: =AY74+AH74-L74 -> 0 | BA74: =AZ74+AI74-M74 -> 0 | BB74: =BA74+AJ74-N74 -> 0 | BC74: =BB74+AK74-O74 -> 0 | BD74: =BC74+AL74-P74 -> 0 | BE74: =BD74+AM74-Q74 -> 0 | ... BG74: =BF74+AO74-S74 -> 0 | BH74: =AP74+AJ74-T74 -> 0 | BI74: =AQ74+AK74-U74 -> 0 | BJ74: =AR74+AL74-V74 -> 0 | BK74: =AS74+AM74-W74 -> 0
A75: 挂机 | B75: AABMZR000 | C75: CAS358GEA(81)U1套机 | D75: 卡萨帝银河 | E75: CAS358(81)室外机总成 | F75: 1P(20款) | G75: φ7（18.186） | H75: φ7 | K75: 0 | L75: 0 | M75: 0 | N75: 0 | O75: 0 | P75: 0 | X75: 0 | Y75: 0 | Z75: =X75-Y75+AC75 -> 0 | AB75: 0 | AC75: 0 | AD75: =AB75-Y75+AA75+AC75 -> 0 | AT75: =SUM(AE75:AR75) -> 0 | AU75: =AD75-AT75 -> 0 | AW75: =AE75+Y75-I75 -> 0 | AX75: =AW75+AF75-J75 -> 0 | AY75: =AX75+AG75-K75 -> 0 | AZ75: =AY75+AH75-L75 -> 0 | BA75: =AZ75+AI75-M75 -> 0 | BB75: =BA75+AJ75-N75 -> 0 | BC75: =BB75+AK75-O75 -> 0 | BD75: =BC75+AL75-P75 -> 0 | BE75: =BD75+AM75-Q75 -> 0 | ... BG75: =BF75+AO75-S75 -> 0 | BH75: =AP75+AJ75-T75 -> 0 | BI75: =AQ75+AK75-U75 -> 0 | BJ75: =AR75+AL75-V75 -> 0 | BK75: =AS75+AM75-W75 -> 0
A76: 挂机 | B76: AABMZ6000 | C76: CAS358GCA(81)U1套机 | D76: 卡萨帝银河 | E76: CAS358(81)室外机总成 | F76: 1P(20款) | G76: φ7（18.186） | H76: φ7 | K76: 0 | L76: 0 | M76: 0 | N76: 0 | O76: 0 | P76: 0 | X76: 0 | Y76: 0 | Z76: =X76-Y76+AC76 -> 0 | AB76: 0 | AC76: 0 | AD76: =AB76-Y76+AA76+AC76 -> 0 | AT76: =SUM(AE76:AR76) -> 0 | AU76: =AD76-AT76 -> 0 | AW76: =AE76+Y76-I76 -> 0 | AX76: =AW76+AF76-J76 -> 0 | AY76: =AX76+AG76-K76 -> 0 | AZ76: =AY76+AH76-L76 -> 0 | BA76: =AZ76+AI76-M76 -> 0 | BB76: =BA76+AJ76-N76 -> 0 | BC76: =BB76+AK76-O76 -> 0 | BD76: =BC76+AL76-P76 -> 0 | BE76: =BD76+AM76-Q76 -> 0 | ... BG76: =BF76+AO76-S76 -> 0 | BH76: =AP76+AJ76-T76 -> 0 | BI76: =AQ76+AK76-U76 -> 0 | BJ76: =AR76+AL76-V76 -> 0 | BK76: =AS76+AM76-W76 -> 0
A77: 挂机 | B77: AABMZ5000 | C77: CAS268GCA(81)U1套机 | D77: 卡萨帝银河 | E77: CAS268(81)室外机总成 | F77: 1P(20款) | G77: φ7（21.65） | H77: φ7 | K77: 0 | L77: 0 | M77: 0 | N77: 0 | O77: 0 | P77: 0 | X77: 0 | Y77: 0 | Z77: =X77-Y77+AC77 -> 0 | AB77: 0 | AC77: 0 | AD77: =AB77-Y77+AA77+AC77 -> 0 | AT77: =SUM(AE77:AR77) -> 0 | AU77: =AD77-AT77 -> 0 | AW77: =AE77+Y77-I77 -> 0 | AX77: =AW77+AF77-J77 -> 0 | AY77: =AX77+AG77-K77 -> 0 | AZ77: =AY77+AH77-L77 -> 0 | BA77: =AZ77+AI77-M77 -> 0 | BB77: =BA77+AJ77-N77 -> 0 | BC77: =BB77+AK77-O77 -> 0 | BD77: =BC77+AL77-P77 -> 0 | BE77: =BD77+AM77-Q77 -> 0 | ... BG77: =BF77+AO77-S77 -> 0 | BH77: =AP77+AJ77-T77 -> 0 | BI77: =AQ77+AK77-U77 -> 0 | BJ77: =AR77+AL77-V77 -> 0 | BK77: =AS77+AM77-W77 -> 0
A78: 挂机 | B78: AACEXW000 | C78: CAS3521GDB(81)VU1套机 | D78: 卡萨帝银河 | E78: CAS3521(81)室外机总成 | F78: 1P(20款) | G78: φ7（18.186） | H78: φ7 | K78: 0 | L78: 0 | M78: 0 | N78: 0 | O78: 0 | P78: 0 | X78: 0 | Y78: 0 | Z78: =X78-Y78+AC78 -> 0 | AB78: 0 | AC78: 0 | AD78: =AB78-Y78+AA78+AC78 -> 0 | AT78: =SUM(AE78:AR78) -> 0 | AU78: =AD78-AT78 -> 0 | AW78: =AE78+Y78-I78 -> 0 | AX78: =AW78+AF78-J78 -> 0 | AY78: =AX78+AG78-K78 -> 0 | AZ78: =AY78+AH78-L78 -> 0 | BA78: =AZ78+AI78-M78 -> 0 | BB78: =BA78+AJ78-N78 -> 0 | BC78: =BB78+AK78-O78 -> 0 | BD78: =BC78+AL78-P78 -> 0 | BE78: =BD78+AM78-Q78 -> 0 | ... BG78: =BF78+AO78-S78 -> 0 | BH78: =AP78+AJ78-T78 -> 0 | BI78: =AQ78+AK78-U78 -> 0 | BJ78: =AR78+AL78-V78 -> 0 | BK78: =AS78+AM78-W78 -> 0
A79: 挂机 | B79: AACEVZ000 | C79: CAS2621GCD(81)U1套机 | D79: 卡萨帝银河 | E79: CAS2621(81)室外机总成 | F79: 1P(20款) | G79: φ7（21.65） | H79: φ7 | K79: 0 | L79: 0 | M79: 0 | N79: 0 | O79: 0 | P79: 0 | X79: 0 | Y79: 0 | Z79: =X79-Y79+AC79 -> 0 | AB79: 0 | AC79: 0 | AD79: =AB79-Y79+AA79+AC79 -> 0 | AT79: =SUM(AE79:AR79) -> 0 | AU79: =AD79-AT79 -> 0 | AW79: =AE79+Y79-I79 -> 0 | AX79: =AW79+AF79-J79 -> 0 | AY79: =AX79+AG79-K79 -> 0 | AZ79: =AY79+AH79-L79 -> 0 | BA79: =AZ79+AI79-M79 -> 0 | BB79: =BA79+AJ79-N79 -> 0 | BC79: =BB79+AK79-O79 -> 0 | BD79: =BC79+AL79-P79 -> 0 | BE79: =BD79+AM79-Q79 -> 0 | ... BG79: =BF79+AO79-S79 -> 0 | BH79: =AP79+AJ79-T79 -> 0 | BI79: =AQ79+AK79-U79 -> 0 | BJ79: =AR79+AL79-V79 -> 0 | BK79: =AS79+AM79-W79 -> 0
A80: 挂机 | B80: AACEX3001 | C80: CAS3521GCD(81)U1套机 | D80: 卡萨帝银河 | E80: CAS3521(81)室外机总成 | F80: 1P(20款) | G80: φ7（18.186） | H80: φ7 | K80: 47 | L80: 0 | M80: 0 | N80: 3 | O80: 99 | P80: 0 | X80: 147 | Y80: 147 | Z80: =X80-Y80+AC80 -> 198 | AB80: 149 | AC80: 198 | AD80: =AB80-Y80+AA80+AC80 -> 200 | AH80: 200 | AT80: =SUM(AE80:AS80) -> 200 | AU80: =AD80-AT80 -> 0 | AW80: =AE80+Y80-I80 -> 147 | AX80: =AW80+AF80-J80 -> 147 | AY80: =AX80+AG80-K80 -> 100 | AZ80: =AY80+AH80-L80 -> 300 | BA80: =AZ80+AI80-M80 -> 300 | BB80: =BA80+AJ80-N80 -> 297 | BC80: =BB80+AK80-O80 -> 198 | BD80: =BC80+AL80-P80 -> 198 | BE80: =BD80+AM80-Q80 -> 198 | ... BK80: =BJ80+AS80-W80 -> 198
A81: 挂机 | B81: AABMZ1001 | C81: CAS358GEB(81)U1套机 | D81: 卡萨帝银河 | E81: CAS358(81)室外机总成 | F81: 1P(20款) | G81: φ7（18.186） | H81: φ7 | K81: 0 | L81: 0 | M81: 0 | N81: 0 | O81: 0 | P81: 0 | X81: 0 | Y81: 0 | Z81: =X81-Y81+AC81 -> 0 | AB81: 0 | AC81: 0 | AD81: =AB81-Y81+AA81+AC81 -> 0 | AT81: =SUM(AE81:AR81) -> 0 | AU81: =AD81-AT81 -> 0 | AW81: =AE81+Y81-I81 -> 0 | AX81: =AW81+AF81-J81 -> 0 | AY81: =AX81+AG81-K81 -> 0 | AZ81: =AY81+AH81-L81 -> 0 | BA81: =AZ81+AI81-M81 -> 0 | BB81: =BA81+AJ81-N81 -> 0 | BC81: =BB81+AK81-O81 -> 0 | BD81: =BC81+AL81-P81 -> 0 | BE81: =BD81+AM81-Q81 -> 0 | ... BG81: =BF81+AO81-S81 -> 0 | BH81: =AP81+AJ81-T81 -> 0 | BI81: =AQ81+AK81-U81 -> 0 | BJ81: =AR81+AL81-V81 -> 0 | BK81: =AS81+AM81-W81 -> 0
A82: 挂机 | B82: AAABTF00N | C82: CAS358GFQ(81)U1套机 | D82: 卡萨帝银河 | E82: CAS358(81)室外机总成 | F82: 1P(20款) | G82: φ7（18.186） | H82: φ7 | K82: 0 | L82: 0 | M82: 0 | N82: 0 | O82: 0 | P82: 0 | X82: 0 | Y82: 0 | Z82: =X82-Y82+AC82 -> 0 | AB82: 0 | AC82: 0 | AD82: =AB82-Y82+AA82+AC82 -> 0 | AT82: =SUM(AE82:AR82) -> 0 | AU82: =AD82-AT82 -> 0 | AW82: =AE82+Y82-I82 -> 0 | AX82: =AW82+AF82-J82 -> 0 | AY82: =AX82+AG82-K82 -> 0 | AZ82: =AY82+AH82-L82 -> 0 | BA82: =AZ82+AI82-M82 -> 0 | BB82: =BA82+AJ82-N82 -> 0 | BC82: =BB82+AK82-O82 -> 0 | BD82: =BC82+AL82-P82 -> 0 | BE82: =BD82+AM82-Q82 -> 0 | ... BG82: =BF82+AO82-S82 -> 0 | BH82: =AP82+AJ82-T82 -> 0 | BI82: =AQ82+AK82-U82 -> 0 | BJ82: =AR82+AL82-V82 -> 0 | BK82: =AS82+AM82-W82 -> 0
A83: 挂机 | B83: AAD6L0000 | C83: CAS3530FCC(81)U1套机 | D83: 卡萨帝星悦 | E83: CAS3530(81)室外机总成 | F83: 1P(20款) | G83: φ7（18.186） | H83: φ7 | K83: 0 | L83: 0 | M83: 0 | N83: 0 | O83: 0 | P83: 0 | X83: 0 | Y83: 0 | Z83: =X83-Y83+AC83 -> 0 | AB83: 0 | AC83: 0 | AD83: =AB83-Y83+AA83+AC83 -> 0 | AT83: =SUM(AE83:AR83) -> 0 | AU83: =AD83-AT83 -> 0 | AW83: =AE83+Y83-I83 -> 0 | AX83: =AW83+AF83-J83 -> 0 | AY83: =AX83+AG83-K83 -> 0 | AZ83: =AY83+AH83-L83 -> 0 | BA83: =AZ83+AI83-M83 -> 0 | BB83: =BA83+AJ83-N83 -> 0 | BC83: =BB83+AK83-O83 -> 0 | BD83: =BC83+AL83-P83 -> 0 | BE83: =BD83+AM83-Q83 -> 0 | ... BG83: =BF83+AO83-S83 -> 0 | BH83: =AP83+AJ83-T83 -> 0 | BI83: =AQ83+AK83-U83 -> 0 | BJ83: =AR83+AL83-V83 -> 0 | BK83: =AS83+AM83-W83 -> 0
A84: 挂机 | B84: AAD750000 | C84: CAS3527D10(81)U1套机 | D84: 卡萨帝揽光 | E84: CAS3527(81)室外机总成 | F84: 1P(20款) | G84: φ7（18.186） | H84: φ5 | K84: 5 | L84: 0 | M84: 0 | N84: 0 | O84: 51 | P84: 32 | X84: 1516 | Y84: 153 | Z84: =X84-Y84+AC84 -> 1363 | AB84: 153 | AC84: 0 | AD84: =AB84-Y84+AA84+AC84 -> 0 | AT84: =SUM(AE84:AS84) -> 0 | AU84: =AD84-AT84 -> 0 | AW84: =AE84+Y84-I84 -> 153 | AX84: =AW84+AF84-J84 -> 153 | AY84: =AX84+AG84-K84 -> 148 | AZ84: =AY84+AH84-L84 -> 148 | BA84: =AZ84+AI84-M84 -> 148 | BB84: =BA84+AJ84-N84 -> 148 | BC84: =BB84+AK84-O84 -> 97 | BD84: =BC84+AL84-P84 -> 65 | BE84: =BD84+AM84-Q84 -> 65 | ... BK84: =BJ84+AS84-W84 -> 65
A85: 挂机 | B85: AAD751000 | C85: CAS3527D10-A(81)U1套机 | D85: 卡萨帝揽光 | E85: CAS3527(81)室外机总成 | F85: 1P(20款) | G85: φ7（18.186） | H85: φ5 | K85: 0 | L85: 0 | M85: 18 | N85: 0 | O85: 0 | P85: 316 | X85: 2964 | Y85: 334 | Z85: =X85-Y85+AC85 -> 2630 | AB85: 334 | AC85: 0 | AD85: =AB85-Y85+AA85+AC85 -> 0 | AT85: =SUM(AE85:AS85) -> 0 | AU85: =AD85-AT85 -> 0 | AW85: =AE85+Y85-I85 -> 334 | AX85: =AW85+AF85-J85 -> 334 | AY85: =AX85+AG85-K85 -> 334 | AZ85: =AY85+AH85-L85 -> 334 | BA85: =AZ85+AI85-M85 -> 316 | BB85: =BA85+AJ85-N85 -> 316 | BC85: =BB85+AK85-O85 -> 316 | BD85: =BC85+AL85-P85 -> 0 | BE85: =BD85+AM85-Q85 -> 0 | ... BK85: =BJ85+AS85-W85 -> 0
A86: 挂机 | B86: AAD75F000 | C86: CAS3527D20(81)U1套机 | D86: 卡萨帝揽光 | E86: CAS3527(81)室外机总成 | F86: 1P(20款) | G86: φ7（18.186） | H86: φ5 | K86: 0 | L86: 0 | M86: 12 | N86: 60 | O86: 115 | P86: 0 | X86: 1413 | Y86: 187 | Z86: =X86-Y86+AC86 -> 1226 | AB86: 187 | AC86: 0 | AD86: =AB86-Y86+AA86+AC86 -> 0 | AT86: =SUM(AE86:AS86) -> 0 | AU86: =AD86-AT86 -> 0 | AW86: =AE86+Y86-I86 -> 187 | AX86: =AW86+AF86-J86 -> 187 | AY86: =AX86+AG86-K86 -> 187 | AZ86: =AY86+AH86-L86 -> 187 | BA86: =AZ86+AI86-M86 -> 175 | BB86: =BA86+AJ86-N86 -> 115 | BC86: =BB86+AK86-O86 -> 0 | BD86: =BC86+AL86-P86 -> 0 | BE86: =BD86+AM86-Q86 -> 0 | ... BK86: =BJ86+AS86-W86 -> 0
A87: 柜机 | B87: AB91T8012 | C87: KFR-72LW/06RAC81U1套机 | D87: 帝樽四代 | E87: KFR-72W/0681室外机总成 | F87: 3P(19款) | G87: φ7（18.186） | H87: φ7 | K87: 20 | L87: 0 | M87: 0 | N87: 0 | O87: 0 | P87: 0 | X87: 889 | Y87: 20 | Z87: =X87-Y87+AC87 -> 869 | AB87: 20 | AC87: 0 | AD87: =AB87-Y87+AA87+AC87 -> 0 | AT87: =SUM(AE87:AR87) -> 0 | AU87: =AD87-AT87 -> 0 | AW87: =AE87+Y87-I87 -> 20 | AX87: =AW87+AF87-J87 -> 20 | AY87: =AX87+AG87-K87 -> 0 | AZ87: =AY87+AH87-L87 -> 0 | BA87: =AZ87+AI87-M87 -> 0 | BB87: =BA87+AJ87-N87 -> 0 | BC87: =BB87+AK87-O87 -> 0 | BD87: =BC87+AL87-P87 -> 0 | BE87: =BD87+AM87-Q87 -> 0 | ... BG87: =BF87+AO87-S87 -> 0 | BH87: =AP87+AJ87-T87 -> 0 | BI87: =AQ87+AK87-U87 -> 0 | BJ87: =AR87+AL87-V87 -> 0 | BK87: =AS87+AM87-W87 -> 0
A88: 柜机 | B88: AB929Y000 | C88: KFR-72LW/03PAA81U1套机 | D88: 帝樽五代 | E88: KFR-72W/0381室外机总成 | F88: 3P(20款) | G88: φ7（18.186） | H88: φ7 | K88: 0 | L88: 0 | M88: 0 | N88: 0 | O88: 0 | P88: 0 | X88: 0 | Y88: 0 | Z88: =X88-Y88+AC88 -> 0 | AB88: 0 | AC88: 0 | AD88: =AB88-Y88+AA88+AC88 -> 0 | AT88: =SUM(AE88:AR88) -> 0 | AU88: =AD88-AT88 -> 0 | AW88: =AE88+Y88-I88 -> 0 | AX88: =AW88+AF88-J88 -> 0 | AY88: =AX88+AG88-K88 -> 0 | AZ88: =AY88+AH88-L88 -> 0 | BA88: =AZ88+AI88-M88 -> 0 | BB88: =BA88+AJ88-N88 -> 0 | BC88: =BB88+AK88-O88 -> 0 | BD88: =BC88+AL88-P88 -> 0 | BE88: =BD88+AM88-Q88 -> 0 | ... BG88: =BF88+AO88-S88 -> 0 | BH88: =AP88+AJ88-T88 -> 0 | BI88: =AQ88+AK88-U88 -> 0 | BJ88: =AR88+AL88-V88 -> 0 | BK88: =AS88+AM88-W88 -> 0
A89: 柜机 | B89: AB9292001 | C89: KFR-50LW/03PAA81U1套机 | D89: 帝樽五代 | E89: KFR-50W/0381室外机总成 | F89: 1.5P(20款) | G89: φ7（21.65） | H89: φ5 | K89: 0 | L89: 0 | M89: 0 | N89: 0 | O89: 0 | P89: 0 | X89: 0 | Y89: 0 | Z89: =X89-Y89+AC89 -> 0 | AB89: 0 | AC89: 0 | AD89: =AB89-Y89+AA89+AC89 -> 0 | AT89: =SUM(AE89:AR89) -> 0 | AU89: =AD89-AT89 -> 0 | AW89: =AE89+Y89-I89 -> 0 | AX89: =AW89+AF89-J89 -> 0 | AY89: =AX89+AG89-K89 -> 0 | AZ89: =AY89+AH89-L89 -> 0 | BA89: =AZ89+AI89-M89 -> 0 | BB89: =BA89+AJ89-N89 -> 0 | BC89: =BB89+AK89-O89 -> 0 | BD89: =BC89+AL89-P89 -> 0 | BE89: =BD89+AM89-Q89 -> 0 | ... BG89: =BF89+AO89-S89 -> 0 | BH89: =AP89+AJ89-T89 -> 0 | BI89: =AQ89+AK89-U89 -> 0 | BJ89: =AR89+AL89-V89 -> 0 | BK89: =AS89+AM89-W89 -> 0
A90: 柜机 | B90: AB96KZ000 | C90: KFR-72LW/81@U1-Ub(金)套机 | D90: 帝樽五代 | E90: KFR-72W/A581室外机总成 | F90: 2P(20款) | G90: φ7（18.186） | H90: φ5 | K90: 0 | L90: 0 | M90: 0 | N90: 0 | O90: 0 | P90: 0 | X90: 0 | Y90: 0 | Z90: =X90-Y90+AC90 -> 0 | AB90: 0 | AC90: 0 | AD90: =AB90-Y90+AA90+AC90 -> 0 | AT90: =SUM(AE90:AR90) -> 0 | AU90: =AD90-AT90 -> 0 | AW90: =AE90+Y90-I90 -> 0 | AX90: =AW90+AF90-J90 -> 0 | AY90: =AX90+AG90-K90 -> 0 | AZ90: =AY90+AH90-L90 -> 0 | BA90: =AZ90+AI90-M90 -> 0 | BB90: =BA90+AJ90-N90 -> 0 | BC90: =BB90+AK90-O90 -> 0 | BD90: =BC90+AL90-P90 -> 0 | BE90: =BD90+AM90-Q90 -> 0 | ... BG90: =BF90+AO90-S90 -> 0 | BH90: =AP90+AJ90-T90 -> 0 | BI90: =AQ90+AK90-U90 -> 0 | BJ90: =AR90+AL90-V90 -> 0 | BK90: =AS90+AM90-W90 -> 0
A91: 柜机 | B91: AB91S3006 | C91: KFR-72LW/81@U1-Ht套机 | D91: 帝樽五代 | E91: KFR-72W/2881室外机总成 | F91: 2P(20款) | G91: φ7（18.186） | H91: φ5 | K91: 0 | L91: 0 | M91: 0 | N91: 0 | O91: 0 | P91: 0 | X91: 0 | Y91: 0 | Z91: =X91-Y91+AC91 -> 0 | AB91: 0 | AC91: 0 | AD91: =AB91-Y91+AA91+AC91 -> 0 | AT91: =SUM(AE91:AR91) -> 0 | AU91: =AD91-AT91 -> 0 | AW91: =AE91+Y91-I91 -> 0 | AX91: =AW91+AF91-J91 -> 0 | AY91: =AX91+AG91-K91 -> 0 | AZ91: =AY91+AH91-L91 -> 0 | BA91: =AZ91+AI91-M91 -> 0 | BB91: =BA91+AJ91-N91 -> 0 | BC91: =BB91+AK91-O91 -> 0 | BD91: =BC91+AL91-P91 -> 0 | BE91: =BD91+AM91-Q91 -> 0 | ... BG91: =BF91+AO91-S91 -> 0 | BH91: =AP91+AJ91-T91 -> 0 | BI91: =AQ91+AK91-U91 -> 0 | BJ91: =AR91+AL91-V91 -> 0 | BK91: =AS91+AM91-W91 -> 0
A92: 柜机 | B92: AB91S2006 | C92: KFR-72LW/81@U1-He套机 | D92: 帝樽五代 | E92: KFR-72W/2881室外机总成 | F92: 2P(20款) | G92: φ7（18.186） | H92: φ5 | K92: 0 | L92: 0 | M92: 0 | N92: 0 | O92: 0 | P92: 0 | X92: 0 | Y92: 0 | Z92: =X92-Y92+AC92 -> 0 | AB92: 0 | AC92: 0 | AD92: =AB92-Y92+AA92+AC92 -> 0 | AT92: =SUM(AE92:AR92) -> 0 | AU92: =AD92-AT92 -> 0 | AW92: =AE92+Y92-I92 -> 0 | AX92: =AW92+AF92-J92 -> 0 | AY92: =AX92+AG92-K92 -> 0 | AZ92: =AY92+AH92-L92 -> 0 | BA92: =AZ92+AI92-M92 -> 0 | BB92: =BA92+AJ92-N92 -> 0 | BC92: =BB92+AK92-O92 -> 0 | BD92: =BC92+AL92-P92 -> 0 | BE92: =BD92+AM92-Q92 -> 0 | ... BG92: =BF92+AO92-S92 -> 0 | BH92: =AP92+AJ92-T92 -> 0 | BI92: =AQ92+AK92-U92 -> 0 | BJ92: =AR92+AL92-V92 -> 0 | BK92: =AS92+AM92-W92 -> 0
A93: 柜机 | B93: AB91SZ004 | C93: KFR-72LW/81@U1-Hj套机 | D93: 帝樽五代 | E93: KFR-72W/2881室外机总成 | F93: 2P(20款) | G93: φ7（18.186） | H93: φ5 | K93: 0 | L93: 0 | M93: 0 | N93: 0 | O93: 0 | P93: 0 | X93: 0 | Y93: 0 | Z93: =X93-Y93+AC93 -> 0 | AB93: 0 | AC93: 0 | AD93: =AB93-Y93+AA93+AC93 -> 0 | AT93: =SUM(AE93:AR93) -> 0 | AU93: =AD93-AT93 -> 0 | AW93: =AE93+Y93-I93 -> 0 | AX93: =AW93+AF93-J93 -> 0 | AY93: =AX93+AG93-K93 -> 0 | AZ93: =AY93+AH93-L93 -> 0 | BA93: =AZ93+AI93-M93 -> 0 | BB93: =BA93+AJ93-N93 -> 0 | BC93: =BB93+AK93-O93 -> 0 | BD93: =BC93+AL93-P93 -> 0 | BE93: =BD93+AM93-Q93 -> 0 | ... BG93: =BF93+AO93-S93 -> 0 | BH93: =AP93+AJ93-T93 -> 0 | BI93: =AQ93+AK93-U93 -> 0 | BJ93: =AR93+AL93-V93 -> 0 | BK93: =AS93+AM93-W93 -> 0
A94: 柜机 | B94: AB91SJ004 | C94: KFR-72LW/28TAA81U1(浅砂金)套机 | D94: 帝樽五代 | E94: KFR-72W/2881室外机总成 | F94: 2P(20款) | G94: φ7（18.186） | H94: φ5 | K94: 0 | L94: 0 | M94: 0 | N94: 0 | O94: 0 | P94: 0 | X94: 0 | Y94: 0 | Z94: =X94-Y94+AC94 -> 0 | AB94: 0 | AC94: 0 | AD94: =AB94-Y94+AA94+AC94 -> 0 | AT94: =SUM(AE94:AR94) -> 0 | AU94: =AD94-AT94 -> 0 | AW94: =AE94+Y94-I94 -> 0 | AX94: =AW94+AF94-J94 -> 0 | AY94: =AX94+AG94-K94 -> 0 | AZ94: =AY94+AH94-L94 -> 0 | BA94: =AZ94+AI94-M94 -> 0 | BB94: =BA94+AJ94-N94 -> 0 | BC94: =BB94+AK94-O94 -> 0 | BD94: =BC94+AL94-P94 -> 0 | BE94: =BD94+AM94-Q94 -> 0 | ... BG94: =BF94+AO94-S94 -> 0 | BH94: =AP94+AJ94-T94 -> 0 | BI94: =AQ94+AK94-U94 -> 0 | BJ94: =AR94+AL94-V94 -> 0 | BK94: =AS94+AM94-W94 -> 0
A95: 柜机 | B95: AB92BK000 | C95: KFR-72LW/02WDB81TU1套机 | D95: 帝樽五代 | E95: KFR-72W/0281T室外机总成 | F95: 2P(20款) | G95: φ7（18.186） | H95: φ5 | K95: 0 | L95: 0 | M95: 0 | N95: 0 | O95: 0 | P95: 0 | X95: 0 | Y95: 0 | Z95: =X95-Y95+AC95 -> 0 | AB95: 0 | AC95: 0 | AD95: =AB95-Y95+AA95+AC95 -> 0 | AT95: =SUM(AE95:AR95) -> 0 | AU95: =AD95-AT95 -> 0 | AW95: =AE95+Y95-I95 -> 0 | AX95: =AW95+AF95-J95 -> 0 | AY95: =AX95+AG95-K95 -> 0 | AZ95: =AY95+AH95-L95 -> 0 | BA95: =AZ95+AI95-M95 -> 0 | BB95: =BA95+AJ95-N95 -> 0 | BC95: =BB95+AK95-O95 -> 0 | BD95: =BC95+AL95-P95 -> 0 | BE95: =BD95+AM95-Q95 -> 0 | ... BG95: =BF95+AO95-S95 -> 0 | BH95: =AP95+AJ95-T95 -> 0 | BI95: =AQ95+AK95-U95 -> 0 | BJ95: =AR95+AL95-V95 -> 0 | BK95: =AS95+AM95-W95 -> 0
A96: 柜机 | B96: AB9550000 | C96: KFR-50LW/02WDB81TU1套机 | D96: 帝樽五代 | E96: KFR-50W/0281T室外机总成 | F96: 1.5P(20款) | G96: φ7（21.65） | H96: φ5 | K96: 0 | L96: 0 | M96: 0 | N96: 0 | O96: 0 | P96: 0 | X96: 0 | Y96: 0 | Z96: =X96-Y96+AC96 -> 0 | AB96: 0 | AC96: 0 | AD96: =AB96-Y96+AA96+AC96 -> 0 | AT96: =SUM(AE96:AR96) -> 0 | AU96: =AD96-AT96 -> 0 | AW96: =AE96+Y96-I96 -> 0 | AX96: =AW96+AF96-J96 -> 0 | AY96: =AX96+AG96-K96 -> 0 | AZ96: =AY96+AH96-L96 -> 0 | BA96: =AZ96+AI96-M96 -> 0 | BB96: =BA96+AJ96-N96 -> 0 | BC96: =BB96+AK96-O96 -> 0 | BD96: =BC96+AL96-P96 -> 0 | BE96: =BD96+AM96-Q96 -> 0 | ... BG96: =BF96+AO96-S96 -> 0 | BH96: =AP96+AJ96-T96 -> 0 | BI96: =AQ96+AK96-U96 -> 0 | BJ96: =AR96+AL96-V96 -> 0 | BK96: =AS96+AM96-W96 -> 0
A97: 柜机 | B97: AB96KZ001 | C97: KFR-72LW/02JTA81TU1套机 | D97: 帝樽五代 | E97: KFR-72W/0281T室外机总成 | F97: 2P(20款) | G97: φ7（18.186） | H97: φ5 | K97: 0 | L97: 0 | M97: 0 | N97: 0 | O97: 0 | P97: 0 | X97: 0 | Y97: 0 | Z97: =X97-Y97+AC97 -> 0 | AB97: 0 | AC97: 0 | AD97: =AB97-Y97+AA97+AC97 -> 0 | AT97: =SUM(AE97:AR97) -> 0 | AU97: =AD97-AT97 -> 0 | AW97: =AE97+Y97-I97 -> 0 | AX97: =AW97+AF97-J97 -> 0 | AY97: =AX97+AG97-K97 -> 0 | AZ97: =AY97+AH97-L97 -> 0 | BA97: =AZ97+AI97-M97 -> 0 | BB97: =BA97+AJ97-N97 -> 0 | BC97: =BB97+AK97-O97 -> 0 | BD97: =BC97+AL97-P97 -> 0 | BE97: =BD97+AM97-Q97 -> 0 | ... BG97: =BF97+AO97-S97 -> 0 | BH97: =AP97+AJ97-T97 -> 0 | BI97: =AQ97+AK97-U97 -> 0 | BJ97: =AR97+AL97-V97 -> 0 | BK97: =AS97+AM97-W97 -> 0
A98: 柜机 | B98: AB92BA000 | C98: KFR-72LW/01FCC81XU1套机 | D98: 帝樽五代 | E98: KFR-72W/0181X室外机总成 | F98: 2P(20款) | G98: φ7（18.186） | H98: φ5 | K98: 0 | L98: 0 | M98: 0 | N98: 0 | O98: 0 | P98: 0 | X98: 0 | Y98: 0 | Z98: =X98-Y98+AC98 -> 0 | AB98: 0 | AC98: 0 | AD98: =AB98-Y98+AA98+AC98 -> 0 | AT98: =SUM(AE98:AR98) -> 0 | AU98: =AD98-AT98 -> 0 | AW98: =AE98+Y98-I98 -> 0 | AX98: =AW98+AF98-J98 -> 0 | AY98: =AX98+AG98-K98 -> 0 | AZ98: =AY98+AH98-L98 -> 0 | BA98: =AZ98+AI98-M98 -> 0 | BB98: =BA98+AJ98-N98 -> 0 | BC98: =BB98+AK98-O98 -> 0 | BD98: =BC98+AL98-P98 -> 0 | BE98: =BD98+AM98-Q98 -> 0 | ... BG98: =BF98+AO98-S98 -> 0 | BH98: =AP98+AJ98-T98 -> 0 | BI98: =AQ98+AK98-U98 -> 0 | BJ98: =AR98+AL98-V98 -> 0 | BK98: =AS98+AM98-W98 -> 0
A99: 柜机 | B99: AB92B9000 | C99: KFR-50LW/01FCC81XU1套机 | D99: 帝樽五代 | E99: KFR-50W/0181X室外机总成 | F99: 1.5P(20款) | G99: φ7（21.65） | H99: φ5 | K99: 0 | L99: 0 | M99: 0 | N99: 0 | O99: 0 | P99: 0 | X99: 0 | Y99: 0 | Z99: =X99-Y99+AC99 -> 0 | AB99: 0 | AC99: 0 | AD99: =AB99-Y99+AA99+AC99 -> 0 | AT99: =SUM(AE99:AR99) -> 0 | AU99: =AD99-AT99 -> 0 | AW99: =AE99+Y99-I99 -> 0 | AX99: =AW99+AF99-J99 -> 0 | AY99: =AX99+AG99-K99 -> 0 | AZ99: =AY99+AH99-L99 -> 0 | BA99: =AZ99+AI99-M99 -> 0 | BB99: =BA99+AJ99-N99 -> 0 | BC99: =BB99+AK99-O99 -> 0 | BD99: =BC99+AL99-P99 -> 0 | BE99: =BD99+AM99-Q99 -> 0 | ... BG99: =BF99+AO99-S99 -> 0 | BH99: =AP99+AJ99-T99 -> 0 | BI99: =AQ99+AK99-U99 -> 0 | BJ99: =AR99+AL99-V99 -> 0 | BK99: =AS99+AM99-W99 -> 0
A100: 柜机 | B100: AB929E003 | C100: KFR-72LW/28PCA81U1套机 | D100: 帝樽五代 | E100: KFR-72W/2881室外机总成 | F100: 2P(20款) | G100: φ7（18.186） | H100: φ5 | K100: 0 | L100: 0 | M100: 100 | N100: 400 | O100: 200 | P100: 0 | X100: 740 | Y100: 740 | Z100: =X100-Y100+AC100 -> 1660 | AB100: 1100 | AC100: 1660 | AD100: =AB100-Y100+AA100+AC100 -> 2020 | AF100: 800 | AG100: 1220 | AT100: =SUM(AE100:AS100) -> 2020 | AU100: =AD100-AT100 -> 0 | AW100: =AE100+Y100-I100 -> 740 | AX100: =AW100+AF100-J100 -> 1540 | AY100: =AX100+AG100-K100 -> 2760 | AZ100: =AY100+AH100-L100 -> 2760 | BA100: =AZ100+AI100-M100 -> 2660 | BB100: =BA100+AJ100-N100 -> 2260 | BC100: =BB100+AK100-O100 -> 2060 | BD100: =BC100+AL100-P100 -> 2060 | BE100: =BD100+AM100-Q100 -> 2060 | ... BK100: =BJ100+AS100-W100 -> 2060
A101: 柜机 | B101: AB976L000 | C101: KFR-50LW/03PCA81U1套机 | D101: 帝樽五代 | E101: KFR-50W/0381室外机总成 | F101: 1.5P(20款) | G101: φ7（21.65） | H101: φ5 | K101: 0 | L101: 0 | M101: 0 | N101: 0 | O101: 0 | P101: 0 | X101: 0 | Y101: 0 | Z101: =X101-Y101+AC101 -> 0 | AB101: 0 | AC101: 0 | AD101: =AB101-Y101+AA101+AC101 -> 0 | AT101: =SUM(AE101:AR101) -> 0 | AU101: =AD101-AT101 -> 0 | AW101: =AE101+Y101-I101 -> 0 | AX101: =AW101+AF101-J101 -> 0 | AY101: =AX101+AG101-K101 -> 0 | AZ101: =AY101+AH101-L101 -> 0 | BA101: =AZ101+AI101-M101 -> 0 | BB101: =BA101+AJ101-N101 -> 0 | BC101: =BB101+AK101-O101 -> 0 | BD101: =BC101+AL101-P101 -> 0 | BE101: =BD101+AM101-Q101 -> 0 | ... BG101: =BF101+AO101-S101 -> 0 | BH101: =AP101+AJ101-T101 -> 0 | BI101: =AQ101+AK101-U101 -> 0 | BJ101: =AR101+AL101-V101 -> 0 | BK101: =AS101+AM101-W101 -> 0
A102: 柜机 | B102: AB929J000 | C102: KFR-50LW/03KCA81U1套机 | D102: 帝樽五代 | E102: KFR-50W/0381室外机总成 | F102: 1.5P(20款) | G102: φ7（21.65） | H102: φ5 | K102: 0 | L102: 0 | M102: 0 | N102: 0 | O102: 0 | P102: 0 | X102: 0 | Y102: 0 | Z102: =X102-Y102+AC102 -> 0 | AB102: 0 | AC102: 0 | AD102: =AB102-Y102+AA102+AC102 -> 0 | AT102: =SUM(AE102:AR102) -> 0 | AU102: =AD102-AT102 -> 0 | AW102: =AE102+Y102-I102 -> 0 | AX102: =AW102+AF102-J102 -> 0 | AY102: =AX102+AG102-K102 -> 0 | AZ102: =AY102+AH102-L102 -> 0 | BA102: =AZ102+AI102-M102 -> 0 | BB102: =BA102+AJ102-N102 -> 0 | BC102: =BB102+AK102-O102 -> 0 | BD102: =BC102+AL102-P102 -> 0 | BE102: =BD102+AM102-Q102 -> 0 | ... BG102: =BF102+AO102-S102 -> 0 | BH102: =AP102+AJ102-T102 -> 0 | BI102: =AQ102+AK102-U102 -> 0 | BJ102: =AR102+AL102-V102 -> 0 | BK102: =AS102+AM102-W102 -> 0
A103: 柜机 | B103: AB92B2000 | C103: KFR-50LW/06KCA83U1套机 | D103: 帝樽五代 | E103: KFR-50W/0683室外机总成 | F103: 1.5P(20款) | G103: φ7（21.65） | H103: φ5 | K103: 0 | L103: 0 | M103: 0 | N103: 0 | O103: 0 | P103: 0 | X103: 0 | Y103: 0 | Z103: =X103-Y103+AC103 -> 0 | AB103: 0 | AC103: 0 | AD103: =AB103-Y103+AA103+AC103 -> 0 | AT103: =SUM(AE103:AR103) -> 0 | AU103: =AD103-AT103 -> 0 | AW103: =AE103+Y103-I103 -> 0 | AX103: =AW103+AF103-J103 -> 0 | AY103: =AX103+AG103-K103 -> 0 | AZ103: =AY103+AH103-L103 -> 0 | BA103: =AZ103+AI103-M103 -> 0 | BB103: =BA103+AJ103-N103 -> 0 | BC103: =BB103+AK103-O103 -> 0 | BD103: =BC103+AL103-P103 -> 0 | BE103: =BD103+AM103-Q103 -> 0 | ... BG103: =BF103+AO103-S103 -> 0 | BH103: =AP103+AJ103-T103 -> 0 | BI103: =AQ103+AK103-U103 -> 0 | BJ103: =AR103+AL103-V103 -> 0 | BK103: =AS103+AM103-W103 -> 0
A104: 柜机 | B104: AB92B3000 | C104: KFR-72LW/06KCA83U1套机 | D104: 帝樽五代 | E104: KFR-72W/0683室外机总成 | F104: 2P(20款) | G104: φ7（18.186） | H104: φ5 | K104: 0 | L104: 0 | M104: 0 | N104: 0 | O104: 0 | P104: 0 | X104: 0 | Y104: 0 | Z104: =X104-Y104+AC104 -> 0 | AB104: 0 | AC104: 0 | AD104: =AB104-Y104+AA104+AC104 -> 0 | AT104: =SUM(AE104:AR104) -> 0 | AU104: =AD104-AT104 -> 0 | AW104: =AE104+Y104-I104 -> 0 | AX104: =AW104+AF104-J104 -> 0 | AY104: =AX104+AG104-K104 -> 0 | AZ104: =AY104+AH104-L104 -> 0 | BA104: =AZ104+AI104-M104 -> 0 | BB104: =BA104+AJ104-N104 -> 0 | BC104: =BB104+AK104-O104 -> 0 | BD104: =BC104+AL104-P104 -> 0 | BE104: =BD104+AM104-Q104 -> 0 | ... BG104: =BF104+AO104-S104 -> 0 | BH104: =AP104+AJ104-T104 -> 0 | BI104: =AQ104+AK104-U104 -> 0 | BJ104: =AR104+AL104-V104 -> 0 | BK104: =AS104+AM104-W104 -> 0
A105: 柜机 | B105: AB91SD004 | C105: KFR-72LW/28KCA81U1(冰雪白)套机 | D105: 帝樽五代 | E105: KFR-72W/2881室外机总成 | F105: 2P(20款) | G105: φ7（18.186） | H105: φ5 | K105: 0 | L105: 0 | M105: 0 | N105: 0 | O105: 0 | P105: 0 | X105: 0 | Y105: 0 | Z105: =X105-Y105+AC105 -> 0 | AB105: 0 | AC105: 0 | AD105: =AB105-Y105+AA105+AC105 -> 0 | AT105: =SUM(AE105:AR105) -> 0 | AU105: =AD105-AT105 -> 0 | AW105: =AE105+Y105-I105 -> 0 | AX105: =AW105+AF105-J105 -> 0 | AY105: =AX105+AG105-K105 -> 0 | AZ105: =AY105+AH105-L105 -> 0 | BA105: =AZ105+AI105-M105 -> 0 | BB105: =BA105+AJ105-N105 -> 0 | BC105: =BB105+AK105-O105 -> 0 | BD105: =BC105+AL105-P105 -> 0 | BE105: =BD105+AM105-Q105 -> 0 | ... BG105: =BF105+AO105-S105 -> 0 | BH105: =AP105+AJ105-T105 -> 0 | BI105: =AQ105+AK105-U105 -> 0 | BJ105: =AR105+AL105-V105 -> 0 | BK105: =AS105+AM105-W105 -> 0
A106: 柜机 | B106: AB9821000 | C106: KFR-50LW/A2KDB81U1套机 | D106: 帝樽五代 | E106: KFR-50W/A281室外机总成 | F106: 1.5P(20款) | G106: φ7（21.65） | H106: φ5 | K106: 0 | L106: 0 | M106: 0 | N106: 921 | O106: 10 | P106: 113 | X106: 943 | Y106: 943 | Z106: =X106-Y106+AC106 -> 686 | AB106: 1302 | AC106: 686 | AD106: =AB106-Y106+AA106+AC106 -> 1045 | AG106: 1045 | AT106: =SUM(AE106:AS106) -> 1045 | AU106: =AD106-AT106 -> 0 | AW106: =AE106+Y106-I106 -> 943 | AX106: =AW106+AF106-J106 -> 943 | AY106: =AX106+AG106-K106 -> 1988 | AZ106: =AY106+AH106-L106 -> 1988 | BA106: =AZ106+AI106-M106 -> 1988 | BB106: =BA106+AJ106-N106 -> 1067 | BC106: =BB106+AK106-O106 -> 1057 | BD106: =BC106+AL106-P106 -> 944 | BE106: =BD106+AM106-Q106 -> 944 | ... BK106: =BJ106+AS106-W106 -> 944
...

Sheet 到线体产能
B1: 4月份线体产能安排
B2: 经营体 | C2: 区域 | D2: 线体 | E2: 结构 | F2: 可新接 | G2: 延单 | H2: 产能 | I2: 45034 | J2: 45035 | K2: 45036 | L2: 45037 | M2: 45038 | N2: 45040 | O2: 备注
I3: 周二 | J3: 周三 | K3: 周四 | L3: 周五 | M3: 周六 | N3: 周一
B4: 班次 | I4: 5 | J4: 5 | K4: 5 | L4: 5 | M4: 5 | N4: 5
B5: 外机经营体 | C5: 一期 | D5: 1#陈 | E5: 风管机 | F5: =H5-G5 -> 15600 | H5: =SUM(I5:N5) -> 15600 | I5: 2600 | J5: 2600 | K5: 2600 | L5: 2600 | M5: 2600 | N5: 2600
D6: 2#刘（白） | E6: 柜机 | F6: =H6-G6 -> 18900 | H6: =SUM(I6:N6) -> 18900 | I6: 3000 | J6: 3000 | K6: 3000 | L6: 3300 | M6: 3300 | N6: 3300
D7: 2#侯（夜） | E7: 柜机 | F7: =H7-G7 -> 15600 | H7: =SUM(I7:N7) -> 15600 | I7: 2600 | J7: 2600 | K7: 2600 | L7: 2600 | M7: 2600 | N7: 2600
C8: 二期 | D8: 3#王 | E8: 分体 | F8: =H8-G8 -> 21000 | H8: =SUM(I8:N8) -> 21000 | I8: 3500 | J8: 3500 | K8: 3500 | L8: 3500 | M8: 3500 | N8: 3500
D9: 5#于 | E9: 分体 | F9: =H9-G9 -> 21000 | H9: =SUM(I9:N9) -> 21000 | I9: 3500 | J9: 3500 | K9: 3500 | L9: 3500 | M9: 3500 | N9: 3500
B10: 内机经营体 | C10: 一期 | D10: 6#贾 | E10: 普柜 | F10: =H10-G10 -> 16800 | H10: =SUM(I10:N10) -> 16800 | I10: 2800 | J10: 2800 | K10: 2800 | L10: 2800 | M10: 2800 | N10: 2800
D11: 7#汤（白） | E11: 风管机 | F11: =H11-G11 -> 13200 | H11: =SUM(I11:N11) -> 13200 | I11: 2200 | J11: 2200 | K11: 2200 | L11: 2200 | M11: 2200 | N11: 2200
D12: 7#黄（夜） | E12: 柜机 | F12: =H12-G12 -> 12200 | G12: 1000 | H12: =SUM(I12:N12) -> 13200 | I12: 2200 | J12: 2200 | K12: 2200 | L12: 2200 | M12: 2200 | N12: 2200
C13: 二期 | D13: 8#朱 | E13: 分体 | F13: =H13-G13 -> 25200 | H13: =SUM(I13:N13) -> 25200 | I13: 4200 | J13: 4200 | K13: 4200 | L13: 4200 | M13: 4200 | N13: 4200
D14: 9#马 | E14: 分体 | F14: =H14-G14 -> 25200 | H14: =SUM(I14:N14) -> 25200 | I14: 4200 | J14: 4200 | K14: 4200 | L14: 4200 | M14: 4200 | N14: 4200
B15: 外机小计 | F15: =H15-G15 -> 92100 | G15: =SUM(G5:G9) -> 0 | H15: =SUM(I15:N15) -> 92100 | I15: =SUM(I5:I9) -> 15200 | J15: =SUM(J5:J9) -> 15200 | K15: =SUM(K5:K9) -> 15200 | L15: =SUM(L5:L9) -> 15500 | M15: =SUM(M5:M9) -> 15500 | N15: =SUM(N5:N9) -> 15500
B16: 内机小计 | F16: =H16-G16 -> 92600 | G16: =SUM(G10:G14) -> 1000 | H16: =SUM(I16:N16) -> 93600 | I16: =SUM(I10:I14) -> 15600 | J16: =SUM(J10:J14) -> 15600 | K16: =SUM(K10:K14) -> 15600 | L16: =SUM(L10:L14) -> 15600 | M16: =SUM(M10:M14) -> 15600 | N16: =SUM(N10:N14) -> 15600
B17: 合计 | F17: =H17-G17 -> 184700 | G17: =G15+G16 -> 1000 | H17: =H15+H16 -> 185700 | I17: =I15+I16 -> 30800 | J17: =J15+J16 -> 30800 | K17: =K15+K16 -> 30800 | L17: =L15+L16 -> 31100 | M17: =M15+M16 -> 31100 | N17: =N15+N16 -> 31100
B18: 配套差异 | F18: =F15-F16 -> -500 | G18: =G15-G16 -> -1000 | H18: =H15-H16 -> -1500 | I18: =I15-I16 -> -400 | J18: =J15-J16 -> -400 | K18: =K15-K16 -> -400 | L18: =L15-L16 -> -100 | M18: =M15-M16 -> -100 | N18: =N15-N16 -> -100
B20: 产品 | D20: 内外机 | E20: 系列 | F20: 延单 | G20: 接单 | H20: 消化 | I20: 包销 | J20: 需排产 | K20: 产能需求 | L20: 差异
B21: 家用 | D21: 内机 | E21: 小计 | F21: =SUM(F22:F24) -> 80 | G21: =SUM(G22:G24) -> 81426 | H21: =SUM(H22:H24) -> 21381 | I21: =SUM(I22:I24) -> 21278 | J21: =G21-H21+I21+F21 -> 81403 | K21: =SUM(K22:K23) -> 80400 | L21: =SUM(L22:L24) -> 1003 | O21: 顺延 | P21: 接单
E22: 挂机 | G22: 58286 | H22: 12726 | I22: 2440 | J22: =G22-H22+I22+F22 -> 48000 | K22: =8400*6 -> 50400 | L22: =J22-K22 -> -2400 | N22: 挂机 | O22: 9 | P22: 135
E23: 柜机 | G23: 22216 | H23: 8655 | I23: 18838 | J23: =G23-H23+I23+F23 -> 32399 | K23: =5000*6 -> 30000 | L23: =J23-K23 -> 2399 | N23: 柜机 | O23: 71 | P23: 789
E24: 壳体 | F24: 80 | G24: 924 | J24: =G24-H24+I24+F24 -> 1004 | L24: =J24-K24 -> 1004 | N24: 风管机 | O24: 0 | P24: 0
D25: 外机 | E25: 小计 | F25: =SUM(F26:F27) -> 0 | G25: =SUM(G26:G27) -> 80502 | H25: =SUM(H26:H27) -> 21381 | I25: =SUM(I26:I27) -> 21278 | J25: =G25-H25+I25+F25 -> 80399 | K25: =SUM(K26:K27) -> 80400 | L25: =J25-K25 -> -1
E26: 挂机 | G26: 58286 | H26: 12726 | I26: 2440 | J26: =G26-H26+I26+F26 -> 48000 | K26: 50400 | L26: =J26-K26 -> -2400
E27: 柜机 | G27: 22216 | H27: 8655 | I27: 18838 | J27: =G27-H27+I27+F27 -> 32399 | K27: 30000 | L27: =J27-K27 -> 2399
B28: 风管机 | D28: 内机 | E28: 小计 | G28: 8539 | H28: 7805 | I28: 8261 | J28: =G28-H28+I28+F28 -> 8995 | K28: =2200*6 -> 13200 | L28: =J28-K28 -> -4205
D29: 外机 | E29: 小计 | G29: 8539 | H29: 7805 | I29: 8261 | J29: =G29-H29+I29+F29 -> 8995 | K29: =2200*6 -> 13200 | L29: =J29-K29 -> -4205
B31: 到系列接单生产明细
B32: 柜/挂 | C32: 系列 | D32: 接单 | E32: 消化 | F32: 延单 | G32: 包销 | H32: 生产
B33: 风管机 | C33: 卡萨帝 | D33: =SUMIFS('3月'!$AB$263:$AB$427,'3月'!$D$263:$D$427,$D$3) -> 0 | E33: =SUMIFS('3月'!$X$287:$X$579,'3月'!$D$263:$D$427,$D$3) -> #VALUE! | F33: =SUMIFS('3月'!$AA$263:$AA$427,'3月'!$D$263:$D$427,$D$3) -> 0 | G33: =SUMIFS('3月'!#REF!,'3月'!$D$263:$D$427,$D$3) -> #REF! | H33: =D33-E33+F33+G33 -> #VALUE!
C34: 风管机 | D34: =SUMIFS('3月'!$AB$263:$AB$427,'3月'!$D$263:$D$427,$D$4) -> 0 | E34: =SUMIFS('3月'!$X$287:X579,'3月'!$D$263:$D$427,$D$4) -> #VALUE! | F34: =SUMIFS('3月'!$AA$263:$AA$427,'3月'!$D$263:$D$427,$D$4) -> 0 | G34: =SUMIFS('3月'!#REF!,'3月'!$D$263:$D$427,$D$4) -> #REF! | H34: =D34-E34+F34+G34 -> #VALUE!
B35: 风管机小计 | D35: =SUM(D33:D34) -> 0 | E35: =SUM(E33:E34) -> #VALUE! | F35: =SUM(F33:F34) -> 0 | G35: =SUM(G33:G34) -> #REF! | H35: =SUM(H33:H34) -> #VALUE!
B36: 挂机 | C36: 星河挂 | D36: =SUMIFS('3月'!$AB$7:$AB$77,'3月'!$D$7:$D$77,C36) -> 0 | E36: =SUMIFS('3月'!$Y$7:$Y$77,'3月'!$D$7:$D$77,C36) -> 0 | F36: =SUMIFS('3月'!$AA$7:$AA$77,'3月'!$D$7:$D$77,C36) -> 0 | G36: =SUMIFS('3月'!$AC$7:$AC$77,'3月'!$D$7:$D$77,C36) -> 0 | H36: =D36-E36+F36+G36 -> 0
C37: G系列 | D37: =SUMIFS('3月'!$AB$7:$AB$77,'3月'!$D$7:$D$77,C37) -> 0 | E37: =SUMIFS('3月'!$Y$7:$Y$77,'3月'!$D$7:$D$77,C37) -> 0 | F37: =SUMIFS('3月'!$AA$7:$AA$77,'3月'!$D$7:$D$77,C37) -> 0 | G37: =SUMIFS('3月'!$AC$7:$AC$77,'3月'!$D$7:$D$77,C37) -> 0 | H37: =D37-E37+F37+G37 -> 0
C38: B系列 | D38: =SUMIFS('3月'!$AB$7:$AB$77,'3月'!$D$7:$D$77,C38) -> 0 | E38: =SUMIFS('3月'!$Y$7:$Y$77,'3月'!$D$7:$D$77,C38) -> 0 | F38: =SUMIFS('3月'!$AA$7:$AA$77,'3月'!$D$7:$D$77,C38) -> 0 | G38: =SUMIFS('3月'!$AC$7:$AC$77,'3月'!$D$7:$D$77,C38) -> 0 | H38: =D38-E38+F38+G38 -> 0
C39: K系列 | D39: =SUMIFS('3月'!$AB$7:$AB$77,'3月'!$D$7:$D$77,C39) -> 11663 | E39: =SUMIFS('3月'!$Y$7:$Y$77,'3月'!$D$7:$D$77,C39) -> 37 | F39: =SUMIFS('3月'!$AA$7:$AA$77,'3月'!$D$7:$D$77,C39) -> 0 | G39: =SUMIFS('3月'!$AC$7:$AC$77,'3月'!$D$7:$D$77,C39) -> 560 | H39: =D39-E39+F39+G39 -> 12186
C40: T系列 | D40: =SUMIFS('3月'!$AB$7:$AB$77,'3月'!$D$7:$D$77,C40) -> 0 | E40: =SUMIFS('3月'!$Y$7:$Y$77,'3月'!$D$7:$D$77,C40) -> 0 | F40: =SUMIFS('3月'!$AA$7:$AA$77,'3月'!$D$7:$D$77,C40) -> 0 | G40: =SUMIFS('3月'!$AC$7:$AC$77,'3月'!$D$7:$D$77,C40) -> 0 | H40: =D40-E40+F40+G40 -> 0
C41: 大J系列 | D41: =SUMIFS('3月'!$AB$7:$AB$77,'3月'!$D$7:$D$77,C41) -> 18296 | E41: =SUMIFS('3月'!$Y$7:$Y$77,'3月'!$D$7:$D$77,C41) -> 10346 | F41: =SUMIFS('3月'!$AA$7:$AA$77,'3月'!$D$7:$D$77,C41) -> 0 | G41: =SUMIFS('3月'!$AC$7:$AC$77,'3月'!$D$7:$D$77,C41) -> 1131 | H41: =D41-E41+F41+G41 -> 9081
B42: 挂机小计 | D42: =SUM(D36:D41) -> 29959 | E42: =SUM(E36:E41) -> 10383 | F42: =SUM(F36:F41) -> 0 | G42: =SUM(G36:G41) -> 1691 | H42: =SUM(H36:H41) -> 21267
B43: 柜机 | C43: 帝樽四代 | D43: =SUMIFS('3月'!$AB$91:$AB$186,'3月'!$D$91:$D$186,C43) -> 0 | E43: =SUMIFS('3月'!$Y$91:$Y$186,'3月'!$D$91:$D$186,C43) -> 0 | F43: =SUMIFS('3月'!$AA$91:$AA$186,'3月'!$D$91:$D$186,C43) -> 0 | G43: =SUMIFS('3月'!$AC$91:$AC$186,'3月'!$D$91:$D$186,C43) -> 0 | H43: =D43-E43+F43+G43 -> 0
C44: 帝樽五代 | D44: =SUMIFS('3月'!$AB$91:$AB$186,'3月'!$D$91:$D$186,C44) -> 5337 | E44: =SUMIFS('3月'!$Y$91:$Y$186,'3月'!$D$91:$D$186,C44) -> 1718 | F44: =SUMIFS('3月'!$AA$91:$AA$186,'3月'!$D$91:$D$186,C44) -> 0 | G44: =SUMIFS('3月'!$AC$91:$AC$186,'3月'!$D$91:$D$186,C44) -> 4998 | H44: =D44-E44+F44+G44 -> 8617
C45: L柜 | D45: =SUMIFS('3月'!$AB$91:$AB$186,'3月'!$D$91:$D$186,C45) -> 313 | E45: =SUMIFS('3月'!$Y$91:$Y$186,'3月'!$D$91:$D$186,C45) -> 313 | F45: =SUMIFS('3月'!$AA$91:$AA$186,'3月'!$D$91:$D$186,C45) -> 0 | G45: =SUMIFS('3月'!$AC$91:$AC$186,'3月'!$D$91:$D$186,C45) -> 0 | H45: =D45-E45+F45+G45 -> 0
C46: 卡萨帝 | D46: =SUMIFS('3月'!$AB$91:$AB$186,'3月'!$D$91:$D$186,C46) -> 0 | E46: =SUMIFS('3月'!$Y$91:$Y$186,'3月'!$D$91:$D$186,C46) -> 0 | F46: =SUMIFS('3月'!$AA$91:$AA$186,'3月'!$D$91:$D$186,C46) -> 0 | G46: =SUMIFS('3月'!$AC$91:$AC$186,'3月'!$D$91:$D$186,C46) -> 0 | H46: =D46-E46+F46+G46 -> 0
C47: 超级平台 | D47: =SUMIFS('3月'!$AB$91:$AB$186,'3月'!$D$91:$D$186,C47) -> 2256 | E47: =SUMIFS('3月'!$Y$91:$Y$186,'3月'!$D$91:$D$186,C47) -> 997 | F47: =SUMIFS('3月'!$AA$91:$AA$186,'3月'!$D$91:$D$186,C47) -> 0 | G47: =SUMIFS('3月'!$AC$91:$AC$186,'3月'!$D$91:$D$186,C47) -> 1159 | H47: =D47-E47+F47+G47 -> 2418
C48: 机械师 | D48: =SUMIFS('3月'!$AB$91:$AB$186,'3月'!$D$91:$D$186,C48) -> 0 | E48: =SUMIFS('3月'!$Y$91:$Y$186,'3月'!$D$91:$D$186,C48) -> 0 | F48: =SUMIFS('3月'!$AA$91:$AA$186,'3月'!$D$91:$D$186,C48) -> 0 | G48: =SUMIFS('3月'!$AC$91:$AC$186,'3月'!$D$91:$D$186,C48) -> 0 | H48: =D48-E48+F48+G48 -> 0
B49: 柜机小计 | D49: =SUM(D43:D48) -> 7906 | E49: =SUM(E43:E48) -> 3028 | F49: =SUM(F43:F48) -> 0 | G49: =SUM(G43:G48) -> 6157 | H49: =SUM(H43:H48) -> 11035
B50: 总计 | D50: =D42+D49+D33+D34 -> 37865 | E50: =E42+E49+E33+E34 -> #VALUE! | F50: =F42+F49+F33+F34 -> 0 | G50: =G42+G49+G33+G34 -> #REF! | H50: =H42+H49+H33+H34 -> #VALUE! | S50: 9170 | T50: 武汉
S51: 9231 | T51: 胶州
B52: 内销接单明细 | S52: 9680 | T52: 重庆
B53: 类别 | C53: 9160 | F53: 9170 | G53: 9231 | H53: 9680 | I53: 9B10 | J53: 合计 | S53: 9B10 | T53: 郑州
C54: 合计 | D54: 商用 | E54: 家用
B55: 接单 | C55: =SUM(D55:E55) -> 0 | J55: =SUM(D55:I55) -> 0
B56: 金融接单 | C56: =SUM(D56:E56) -> 0 | D56: 0 | E56: 0 | F56: 0 | G56: 0 | H56: 0 | I56: 0 | J56: =SUM(D56:I56) -> 0
B57: 实消化 | C57: =SUM(D57:E57) -> 0 | J57: =SUM(D57:I57) -> 0
B58: 应消化 | C58: =SUM(D58:E58) -> 0 | J58: =SUM(D58:I58) -> 0
B59: 需排产 | C59: =SUM(D59:E59) -> 0 | D59: =D55+D60-D57 -> 0 | E59: =E55+E60-E57 -> 0 | F59: =F55+F60-F57 -> 0 | G59: =G55+G60-G57 -> 0 | H59: =H55+H60-H57 -> 0 | I59: =I55+I60-I57 -> 0 | J59: =SUM(D59:I59) -> 0
B60: 新包销 | C60: =SUM(D60:E60) -> 0 | J60: =SUM(D60:I60) -> 0
B61: 库存 | C61: =SUM(D61:E61) -> 0 | J61: =SUM(D61:I61) -> 0
B62: 消后库存 | C62: =SUM(D62:E62) -> 0 | D62: =D61-D57 -> 0 | E62: =E61-E57 -> 0 | F62: =F61-F57 -> 0 | G62: =G61-G57 -> 0 | H62: =H61-H57 -> 0 | I62: =I61-I57 -> 0 | J62: =SUM(D62:I62) -> 0
B63: 生产总计 | C63: =SUM(D63:E63) -> 0 | D63: =D55-D57+D60 -> 0 | E63: =E55-E57+E60 -> 0 | F63: =F55-F57+F60 -> 0 | G63: =G55-G57+G60 -> 0 | H63: =H55-H57+H60 -> 0 | I63: =I55-I57+I60 -> 0 | J63: =SUM(D63:I63) -> 0
B64: 金融库存 | C64: =SUM(D64:E64) -> 76617 | D64: 6718 | E64: 69899 | F64: 77243 | G64: 43441 | H64: 108247 | I64: 72327 | J64: =SUM(D64:I64) -> 377875
B65: 最终库存 | C65: =SUM(D65:E65) -> 0 | D65: =D62+D60 -> 0 | E65: =E62+E60 -> 0 | F65: =F62+F60 -> 0 | G65: =G62+G60 -> 0 | H65: =H62+H60 -> 0 | I65: =I62+I60 -> 0 | J65: =SUM(D65:I65) -> 0
B66: 合计库存 | C66: =SUM(D66:E66) -> 76617 | D66: =D65+D64 -> 6718 | E66: =E65+E64 -> 69899 | F66: =F65+F64 -> 77243 | G66: =G65+G64 -> 43441 | H66: =H65+H64 -> 108247 | I66: =I65+I64 -> 72327 | J66: =SUM(D66:I66) -> 377875
B67: 库存趋势 | C67: =SUM(D67:E67) -> 0 | D67: =D60-D57 -> 0 | E67: =E60-E57+E56 -> 0 | F67: =F60-F57+F56 -> 0 | G67: =G60-G57+G56 -> 0 | H67: =H60-H57+H56 -> 0 | I67: =I60-I57+I56 -> 0 | J67: =J60-J57+J56 -> 0
B68: 备注

Sheet 大盘规划
A1: 23年目标自然台 | R1: 23年目标标准台
A2: 工厂 | B2: 年累计 | C2: 1月 | D2: 2月 | E2: 3月 | F2: 4月 | G2: 5月 | H2: 6月 | I2: 7月 | J2: 8月 | K2: 9月 | L2: 10月 | M2: 11月 | N2: 12月 | R2: 工厂 | S2: 年累计 | T2: 1月 | U2: 2月 | V2: 3月 | W2: 4月 | X2: 5月 | Y2: 6月 | Z2: 7月 | AA2: 8月 | AB2: 9月 | AC2: 10月 | AD2: 11月 | AE2: 12月
B3: 29166854 | C3: 1334000 | D3: 2581000 | E3: 3468200 | F3: 3279200 | G3: 2820700 | H3: 2464800 | I3: 2244250 | J3: 2008500 | K3: 1850000 | L3: 1871090 | M3: 2411250 | N3: 2833864 | S3: 81880202 | T3: 3821583 | U3: 7391654.5 | V3: 9806009.8 | W3: 9226250.6 | X3: 7885161.9 | Y3: 6968733.8 | Z3: 6250482.1 | AA3: 5603932.9 | AB3: 5135681.8 | AC3: 5244773.1 | AD3: 6722014.4 | AE3: 7823923.8
A4: 合肥 | B4: 5522000 | C4: 300000 | D4: 480000 | E4: 680000 | F4: 680000 | G4: 572000 | H4: 532000 | I4: 408000 | J4: 380000 | K4: 300000 | L4: 300000 | M4: 390000 | N4: 500000 | R4: 合肥 | S4: 19597224 | T4: 1064680.7 | U4: 1703489.2 | V4: 2413276.4 | W4: 2413276.4 | X4: 2029991.3 | Y4: 1888033.9 | Z4: 1447965.8 | AA4: 1348595.6 | AB4: 1064680.7 | AC4: 1064680.7 | AD4: 1384085 | AE4: 1774467.9
A5: 武汉 | B5: 2914500 | C5: 100000 | D5: 260000 | E5: 323200 | F5: 320000 | G5: 303600 | H5: 227700 | I5: 240000 | J5: 220000 | K5: 200000 | L5: 180000 | M5: 220000 | N5: 320000 | R5: 武汉 | S5: 6144153.6 | T5: 210813.3 | U5: 548114.58 | V5: 681349 | W5: 674603 | X5: 640029.18 | Y5: 480021.89 | Z5: 505951.92 | AA5: 463789 | AB5: 421626 | AC5: 379463.94 | AD5: 463789.26 | AE5: 674602.56
A6: 重庆 | B6: 5005364 | C6: 180000 | D6: 420000 | E6: 660000 | F6: 700000 | G6: 540000 | H6: 420000 | I6: 420000 | J6: 320000 | K6: 260000 | L6: 260000 | M6: 360000 | N6: 465364 | R6: 重庆 | S6: 13514483 | T6: 486000 | U6: 1134000 | V6: 1782000 | W6: 1890000 | X6: 1458000 | Y6: 1134000 | Z6: 1134000 | AA6: 864000 | AB6: 702000 | AC6: 702000 | AD6: 972000 | AE6: 1256482.8
A7: 胶州 | B7: 7769600 | C7: 420000 | D7: 720000 | E7: 820000 | F7: 680000 | G7: 660000 | H7: 609600 | I7: 520000 | J7: 540000 | K7: 620000 | L7: 660000 | M7: 760000 | N7: 760000 | R7: 胶州 | S7: 21937995 | T7: 1190424.9 | U7: 2131252.2 | V7: 2363494.5 | W7: 2013332.6 | X7: 1872708.3 | Y7: 1724452.2 | Z7: 1481841.5 | AA7: 1503222.8 | AB7: 1695779.9 | AC7: 1836065.4 | AD7: 2081424.1 | AE7: 2043997.1
A8: 大连 | B8: 816000 | C8: 82000 | D8: 143000 | E8: 156000 | F8: 32000 | G8: 35000 | H8: 43000 | I8: 55000 | J8: 0 | K8: 30000 | L8: 40000 | M8: 100000 | N8: 100000 | R8: 大连 | S8: 2625000 | T8: 230000 | U8: 480000 | V8: 530000 | W8: 115000 | X8: 115000 | Y8: 145000 | Z8: 145000 | AB8: 80000 | AC8: 120000 | AD8: 330000 | AE8: 335000
A9: 郑州 | B9: 5160000 | C9: 180000 | D9: 420000 | E9: 660000 | F9: 700000 | G9: 540000 | H9: 460000 | I9: 420000 | J9: 360000 | K9: 260000 | L9: 260000 | M9: 400000 | N9: 500000 | R9: 郑州 | S9: 11611766 | T9: 405061.6 | U9: 945143.74 | V9: 1485225.9 | W9: 1575239.6 | X9: 1215184.8 | Y9: 1035157.4 | Z9: 945143.74 | AA9: 810123.21 | AB9: 585088.98 | AC9: 585088.98 | AD9: 900136.9 | AE9: 1125171.1
A10: 合肥家中机 | B10: 1979390 | C10: 72000 | D10: 138000 | E10: 169000 | F10: 167200 | G10: 170100 | H10: 172500 | I10: 181250 | J10: 188500 | K10: 180000 | L10: 171090 | M10: 181250 | N10: 188500 | R10: 合肥家中机 | S10: 6449580.3 | T10: 234602.47 | U10: 449654.73 | V10: 550664.13 | W10: 544799.06 | X10: 554248.33 | Y10: 562068.41 | Z10: 590579.13 | AA10: 614202.29 | AB10: 586506.17 | AC10: 557474.11 | AD10: 590579.13 | AE10: 614202.29
A12: 23年合肥目标自然台
A13: 工厂 | B13: 年累计 | C13: 1月 | D13: 2月 | E13: 3月 | F13: 4月 | G13: 5月 | H13: 6月 | I13: 7月 | J13: 8月 | K13: 9月 | L13: 10月 | M13: 11月 | N13: 12月
A14: 计划生产 | B14: 5522000 | C14: 300000 | D14: 480000 | E14: 680000 | F14: 680000 | G14: 572000 | H14: 532000 | I14: 408000 | J14: 380000 | K14: 300000 | L14: 300000 | M14: 390000 | N14: 500000
A15: 实际生产 | B15: =SUM(C15:N15) -> 2868382 | C15: 281133 | D15: 544432 | E15: 741829 | F15: 651929 | G15: 649059
A16: 完成率 | B16: =B15/B14 -> 0.51944622 | C16: =C15/C14 -> 0.93711 | D16: =D15/D14 -> 1.1342333 | E16: =E15/E14 -> 1.090925 | F16: =F15/F14 -> 0.95871912 | G16: =G15/G14 -> 1.1347185

Sheet 两器短板能力
A1: 5MM柜机蒸发器
A2: 两器规格 | B2: 类别 | C2: 总计 | D2: 45106 | E2: 45107 | F2: 45108 | G2: 45109 | H2: 45110 | I2: 45111 | J2: 45112 | K2: 45113 | L2: 45114 | M2: 45115 | N2: 45116 | O2: 45117 | P2: 45118 | Q2: 45119 | R2: 45120 | S2: 45121 | T2: 45122 | U2: 45123 | V2: 45124 | W2: 45125 | X2: 45126 | Y2: 45127 | Z2: 45128 | AA2: 45129 | AB2: 45130 | AC2: 45131 | AD2: 45132 | AE2: 45133 | AF2: 45134 | AG2: 45135 | AH2: 45136 | AI2: 45137 | AJ2: 45138 | AK2: 45139 | AL2: 45140 | AM2: 45141 | AN2: 45142 | AO2: 45143 | AP2: 45144 | AQ2: 45145
A3: φ5柜机 | B3: 计划 | C3: =SUM(F3:O3) -> 38842 | F3: 5407 | G3: 1074 | H3: 5072 | I3: 4958 | J3: 2815 | K3: 5246 | L3: 5083 | M3: 3904 | O3: 5283 | P3: 2643 | Q3: 4045 | R3: 6223 | S3: 6526 | T3: 4655 | U3: 2200 | V3: 5582 | W3: 3187 | X3: 6864 | Y3: 6938 | Z3: 4630 | AA3: 2281 | AB3: 0 | AC3: 4069 | AD3: 4400 | AE3: 2900 | AF3: 5072 | AG3: 6634 | AH3: 4576 | AI3: 5568 | AJ3: 0 | AK3: 5071 | AL3: 2800 | AM3: 5340 | AN3: 5347 | AO3: 3607 | AP3: 0 | AQ3: 3306
B4: 产能 | C4: =SUM(F4:O4) -> 41300 | E4: 2100 | F4: 4400 | G4: 4200 | H4: 4200 | I4: 4200 | J4: 4200 | K4: 4200 | L4: 4200 | M4: 3900 | N4: 3900 | O4: 3900 | P4: 4500 | Q4: 4500 | R4: 4500 | S4: 4500 | T4: 4500 | U4: 4500 | V4: 4500 | W4: 4500 | X4: 4500 | Y4: 4500 | Z4: 4500 | AA4: 4500 | AB4: 4500 | AC4: 4500 | AD4: 4500 | AE4: 4500 | AF4: 4500 | AG4: 4500 | AH4: 4500 | AI4: 4500 | AK4: 4500 | AL4: 4500 | AM4: 4500 | AN4: 4500 | AO4: 4500 | AP4: 4500 | AQ4: 4500
B5: 库存 | C5: =SUM(F5:O5) -> 61735 | D5: 2900 | E5: =D5-E3+E4 -> 5000 | F5: =E5-F3+F4 -> 3993 | G5: =F5-G3+G4 -> 7119 | H5: =G5-H3+H4 -> 6247 | I5: =H5-I3+I4 -> 5489 | J5: =I5-J3+J4 -> 6874 | K5: =J5-K3+K4 -> 5828 | L5: =K5-L3+L4 -> 4945 | ... AQ5: =AP5-AQ3+AQ4 -> 14494
B6: T-1天缺口 | C6: =SUM(F6:O6) -> 20435 | D6: 2900 | E6: 5000 | F6: =E5-F3 -> -407 | G6: =F5-G3 -> 2919 | H6: =G5-H3 -> 2047 | I6: =H5-I3 -> 1289 | J6: =I5-J3 -> 2674 | K6: =J5-K3 -> 1628 | L6: =K5-L3 -> 745 | M6: =L5-M3 -> 1041 | ... AQ6: =AP5-AQ3 -> 9994
A7: 5MM挂机蒸发器
A8: 两器规格 | B8: 类别 | C8: 总计 | D8: 45106 | E8: 45107 | F8: 45108 | G8: 45109 | H8: 45110 | I8: 45111 | J8: 45112 | K8: 45113 | L8: 45114 | M8: 45115 | N8: 45116 | O8: 45117 | P8: 45118 | Q8: 45119 | R8: 45120 | S8: 45121 | T8: 45122 | U8: 45123 | V8: 45124 | W8: 45125 | X8: 45126 | Y8: 45127 | Z8: 45128 | AA8: 45129 | AB8: 45130 | AC8: 45131 | AD8: 45132 | AE8: 45133 | AF8: 45134 | AG8: 45135 | AH8: 45136 | AI8: 45137 | AJ8: 45138 | AK8: 45139 | AL8: 45140 | AM8: 45141 | AN8: 45142 | AO8: 45143 | AP8: 45144 | AQ8: 45145
A9: φ5挂机 | B9: 计划 | C9: =SUM(F9:O9) -> 50314 | F9: 8085 | H9: 8053 | I9: 5806 | K9: 8156 | L9: 4055 | M9: 8028 | O9: 8131 | P9: 4561 | Q9: 8095 | R9: 3429 | S9: 5746 | T9: 8011 | U9: 0 | V9: 8060 | W9: 5235 | X9: 5643 | Y9: 6702 | Z9: 8185 | AA9: 8046 | AB9: 8000 | AC9: 8300 | AD9: 4135 | AE9: 7650 | AF9: 8085 | AG9: 8400 | AH9: 8400 | AI9: 8456 | AJ9: 0 | AK9: 3876 | AL9: 463 | AM9: 1856 | AN9: 4300 | AO9: 6890 | AP9: 0 | AQ9: 7486
B10: 产能 | C10: =SUM(F10:O10) -> 50000 | E10: 2500 | F10: 5000 | G10: 5000 | H10: 5000 | I10: 5000 | J10: 5000 | K10: 5000 | L10: 5000 | M10: 5000 | N10: 5000 | O10: 5000 | P10: 5000 | Q10: 5000 | R10: 5000 | S10: 5000 | T10: 5000 | U10: 5000 | V10: 5000 | W10: 5000 | X10: 5000 | Y10: 5000 | Z10: 5000 | AA10: 5000 | AB10: 5000 | AC10: 5000 | AD10: 5000 | AE10: 5000 | AF10: 5000 | AG10: 5000 | AH10: 5000 | AI10: 5000 | AK10: 5000 | AL10: 5000 | AM10: 5000 | AN10: 5000 | AO10: 5000 | AP10: 5000 | AQ10: 5000
B11: 调拨补充 | M11: 5000 | P11: 5000 | U11: 5000 | Y11: 5000 | Z11: 5000 | AC11: 3000 | AE11: 5000 | AG11: 2000
B12: 库存 | C12: =SUM(F12:O12) -> 66869 | D12: 2700 | E12: =D12+E10 -> 5200 | F12: =E12-F9+F10+F11 -> 2115 | G12: =F12-G9+G10+G11 -> 7115 | H12: =G12-H9+H10+H11 -> 4062 | I12: =H12-I9+I10+I11 -> 3256 | J12: =I12-J9+J10+J11 -> 8256 | K12: =J12-K9+K10+K11 -> 5100 | L12: =K12-L9+L10+L11 -> 6045 | M12: =L12-M9+M10+M11 -> 8017 | ... AQ12: =AP12-AQ9+AQ10+AQ11 -> 16876
B13: T-1天缺口 | C13: =SUM(F13:O13) -> 11869 | D13: 2700 | E13: 5200 | F13: =E12-F9 -> -2885 | G13: =F12-G9 -> 2115 | H13: =G12-H9 -> -938 | I13: =H12-I9 -> -1744 | J13: =I12-J9 -> 3256 | K13: =J12-K9 -> 100 | L13: =K12-L9 -> 1045 | M13: =L12-M9 -> -1983 | ... AQ13: =AP12-AQ9 -> 11876
A14: 21.65冷凝器
A15: 两器规格 | B15: 类别 | C15: 总计 | D15: 45106 | E15: 45107 | F15: 45108 | G15: 45109 | H15: 45110 | I15: 45111 | J15: 45112 | K15: 45113 | L15: 45114 | M15: 45115 | N15: 45116 | O15: 45117 | P15: 45118 | Q15: 45119 | R15: 45120 | S15: 45121 | T15: 45122 | U15: 45123 | V15: 45124 | W15: 45125 | X15: 45126 | Y15: 45127 | Z15: 45128 | AA15: 45129 | AB15: 45130 | AC15: 45131 | AD15: 45132 | AE15: 45133 | AF15: 45134 | AG15: 45135 | AH15: 45136 | AI15: 45137 | AJ15: 45138 | AK15: 45139 | AL15: 45140 | AM15: 45141 | AN15: 45142 | AO15: 45143 | AP15: 45144 | AQ15: 45145
A16: 21.65 | B16: 26风管机 | C16: =SUM(F16:O16) -> 148 | D16: 0 | E16: 0 | F16: 48 | G16: 0 | H16: 0 | I16: 0 | J16: 0 | K16: 0 | L16: 0 | M16: 0 | N16: 0 | O16: 100 | W16: 58 | AD16: 50 | AE16: 0 | AF16: 0 | AG16: 0 | AH16: 0 | AI16: 0 | AJ16: 0 | AK16: 0 | AL16: 0 | AM16: 0 | AN16: 0 | AO16: 0 | AP16: 0 | AQ16: 0
B17: 35风管机 | C17: =SUM(F17:O17) -> 4400 | D17: 0 | E17: 0 | F17: 0 | G17: 1700 | H17: 0 | I17: 0 | J17: 0 | K17: 0 | L17: 500 | M17: 0 | N17: 0 | O17: 2200 | Q17: 1700 | AA17: 1000 | AC17: 800 | AD17: 0 | AE17: 1300 | AF17: 400 | AG17: 0 | AH17: 0 | AI17: 0 | AJ17: 0 | AK17: 0 | AL17: 0 | AM17: 100 | AN17: 100 | AO17: 600 | AP17: 0 | AQ17: 0
B18: 50风管机 | C18: =SUM(F18:O18) -> 2110 | D18: 0 | E18: 0 | F18: 1000 | G18: 300 | H18: 0 | I18: 0 | J18: 610 | K18: 0 | L18: 200 | M18: 0 | N18: 0 | O18: 0 | P18: 104 | Q18: 10 | W18: 1200 | AA18: 50 | AD18: 710 | AE18: 0 | AF18: 0 | AG18: 0 | AH18: 0 | AI18: 0 | AJ18: 0 | AK18: 0 | AL18: 0 | AM18: 400 | AN18: 400 | AO18: 0 | AP18: 0 | AQ18: 0
B19: 挂机 | C19: =SUM(F19:O19) -> 58836 | D19: 0 | E19: 0 | F19: 7685 | G19: 1156 | H19: 8053 | I19: 5822 | J19: 7000 | K19: 7058 | L19: 7552 | M19: 8028 | N19: 0 | O19: 6482 | P19: 5768 | Q19: 4936 | R19: 5429 | S19: 7530 | T19: 12261 | U19: 0 | V19: 8760 | W19: 1735 | X19: 5643 | Y19: 6902 | Z19: 3210 | AA19: 3749 | AB19: 0 | AC19: 4173 | AD19: 0 | AE19: 5850 | AF19: 8085 | AG19: 8400 | AH19: 8400 | AI19: 6456 | AJ19: 0 | AK19: 2976 | AL19: 463 | AM19: 1856 | AN19: 4300 | AO19: 5600 | AP19: 0 | AQ19: 7486
B20: 柜机 | C20: =SUM(F20:O20) -> 6233 | D20: 0 | E20: 0 | F20: 0 | G20: 1074 | H20: 0 | I20: 0 | J20: 0 | K20: 1318 | L20: 2386 | M20: 1455 | N20: 0 | O20: 0 | P20: 286 | Q20: 293 | R20: 404 | S20: 259 | T20: 0 | U20: 0 | V20: 400 | W20: 1187 | X20: 964 | Y20: 971 | Z20: 95 | AA20: 624 | AB20: 0 | AC20: 300 | AD20: 1331 | AE20: 200 | AF20: 744 | AG20: 1514 | AH20: 0 | AI20: 0 | AJ20: 0 | AK20: 0 | AL20: 253 | AM20: 400 | AN20: 0 | AO20: 709 | AP20: 0 | AQ20: 0
B21: 计划小计 | C21: =SUM(F21:O21) -> 80070 | D21: 0 | E21: 0 | F21: =F16+F17+F18*2+F19+F20*2 -> 9733 | G21: =G16+G17+G18*2+G19+G20*2 -> 5604 | H21: =H16+H17+H18*2+H19+H20*2 -> 8053 | I21: =I16+I17+I18*2+I19+I20*2 -> 5822 | J21: =J16+J17+J18*2+J19+J20*2 -> 8220 | K21: =K16+K17+K18*2+K19+K20*2 -> 9694 | L21: =L16+L17+L18*2+L19+L20*2 -> 13224 | M21: =M16+M17+M18*2+M19+M20*2 -> 10938 | ... AQ21: =AQ16+AQ17+AQ18*2+AQ19+AQ20*2 -> 7486
B22: 产能 | C22: =SUM(F22:O22) -> 70000 | D22: 0 | E22: 3500 | F22: 7000 | G22: 7000 | H22: 7000 | I22: 7000 | J22: 7000 | K22: 7000 | L22: 7000 | M22: 7000 | N22: 7000 | O22: 7000 | P22: 7000 | Q22: 7000 | R22: 7000 | S22: 7000 | T22: 7000 | U22: 7000 | V22: 7000 | W22: 7000 | X22: 7000 | Y22: 7000 | Z22: 7000 | AA22: 7000 | AB22: 7000 | AC22: 7000 | AD22: 7000 | AE22: 7000 | AF22: 7000 | AG22: 7000 | AH22: 7000 | AI22: 7000 | AJ22: 7000 | AK22: 7000 | AL22: 7000 | AM22: 7000 | AN22: 7000 | AO22: 7000 | AP22: 7000 | AQ22: 7000
B23: 调拨补充 | D23: 0 | E23: 0 | F23: 0 | G23: 3360 | H23: 3360 | J23: 3360 | L23: 3360
B24: 库存 | C24: =SUM(F24:O24) -> 132494 | D24: =9700+1000*2 -> 11700 | E24: 10200 | F24: =E24-F21+F22 -> 7467 | G24: =F24-G21+G22+G23 -> 12223 | H24: =G24-H21+H22+H23 -> 14530 | I24: =H24-I21+I22+I23 -> 15708 | J24: =I24-J21+J22+J23 -> 17848 | K24: =J24-K21+K22+K23 -> 15154 | L24: =K24-L21+L22+L23 -> 12290 | M24: =L24-M21+M22+M23 -> 8352 | N24: =M24-N21+N22+N23 -> 15352 | ... AQ24: =AP24-AQ21+AQ22+AQ23 -> 45878
B25: T-1天缺口 | C25: =SUM(F25:O25) -> 49054 | D25: 11700 | E25: 10200 | F25: =E24-F21 -> 467 | G25: =F24-G21 -> 1863 | H25: =G24-H21 -> 4170 | I25: =H24-I21 -> 8708 | J25: =I24-J21 -> 7488 | K25: =J24-K21 -> 8154 | L25: =K24-L21 -> 1930 | M25: =L24-M21 -> 1352 | ... AQ25: =AP24-AQ21 -> 38878
A26: 18.186柜机冷凝器
A27: 两器规格 | B27: 类别 | C27: 总计 | D27: 45106 | E27: 45107 | F27: 45108 | G27: 45109 | H27: 45110 | I27: 45111 | J27: 45112 | K27: 45113 | L27: 45114 | M27: 45115 | N27: 45116 | O27: 45117 | P27: 45118 | Q27: 45119 | R27: 45120 | S27: 45121 | T27: 45122 | U27: 45123 | V27: 45124 | W27: 45125 | X27: 45126 | Y27: 45127 | Z27: 45128 | AA27: 45129 | AB27: 45130 | AC27: 45131 | AD27: 45132 | AE27: 45133 | AF27: 45134 | AG27: 45135 | AH27: 45136 | AI27: 45137 | AJ27: 45138 | AK27: 45139 | AL27: 45140 | AM27: 45141 | AN27: 45142 | AO27: 45143 | AP27: 45144 | AQ27: 45145 | AR27: 45146 | AS27: 45147 | AT27: 45148 | AU27: 45149 | AV27: 45150 | AW27: 45151 | AX27: 45152
A28: 18.186 | B28: 柜机 | C28: =SUM(F28:O28) -> 49614 | F28: 6406 | G28: 3261 | H28: 4252 | I28: 5738 | J28: 6766 | K28: 7556 | L28: 4498 | M28: 5862 | O28: 5275 | P28: 7680 | Q28: 5893 | R28: 5044 | S28: 4867 | T28: 2362 | U28: 0 | V28: 6552 | W28: 5107 | X28: 3377 | Y28: 5967 | Z28: 5470 | AA28: 4660 | AB28: 0 | AC28: 5076 | AD28: 5391 | AE28: 6407 | AF28: 6228 | AG28: 5120 | AH28: 6076 | AI28: 5568 | AK28: 5071 | AL28: 6947 | AM28: 6540 | AN28: 7147 | AO28: 4098 | AQ28: 5006 | AR28: 3802 | AS28: 5110 | AT28: 4460 | AU28: 5550 | AV28: 0 | AX28: 6420
B29: 产能 | C29: =SUM(F29:O29) -> 52000 | E29: 2600 | F29: 5200 | G29: 5200 | H29: 5200 | I29: 5200 | J29: 5200 | K29: 5200 | L29: 5200 | M29: 5200 | N29: 5200 | O29: 5200 | P29: 5200 | Q29: 5200 | R29: 5200 | S29: 5200 | T29: 5200 | U29: 5200 | V29: 5200 | W29: 5200 | X29: 5200 | Y29: 5200 | Z29: 5200 | AA29: 5200 | AB29: 5200 | AC29: 5200 | AD29: 5200 | AE29: 5200 | AF29: 5200 | AG29: 5200 | AH29: 5200 | AI29: 5200 | AK29: 5200 | AL29: 5200 | AM29: 5200 | AN29: 5200 | AO29: 5200 | AP29: 5200 | AQ29: 5200 | AR29: 5200 | AS29: 5200 | AT29: 5200 | AU29: 5200 | AV29: 5200 | AW29: 5200 | AX29: 5200
B30: 库存 | C30: =SUM(F30:O30) -> 40480 | D30: 1530 | E30: =D30+E29 -> 4130 | F30: =E30-F28+F29 -> 2924 | G30: =F30-G28+G29 -> 4863 | H30: =G30-H28+H29 -> 5811 | I30: =H30-I28+I29 -> 5273 | J30: =I30-J28+J29 -> 3707 | K30: =J30-K28+K29 -> 1351 | L30: =K30-L28+L29 -> 2053 | M30: =L30-M28+M29 -> 1391 | ... AI30: =AH30-AI28+AI29 -> 13671 | AJ30: 3000 | AK30: =AJ30-AK28+AK29 -> 3129 | AL30: =AK30-AL28+AL29 -> 1382 | AM30: =AL30-AM28+AM29 -> 42 | AN30: =AM30-AN28+AN29 -> -1905 | AO30: =AN30-AO28+AO29 -> -803 | AP30: =AO30-AP28+AP29 -> 4397 | AQ30: =AP30-AQ28+AQ29 -> 4591 | AR30: =AQ30-AR28+AR29 -> 5989 | ... AX30: =AW30-AX28+AX29 -> 15649
B31: T-1天缺口 | C31: =SUM(F31:O31) -> -11520 | D31: 1530 | E31: 4130 | F31: =E30-F28 -> -2276 | G31: =F30-G28 -> -337 | H31: =G30-H28 -> 611 | I31: =H30-I28 -> 73 | J31: =I30-J28 -> -1493 | K31: =J30-K28 -> -3849 | L31: =K30-L28 -> -3147 | M31: =L30-M28 -> -3809 | ... AI31: =AH30-AI28 -> 8471 | AK31: =AJ30-AK28 -> -2071 | AL31: =AK30-AL28 -> -3818 | AM31: =AL30-AM28 -> -5158 | AN31: =AM30-AN28 -> -7105 | AO31: =AN30-AO28 -> -6003 | AP31: =AO30-AP28 -> -803 | AQ31: =AP30-AQ28 -> -609 | AR31: =AQ30-AR28 -> 789 | ... AX31: =AW30-AX28 -> 10449
A33: 两器规格 | B33: 类别 | AH33: 两器规格 | AI33: 类别 | AJ33: 45138 | AK33: 45139 | AL33: 45140 | AM33: 45141 | AN33: 45142 | AO33: 45143 | AP33: 45144 | AQ33: 45145 | AR33: 45146 | AS33: 45147 | AT33: 45148 | AU33: 45149 | AV33: 45150 | AW33: 45151 | AX33: 45152
A34: 18.186 | B34: 挂机 | AH34: 18.186 | AI34: 挂机 | AL34: 3828 | AM34: 1771 | AN34: 0 | AO34: 1290 | AQ34: 906 | AR34: 3802 | AS34: 5110 | AT34: 6460 | AU34: 5550 | AV34: 2300 | AW34: 8320
B35: 产能 | AI35: 产能 | AJ35: 1500 | AK35: 1000 | AL35: 1000 | AM35: 1000 | AN35: 1000 | AO35: 1000 | AP35: 1000 | AQ35: 1000 | AR35: 1000 | AS35: 1000 | AT35: 1000 | AU35: 1000 | AV35: 1000
B36: 库存 | AI36: 库存 | AJ36: 1500 | AK36: =AJ36-AK34+AK35 -> 2500 | AL36: =AK36-AL34+AL35 -> -328 | AM36: =AL36-AM34+AM35 -> -1099 | AN36: =AM36-AN34+AN35 -> -99 | AO36: =AN36-AO34+AO35 -> -389 | AP36: =AO36-AP34+AP35 -> 611 | AQ36: =AP36-AQ34+AQ35 -> 705 | AR36: =AQ36-AR34+AR35 -> -2097 | ... AV36: =AU36-AV34+AV35 -> -17517
B37: T-1天缺口 | AI37: T-1天缺口

Sheet 两器到机台产能匹配
A1: 5MM柜机蒸发器
A2: 两器规格 | B2: 类别 | C2: 总计 | D2: 45137 | E2: 45138 | F2: 45139 | G2: 45140 | H2: 45141 | I2: 45142 | J2: 45143 | K2: 45144 | L2: 45145 | M2: 45146 | N2: 45147 | O2: 45148 | P2: 45149 | Q2: 45150 | R2: 45151 | S2: 45152 | T2: 45153 | U2: 45154 | V2: 45155 | W2: 45156 | X2: 45157 | Y2: 45158 | Z2: 45159
A3: φ5柜机 | B3: 计划 | C3: =SUM(D3:D3) -> 3000 | D3: 3000 | E3: 0 | G3: 5279 | H3: 4302 | I3: 3667 | J3: 5600 | L3: 3826 | M3: 3802 | N3: 5110 | O3: 2200 | P3: 3000 | Q3: 400 | R3: 0 | S3: 3300 | T3: 5051 | U3: 3400 | V3: 3932 | W3: 4400 | Z3: 3822
B4: 产能 | C4: =SUM(D4:D4) -> 4500 | D4: 4500 | E4: 2300 | F4: 4500 | G4: 4500 | H4: 4500 | I4: 4500 | J4: 4500 | K4: 4500 | L4: 4500 | M4: 4500 | N4: 4500 | O4: 4500 | P4: 4500 | Q4: 4500 | R4: 4500 | S4: 4500 | T4: 4500 | U4: 4500 | V4: 4500 | W4: 4500 | X4: 4500 | Y4: 4500 | Z4: 4500
B5: 库存 | C5: 0 | D5: 0 | E5: =D5-E3+E4 -> 2300 | F5: =E5-F3+F4 -> 6800 | G5: =F5-G3+G4 -> 6021 | H5: =G5-H3+H4 -> 6219 | I5: =H5-I3+I4 -> 7052 | J5: =I5-J3+J4 -> 5952 | K5: =J5-K3+K4 -> 10452 | L5: =K5-L3+L4 -> 11126 | ... Z5: =Y5-Z3+Z4 -> 35709
B6: T-1天缺口 | C6: 0 | D6: 0 | E6: =D5-E3 -> 0 | F6: =E5-F3 -> 2300 | G6: =F5-G3 -> 1521 | H6: =G5-H3 -> 1719 | I6: =H5-I3 -> 2552 | J6: =I5-J3 -> 1452 | K6: =J5-K3 -> 5952 | L6: =K5-L3 -> 6626 | ... Z6: =Y5-Z3 -> 31209
A7: 5MM挂机蒸发器
A8: 两器规格 | B8: 类别 | C8: 总计 | D8: 45137 | E8: 45138 | F8: 45139 | G8: 45140 | H8: 45141 | I8: 45142 | J8: 45143 | K8: 45144 | L8: 45145 | M8: 45146 | N8: 45147 | O8: 45148 | P8: 45149 | Q8: 45150 | R8: 45151 | S8: 45152 | T8: 45153 | U8: 45154 | V8: 45155 | W8: 45156 | X8: 45157 | Y8: 45158 | Z8: 45159
A9: φ5挂机 | B9: 计划 | C9: =SUM(D9:E9) -> 7200 | D9: 7200 | E9: 0 | F9: 6743 | G9: 1000 | H9: 4300 | I9: 1290 | J9: 7300 | K9: 0 | L9: 8105 | M9: 3217 | N9: 2400 | O9: 0 | P9: 4228 | Q9: 3194 | R9: 0 | S9: 950 | T9: 2400 | U9: 0 | V9: 4323 | W9: 0 | X9: 0 | Y9: 0 | Z9: 3244
B10: 产能 | C10: =SUM(D10:E10) -> 7500 | D10: 5000 | E10: 2500 | F10: 5000 | G10: 5000 | H10: 5000 | I10: 5000 | J10: 5000 | K10: 5000 | L10: 5000 | M10: 5000 | N10: 5000 | O10: 5000 | P10: 5000 | Q10: 5000 | R10: 5000 | S10: 5000 | T10: 5000 | U10: 5000 | V10: 5000 | W10: 5000 | X10: 5000 | Y10: 5000 | Z10: 5000
B11: 库存 | C11: =SUM(D11:E11) -> 8500 | D11: 3000 | E11: =D11-E9+E10 -> 5500 | F11: =E11-F9+F10 -> 3757 | G11: =F11-G9+G10 -> 7757 | H11: =G11-H9+H10 -> 8457 | I11: =H11-I9+I10 -> 12167 | J11: =I11-J9+J10 -> 9867 | K11: =J11-K9+K10 -> 14867 | L11: =K11-L9+L10 -> 11762 | ... Z11: =Y11-Z9+Z10 -> 57806
B12: T-1天缺口 | C12: =SUM(D12:E12) -> 3000 | D12: 0 | E12: =D11-E9 -> 3000 | F12: =E11-F9 -> -1243 | G12: =F11-G9 -> 2757 | H12: =G11-H9 -> 3457 | I12: =H11-I9 -> 7167 | J12: =I11-J9 -> 4867 | K12: =J11-K9 -> 9867 | L12: =K11-L9 -> 6762 | ... Z12: =Y11-Z9 -> 52806
A13: 21.65冷凝器
A14: 两器规格 | B14: 类别 | C14: 总计 | D14: 45137 | E14: 45138 | F14: 45139 | G14: 45140 | H14: 45141 | I14: 45142 | J14: 45143 | K14: 45144 | L14: 45145 | M14: 45146 | N14: 45147 | O14: 45148 | P14: 45149 | Q14: 45150 | R14: 45151 | S14: 45152 | T14: 45153 | U14: 45154 | V14: 45155 | W14: 45156 | X14: 45157 | Y14: 45158 | Z14: 45159
A15: 21.65冷凝器 | B15: 计划小计 | C15: =SUM(D15:E15) -> 3064 | D15: 3064 | E15: 0 | F15: 5958 | G15: 4305 | H15: 5100 | I15: 3482 | J15: 5262 | K15: 0 | L15: 7605 | M15: 3417 | N15: 2400 | O15: 3005 | P15: 3095 | Q15: 3434 | R15: 0 | S15: 950 | T15: 1041 | U15: 3405 | V15: 6946 | W15: 0 | X15: 0 | Y15: 0 | Z15: 3244
B16: 产能 | C16: =SUM(D16:E16) -> 9500 | D16: 6500 | E16: 3000 | F16: 6500 | G16: 6500 | H16: 6500 | I16: 6500 | J16: 6500 | K16: 6500 | L16: 6500 | M16: 6500 | N16: 6500 | O16: 6500 | P16: 6500 | Q16: 6500 | R16: 6500 | S16: 6500 | T16: 6500 | U16: 6500 | V16: 6500 | W16: 6500 | X16: 6500 | Y16: 6500 | Z16: 6500
B17: 库存 | C17: 0 | D17: 6000 | E17: =D17-E15+E16 -> 9000 | F17: =E17-F15+F16 -> 9542 | G17: =F17-G15+G16 -> 11737 | H17: =G17-H15+H16 -> 13137 | I17: =H17-I15+I16 -> 16155 | J17: =I17-J15+J16 -> 17393 | K17: =J17-K15+K16 -> 23893 | L17: =K17-L15+L16 -> 22788 | ... Z17: =Y17-Z15+Z16 -> 82851
B18: T-1天缺口 | C18: 0 | D18: 0 | E18: =D17-E15 -> 6000 | F18: =E17-F15 -> 3042 | G18: =F17-G15 -> 5237 | H18: =G17-H15 -> 6637 | I18: =H17-I15 -> 9655 | J18: =I17-J15 -> 10893 | K18: =J17-K15 -> 17393 | L18: =K17-L15 -> 16288 | ... Z18: =Y17-Z15 -> 76351
A19: 18.186柜机冷凝器
A20: 两器规格 | B20: 类别 | C20: 总计 | D20: 45137 | E20: 45138 | F20: 45139 | G20: 45140 | H20: 45141 | I20: 45142 | J20: 45143 | K20: 45144 | L20: 45145 | M20: 45146 | N20: 45147 | O20: 45148 | P20: 45149 | Q20: 45150 | R20: 45151 | S20: 45152 | T20: 45153 | U20: 45154 | V20: 45155 | W20: 45156 | X20: 45157 | Y20: 45158 | Z20: 45159
A21: 18.186 | B21: 柜机 | C21: =SUM(D21:E21) -> 7572 | D21: 7572 | E21: 0 | F21: 4992 | G21: 2544 | H21: 5834 | I21: 5111 | J21: 5418 | K21: 0 | L21: 5711 | M21: 3802 | N21: 5110 | O21: 2300 | P21: 5300 | Q21: 6404 | R21: 0 | S21: =6626+487 -> 7113 | T21: 6060 | U21: 3400 | V21: 4240 | W21: 7896 | Z21: 5798
B22: 产能 | C22: =SUM(D22:E22) -> 7700 | D22: 5200 | E22: 2500 | F22: 5200 | G22: 4200 | H22: 5200 | I22: 5200 | J22: 5200 | K22: 5200 | L22: 4000 | M22: 4000 | N22: 4000 | O22: 5200 | P22: 5200 | Q22: 5200 | R22: 5200 | S22: 4000 | T22: 4000 | U22: 5200 | V22: 5200 | W22: 5200 | X22: 5200 | Y22: 5200 | Z22: 5200
B23: 库存 | C23: 0 | D23: 0 | E23: =D23-E21+E22 -> 2500 | F23: =E23-F21+F22 -> 2708 | G23: =F23-G21+G22 -> 4364 | H23: =G23-H21+H22 -> 3730 | I23: =H23-I21+I22 -> 3819 | J23: =I23-J21+J22 -> 3601 | K23: =J23-K21+K22 -> 8801 | L23: =K23-L21+L22 -> 7090 | ... Z23: =Y23-Z21+Z22 -> 17667
B24: T-1天缺口 | C24: 0 | D24: 0 | E24: =D23-E21 -> 0 | F24: =E23-F21 -> -2492 | G24: =F23-G21 -> 164 | H24: =G23-H21 -> -1470 | I24: =H23-I21 -> -1381 | J24: =I23-J21 -> -1599 | K24: =J23-K21 -> 3601 | L24: =K23-L21 -> 3090 | ... Z24: =Y23-Z21 -> 12467
A25: 18.186挂机冷凝器
A26: 两器规格 | B26: 类别 | C26: 总计 | D26: 45137 | E26: 45138 | F26: 45139 | G26: 45140 | H26: 45141 | I26: 45142 | J26: 45143 | K26: 45144 | L26: 45145 | M26: 45146 | N26: 45147 | O26: 45148 | P26: 45149 | Q26: 45150 | R26: 45151 | S26: 45152 | T26: 45153 | U26: 45154 | V26: 45155 | W26: 45156 | X26: 45157 | Y26: 45158 | Z26: 45159
A27: 18.186 | B27: 挂机 | C27: =SUM(D27:L27) -> 7796 | D27: 0 | E27: 0 | F27: 0 | G27: 2300 | H27: 400 | I27: 2662 | J27: 1000 | K27: 0 | L27: 1434 | M27: 2141 | N27: 953 | O27: 2157 | P27: 1133 | Q27: 0 | R27: 0 | S27: =3155+1000 -> 4155 | T27: 3314 | U27: 3402
B28: 产能 | C28: =SUM(D28:L28) -> 10500 | D28: 1000 | E28: 500 | F28: 1000 | G28: 1000 | H28: 1000 | I28: 1000 | J28: 1000 | K28: 1000 | L28: 3000 | M28: 3000 | N28: 3000 | O28: 1000 | P28: 1000 | Q28: 1000 | R28: 1000 | S28: 3000 | T28: 3000 | U28: 1000 | V28: 1000 | W28: 1000 | X28: 1000 | Y28: 1000 | Z28: 1000
B29: 库存 | C29: 0 | D29: 500 | E29: =D29-E27+E28 -> 1000 | F29: =E29-F27+F28 -> 2000 | G29: =F29-G27+G28 -> 700 | H29: =G29-H27+H28 -> 1300 | I29: =H29-I27+I28 -> -362 | J29: =I29-J27+J28 -> -362 | K29: =J29-K27+K28 -> 638 | L29: =K29-L27+L28 -> 2204 | ... Z29: =Y29-Z27+Z28 -> 6949
B30: T-1天缺口 | C30: 0 | D30: 0 | E30: =D29-E27 -> 500 | F30: =E29-F27 -> 1000 | G30: =F29-G27 -> -300 | H30: =G29-H27 -> 300 | I30: =H29-I27 -> -1362 | J30: =I29-J27 -> -1362 | K30: =J29-K27 -> -362 | L30: =K29-L27 -> -796 | ... Z30: =Y29-Z27 -> 5949

Sheet 小单型号分析
A1: 合肥空调12月到周排产小单型号分析
A2: 结构 | B2: 分类 | C2: W49周 | G2: W50周 | K2: W51周 | O2: W52周 | S2: W53周 | W2: W1周 | AA2: W2周 | AE2: W3周 | AI2: W4周 | AM2: W5周 | AQ2: W6周 | AU2: W9周 | AY2: W10周 | BC2: W11周
C3: 小单型号数占比55% 订单量占比13% | G3: 小单型号数占比56%； 订单量占比12% | K3: 小单型号数占比30%； 订单量占比13% | O3: 小单型号数占比44%； 订单量占比7% | S3: 小单型号数占比56%； 订单量占比12% | W3: 小单型号数占比35%； 订单量占比10% | AA3: 小单型号数占比33%； 订单量占比8% | AE3: 小单型号数占比58%； 订单量占比18% | AI3: 小单型号数占比35%； 订单量占比6% | AM3: 小单型号数占比23%； 订单量占比5% | AQ3: 小单型号数占比16%； 订单量占比3% | AU3: 小单型号数占比21%； 订单量占比1% | AY3: 小单型号数占比17%； 订单量占比2% | BC3: 小单型号数占比21%； 订单量占比1%
C4: SKU | E4: 订单量 | G4: SKU | I4: 订单量 | K4: SKU | M4: 订单量 | O4: SKU | Q4: 订单量 | S4: SKU | U4: 订单量 | W4: SKU | Y4: 订单量 | AA4: SKU | AC4: 订单量 | AE4: SKU | AG4: 订单量 | AI4: SKU | AK4: 订单量 | AM4: SKU | AO4: 订单量 | AQ4: SKU | AS4: 订单量 | AU4: SKU | AW4: 订单量 | AY4: SKU | BA4: 订单量 | BC4: SKU | BE4: 订单量
C5: 量 | D5: 占比 | E5: 量 | F5: 占比 | G5: 量 | H5: 占比 | I5: 量 | J5: 占比 | K5: 量 | L5: 占比 | M5: 量 | N5: 占比 | O5: 量 | P5: 占比 | Q5: 量 | R5: 占比 | S5: 量 | T5: 占比 | U5: 量 | V5: 占比 | W5: 量 | X5: 占比 | Y5: 量 | Z5: 占比 | AA5: 量 | AB5: 占比 | AC5: 量 | AD5: 占比 | AE5: 量 | AF5: 占比 | AG5: 量 | AH5: 占比 | AI5: 量 | AJ5: 占比 | AK5: 量 | AL5: 占比 | AM5: 量 | AN5: 占比 | AO5: 量 | AP5: 占比 | AQ5: 量 | AR5: 占比 | AS5: 量 | AT5: 占比 | AU5: 量 | AV5: 占比 | AW5: 量 | AX5: 占比 | AY5: 量 | AZ5: 占比 | BA5: 量 | BB5: 占比 | BC5: 量 | BD5: 占比 | BE5: 量 | BF5: 占比
A6: 挂机 | B6: 小单＜1000 | C6: 1 | D6: =C6/C8 -> 0.14285714 | E6: 390 | F6: =E6/E8 -> 0.0325 | G6: 4 | H6: =G6/G8 -> 0.36363636 | I6: 1495 | J6: =I6/I8 -> 0.06234362 | K6: 3 | L6: =K6/K8 -> 0.3 | M6: 1200 | N6: =M6/M8 -> 0.054545455 | O6: 3 | P6: =O6/O8 -> 0.33333333 | Q6: 1368 | R6: =Q6/Q8 -> 0.065142857 | S6: 1 | T6: =S6/S8 -> 0.125 | U6: 316 | V6: =U6/U8 -> 0.02476489 | W6: 3 | X6: =W6/W8 -> 0.33333333 | Y6: 2060 | Z6: =Y6/Y8 -> 0.095992544 | AA6: 4 | AB6: =AA6/AA8 -> 0.36363636 | AC6: 1655 | AD6: =AC6/AC8 -> 0.065674603 | AE6: 6 | AF6: =AE6/AE8 -> 0.42857143 | AG6: 3767 | AH6: =AG6/AG8 -> 0.13425761 | AI6: 3 | AJ6: =AI6/AI8 -> 0.21428571 | AK6: 2049 | AL6: =AK6/AK8 -> 0.046462585 | AM6: 4 | AN6: =AM6/AM8 -> 0.25 | AO6: 2400 | AP6: =AO6/AO8 -> 0.053452116 | AQ6: 2 | AR6: =AQ6/AQ8 -> 0.15384615 | AS6: 1119 | AT6: =AS6/AS8 -> 0.034430769 | AU6: 0 | AV6: =AU6/AU8 -> 0 | AW6: 0 | AX6: =AW6/AW8 -> 0 | AY6: 1 | AZ6: =AY6/AY8 -> 0.090909091 | BA6: 814 | BB6: =BA6/BA8 -> 0.017022166 | BC6: 0 | BD6: =BC6/BC8 -> 0 | BE6: 0 | BF6: =BE6/BE8 -> 0
B7: 大单≥1000 | C7: 6 | D7: =C7/C8 -> 0.85714286 | E7: 11610 | F7: =E7/E8 -> 0.9675 | G7: 7 | H7: =G7/G8 -> 0.63636364 | I7: 22485 | J7: =I7/I8 -> 0.93765638 | K7: 7 | L7: =K7/K8 -> 0.7 | M7: 20800 | N7: =M7/M8 -> 0.94545455 | O7: 6 | P7: =O7/O8 -> 0.66666667 | Q7: 19632 | R7: =Q7/Q8 -> 0.93485714 | S7: 7 | T7: =S7/S8 -> 0.875 | U7: 12444 | V7: =U7/U8 -> 0.97523511 | W7: 6 | X7: =W7/W8 -> 0.66666667 | Y7: 19400 | Z7: =Y7/Y8 -> 0.90400746 | AA7: 7 | AB7: =AA7/AA8 -> 0.63636364 | AC7: 23545 | AD7: =AC7/AC8 -> 0.9343254 | AE7: 8 | AF7: =AE7/AE8 -> 0.57142857 | AG7: 24291 | AH7: =AG7/AG8 -> 0.86574239 | AI7: 11 | AJ7: =AI7/AI8 -> 0.78571429 | AK7: 42051 | AL7: =AK7/AK8 -> 0.95353741 | AM7: 12 | AN7: =AM7/AM8 -> 0.75 | AO7: 42500 | AP7: =AO7/AO8 -> 0.94654788 | AQ7: 11 | AR7: =AQ7/AQ8 -> 0.84615385 | AS7: 31381 | AT7: =AS7/AS8 -> 0.96556923 | AU7: 6 | AV7: =AU7/AU8 -> 1 | AW7: 22000 | AX7: =AW7/AW8 -> 1 | AY7: 10 | AZ7: =AY7/AY8 -> 0.90909091 | BA7: 47006 | BB7: =BA7/BA8 -> 0.98297783 | BC7: 11 | BD7: =BC7/BC8 -> 1 | BE7: 53760 | BF7: =BE7/BE8 -> 1
B8: 小计 | C8: =C7+C6 -> 7 | D8: / | E8: =E7+E6 -> 12000 | F8: / | G8: =G7+G6 -> 11 | H8: / | I8: =I7+I6 -> 23980 | J8: / | K8: =K7+K6 -> 10 | L8: / | M8: =M7+M6 -> 22000 | N8: / | O8: =O7+O6 -> 9 | P8: / | Q8: =Q7+Q6 -> 21000 | R8: / | S8: =S7+S6 -> 8 | T8: / | U8: =U7+U6 -> 12760 | V8: / | W8: =W7+W6 -> 9 | X8: / | Y8: =Y7+Y6 -> 21460 | Z8: / | AA8: =AA7+AA6 -> 11 | AB8: / | AC8: =AC7+AC6 -> 25200 | AD8: / | AE8: =AE7+AE6 -> 14 | AF8: / | AG8: =AG7+AG6 -> 28058 | AH8: / | AI8: =AI7+AI6 -> 14 | AJ8: / | AK8: =AK7+AK6 -> 44100 | AL8: / | AM8: =AM7+AM6 -> 16 | AN8: / | AO8: =AO7+AO6 -> 44900 | AP8: / | AQ8: =AQ7+AQ6 -> 13 | AR8: / | AS8: =AS7+AS6 -> 32500 | AT8: / | AU8: =AU7+AU6 -> 6 | AV8: / | AW8: =AW7+AW6 -> 22000 | AX8: / | AY8: =AY7+AY6 -> 11 | AZ8: / | BA8: =BA7+BA6 -> 47820 | BB8: / | BC8: =BC7+BC6 -> 11 | BD8: / | BE8: =BE7+BE6 -> 53760 | BF8: /
A9: 柜机 | B9: 小单＜500 | C9: 5 | D9: =C9/C11 -> 0.45454545 | E9: 979 | F9: =E9/E11 -> 0.13058557 | G9: 6 | H9: =G9/G11 -> 0.4 | I9: 1743 | J9: =I9/I11 -> 0.10375 | K9: 3 | L9: =K9/K11 -> 0.21428571 | M9: 700 | N9: =M9/M11 -> 0.037313433 | O9: 5 | P9: =O9/O11 -> 0.33333333 | Q9: 1300 | R9: =Q9/Q11 -> 0.07674144 | S9: 6 | T9: =S9/S11 -> 0.6 | U9: 1704 | V9: =U9/U11 -> 0.18481562 | W9: 6 | X9: =W9/W11 -> 0.31578947 | Y9: 1558 | Z9: =Y9/Y11 -> 0.082521186 | AA9: 5 | AB9: =AA9/AA11 -> 0.2 | AC9: 1800 | AD9: =AC9/AC11 -> 0.060196642 | AE9: 18 | AF9: =AE9/AE11 -> 0.64285714 | AG9: 7776 | AH9: =AG9/AG11 -> 0.24923077 | AI9: 4 | AJ9: =AI9/AI11 -> 0.16 | AK9: 1200 | AL9: =AK9/AK11 -> 0.035087719 | AM9: 2 | AN9: =AM9/AM11 -> 0.074074074 | AO9: 600 | AP9: =AO9/AO11 -> 0.017657446 | AQ9: 0 | AR9: =AQ9/AQ11 -> 0 | AS9: 0 | AT9: =AS9/AS11 -> 0 | AU9: 2 | AV9: =AU9/AU11 -> 0.13333333 | AW9: 301 | AX9: =AW9/AW11 -> 0.013681818 | AY9: 1 | AZ9: =AY9/AY11 -> 0.076923077 | BA9: 400 | BB9: =BA9/BA11 -> 0.012121212 | BC9: 0 | BD9: =BC9/BC11 -> 0 | BE9: 0 | BF9: =BE9/BE11 -> 0
B10: 大单≥500 | C10: 6 | D10: =C10/C11 -> 0.54545455 | E10: 6518 | F10: =E10/E11 -> 0.86941443 | G10: 9 | H10: =G10/G11 -> 0.6 | I10: 15057 | J10: =I10/I11 -> 0.89625 | K10: 11 | L10: =K10/K11 -> 0.78571429 | M10: 18060 | N10: =M10/M11 -> 0.96268657 | O10: 10 | P10: =O10/O11 -> 0.66666667 | Q10: 15640 | R10: =Q10/Q11 -> 0.92325856 | S10: 4 | T10: =S10/S11 -> 0.4 | U10: 7516 | V10: =U10/U11 -> 0.81518438 | W10: 13 | X10: =W10/W11 -> 0.68421053 | Y10: 17322 | Z10: =Y10/Y11 -> 0.91747881 | AA10: 20 | AB10: =AA10/AA11 -> 0.8 | AC10: 28102 | AD10: =AC10/AC11 -> 0.93980336 | AE10: 10 | AF10: =AE10/AE11 -> 0.35714286 | AG10: 23424 | AH10: =AG10/AG11 -> 0.75076923 | AI10: 21 | AJ10: =AI10/AI11 -> 0.84 | AK10: 33000 | AL10: =AK10/AK11 -> 0.96491228 | AM10: 25 | AN10: =AM10/AM11 -> 0.92592593 | AO10: 33380 | AP10: =AO10/AO11 -> 0.98234255 | AQ10: 15 | AR10: =AQ10/AQ11 -> 1 | AS10: 23500 | AT10: =AS10/AS11 -> 1 | AU10: 13 | AV10: =AU10/AU11 -> 0.86666667 | AW10: 21699 | AX10: =AW10/AW11 -> 0.98631818 | AY10: 12 | AZ10: =AY10/AY11 -> 0.92307692 | BA10: 32600 | BB10: =BA10/BA11 -> 0.98787879 | BC10: 19 | BD10: =BC10/BC11 -> 1 | BE10: 35040 | BF10: =BE10/BE11 -> 1
B11: 小计 | C11: =C10+C9 -> 11 | D11: / | E11: =E10+E9 -> 7497 | F11: / | G11: =G10+G9 -> 15 | H11: / | I11: =I10+I9 -> 16800 | J11: / | K11: =K10+K9 -> 14 | L11: / | M11: =M10+M9 -> 18760 | N11: / | O11: =O10+O9 -> 15 | P11: / | Q11: =Q10+Q9 -> 16940 | R11: / | S11: =S10+S9 -> 10 | T11: / | U11: =U10+U9 -> 9220 | V11: / | W11: =W10+W9 -> 19 | X11: / | Y11: =Y10+Y9 -> 18880 | Z11: / | AA11: =AA10+AA9 -> 25 | AB11: / | AC11: =AC10+AC9 -> 29902 | AD11: / | AE11: =AE10+AE9 -> 28 | AF11: / | AG11: =AG10+AG9 -> 31200 | AH11: / | AI11: =AI10+AI9 -> 25 | AJ11: / | AK11: =AK10+AK9 -> 34200 | AL11: / | AM11: =AM10+AM9 -> 27 | AN11: / | AO11: =AO10+AO9 -> 33980 | AP11: / | AQ11: =AQ10+AQ9 -> 15 | AR11: / | AS11: =AS10+AS9 -> 23500 | AT11: / | AU11: =AU10+AU9 -> 15 | AV11: / | AW11: =AW10+AW9 -> 22000 | AX11: / | AY11: =AY10+AY9 -> 13 | AZ11: / | BA11: =BA10+BA9 -> 33000 | BB11: / | BC11: =BC10+BC9 -> 19 | BD11: / | BE11: =BE10+BE9 -> 35040 | BF11: /
A12: 风管机 | B12: 小单＜500 | C12: 12 | D12: =C12/C14 -> 0.8 | E12: 2001 | F12: =E12/E14 -> 0.33107214 | G12: 14 | H12: =G12/G14 -> 0.82352941 | I12: 2920 | J12: =I12/I14 -> 0.29435484 | K12: 5 | L12: =K12/K14 -> 0.38461538 | M12: 650 | N12: =M12/M14 -> 0.079735034 | O12: 8 | P12: =O12/O14 -> 0.66666667 | Q12: 745 | R12: =Q12/Q14 -> 0.080627706 | S12: 12 | T12: =S12/S14 -> 0.75 | U12: 1689 | V12: =U12/U14 -> 0.21017919 | W12: 6 | X12: =W12/W14 -> 0.4 | Y12: 1414 | Z12: =Y12/Y14 -> 0.12838206 | AA12: 8 | AB12: =AA12/AA14 -> 0.5 | AC12: 1749 | AD12: =AC12/AC14 -> 0.15974062 | AE12: 9 | AF12: =AE12/AE14 -> 0.6 | AG12: 1133 | AH12: =AG12/AG14 -> 0.089198551 | AI12: 15 | AJ12: =AI12/AI14 -> 0.65217391 | AK12: 2029 | AL12: =AK12/AK14 -> 0.1886389 | AM12: 8 | AN12: =AM12/AM14 -> 0.44444444 | AO12: 1500 | AP12: =AO12/AO14 -> 0.094900671 | AQ12: 5 | AR12: =AQ12/AQ14 -> 0.29411765 | AS12: 1031 | AT12: =AS12/AS14 -> 0.086413545 | AU12: 5 | AV12: =AU12/AU14 -> 0.41666667 | AW12: 350 | AX12: =AW12/AW14 -> 0.039548023 | AY12: 4 | AZ12: =AY12/AY14 -> 0.33333333 | BA12: 782 | BB12: =BA12/BA14 -> 0.066372433 | BC12: 11 | BD12: =BC12/BC14 -> 0.5 | BE12: 1438 | BF12: =BE12/BE14 -> 0.10862668
B13: 大单≥500 | C13: 3 | D13: =C13/C14 -> 0.2 | E13: 4043 | F13: =E13/E14 -> 0.66892786 | G13: 3 | H13: =G13/G14 -> 0.17647059 | I13: 7000 | J13: =I13/I14 -> 0.70564516 | K13: 8 | L13: =K13/K14 -> 0.61538462 | M13: 7502 | N13: =M13/M14 -> 0.92026497 | O13: 4 | P13: =O13/O14 -> 0.33333333 | Q13: 8495 | R13: =Q13/Q14 -> 0.91937229 | S13: 4 | T13: =S13/S14 -> 0.25 | U13: 6347 | V13: =U13/U14 -> 0.78982081 | W13: 9 | X13: =W13/W14 -> 0.6 | Y13: 9600 | Z13: =Y13/Y14 -> 0.87161794 | AA13: 8 | AB13: =AA13/AA14 -> 0.5 | AC13: 9200 | AD13: =AC13/AC14 -> 0.84025938 | AE13: 6 | AF13: =AE13/AE14 -> 0.4 | AG13: 11569 | AH13: =AG13/AG14 -> 0.91080145 | AI13: 8 | AJ13: =AI13/AI14 -> 0.34782609 | AK13: 8727 | AL13: =AK13/AK14 -> 0.8113611 | AM13: 10 | AN13: =AM13/AM14 -> 0.55555556 | AO13: 14306 | AP13: =AO13/AO14 -> 0.90509933 | AQ13: 12 | AR13: =AQ13/AQ14 -> 0.70588235 | AS13: 10900 | AT13: =AS13/AS14 -> 0.91358646 | AU13: 7 | AV13: =AU13/AU14 -> 0.58333333 | AW13: 8500 | AX13: =AW13/AW14 -> 0.96045198 | AY13: 8 | AZ13: =AY13/AY14 -> 0.66666667 | BA13: 11000 | BB13: =BA13/BA14 -> 0.93362757 | BC13: 11 | BD13: =BC13/BC14 -> 0.5 | BE13: 11800 | BF13: =BE13/BE14 -> 0.89137332
B14: 小计 | C14: =C13+C12 -> 15 | D14: / | E14: =E13+E12 -> 6044 | F14: / | G14: =G13+G12 -> 17 | H14: / | I14: =I13+I12 -> 9920 | J14: / | K14: =K13+K12 -> 13 | L14: / | M14: =M13+M12 -> 8152 | N14: / | O14: =O13+O12 -> 12 | P14: / | Q14: =Q13+Q12 -> 9240 | R14: / | S14: =S13+S12 -> 16 | T14: / | U14: =U13+U12 -> 8036 | V14: / | W14: =W13+W12 -> 15 | X14: / | Y14: =Y13+Y12 -> 11014 | Z14: / | AA14: =AA13+AA12 -> 16 | AB14: / | AC14: =AC13+AC12 -> 10949 | AD14: / | AE14: =AE13+AE12 -> 15 | AF14: / | AG14: =AG13+AG12 -> 12702 | AH14: / | AI14: =AI13+AI12 -> 23 | AJ14: / | AK14: =AK13+AK12 -> 10756 | AL14: / | AM14: =AM13+AM12 -> 18 | AN14: / | AO14: =AO13+AO12 -> 15806 | AP14: / | AQ14: =AQ13+AQ12 -> 17 | AR14: / | AS14: =AS13+AS12 -> 11931 | AT14: / | AU14: =AU13+AU12 -> 12 | AV14: / | AW14: =AW13+AW12 -> 8850 | AX14: / | AY14: =AY13+AY12 -> 12 | AZ14: / | BA14: =BA13+BA12 -> 11782 | BB14: / | BC14: =BC13+BC12 -> 22 | BD14: / | BE14: =BE13+BE12 -> 13238 | BF14: /
A15: 合计 | B15: 小单型号 | C15: =C6+C9+C12 -> 18 | D15: =C15/C16 -> 0.54545455 | E15: =E6+E9+E12 -> 3370 | F15: =E15/E16 -> 0.13194472 | G15: =G6+G9+G12 -> 24 | H15: =G15/G16 -> 0.55813953 | I15: =I6+I9+I12 -> 6158 | J15: =I15/I16 -> 0.12145957 | K15: =K6+K9+K12 -> 11 | L15: =K15/K16 -> 0.2972973 | M15: =M6+M9+M12 -> 2550 | N15: =M15/M16 -> 0.052134446 | O15: =O6+O9+O12 -> 16 | P15: =O15/O16 -> 0.44444444 | Q15: =Q6+Q9+Q12 -> 3413 | R15: =Q15/Q16 -> 0.072339975 | S15: =S6+S9+S12 -> 19 | T15: =S15/S16 -> 0.55882353 | U15: =U6+U9+U12 -> 3709 | V15: =U15/U16 -> 0.12356743 | W15: =W6+W9+W12 -> 15 | X15: =W15/W16 -> 0.34883721 | Y15: =Y6+Y9+Y12 -> 5032 | Z15: =Y15/Y16 -> 0.097986525 | AA15: =AA6+AA9+AA12 -> 17 | AB15: =AA15/AA16 -> 0.32692308 | AC15: =AC6+AC9+AC12 -> 5204 | AD15: =AC15/AC16 -> 0.078787604 | AE15: =AE6+AE9+AE12 -> 33 | AF15: =AE15/AE16 -> 0.57894737 | AG15: =AG6+AG9+AG12 -> 12676 | AH15: =AG15/AG16 -> 0.17615342 | AI15: =AI6+AI9+AI12 -> 22 | AJ15: =AI15/AI16 -> 0.35483871 | AK15: =AK6+AK9+AK12 -> 5278 | AL15: =AK15/AK16 -> 0.05926608 | AM15: =AM6+AM9+AM12 -> 14 | AN15: =AM15/AM16 -> 0.2295082 | AO15: =AO6+AO9+AO12 -> 4500 | AP15: =AO15/AO16 -> 0.047525505 | AQ15: =AQ6+AQ9+AQ12 -> 7 | AR15: =AQ15/AQ16 -> 0.15555556 | AS15: =AS6+AS9+AS12 -> 2150 | AT15: =AS15/AS16 -> 0.031649762 | AU15: =AU6+AU9+AU12 -> 7 | AV15: =AU15/AU16 -> 0.21212121 | AW15: =AW6+AW9+AW12 -> 651 | AX15: =AW15/AW16 -> 0.012317881 | AY15: =AY6+AY9+AY12 -> 6 | AZ15: =AY15/AY16 -> 0.16666667 | BA15: =BA6+BA9+BA12 -> 1996 | BB15: =BA15/BA16 -> 0.02155461 | BC15: =BC6+BC9+BC12 -> 11 | BD15: =BC15/BC16 -> 0.21153846 | BE15: =BE6+BE9+BE12 -> 1438 | BF15: =BE15/BE16 -> 0.014092789
B16: 总量 | C16: =C8+C11+C14 -> 33 | D16: / | E16: =E8+E11+E14 -> 25541 | F16: / | G16: =G8+G11+G14 -> 43 | H16: / | I16: =I8+I11+I14 -> 50700 | J16: / | K16: =K8+K11+K14 -> 37 | L16: / | M16: =M8+M11+M14 -> 48912 | N16: / | O16: =O8+O11+O14 -> 36 | P16: / | Q16: =Q8+Q11+Q14 -> 47180 | R16: / | S16: =S8+S11+S14 -> 34 | T16: / | U16: =U8+U11+U14 -> 30016 | V16: / | W16: =W8+W11+W14 -> 43 | X16: / | Y16: =Y8+Y11+Y14 -> 51354 | Z16: / | AA16: =AA8+AA11+AA14 -> 52 | AB16: / | AC16: =AC8+AC11+AC14 -> 66051 | AD16: / | AE16: =AE8+AE11+AE14 -> 57 | AF16: / | AG16: =AG8+AG11+AG14 -> 71960 | AH16: / | AI16: =AI8+AI11+AI14 -> 62 | AJ16: / | AK16: =AK8+AK11+AK14 -> 89056 | AL16: / | AM16: =AM8+AM11+AM14 -> 61 | AN16: / | AO16: =AO8+AO11+AO14 -> 94686 | AP16: / | AQ16: =AQ8+AQ11+AQ14 -> 45 | AR16: / | AS16: =AS8+AS11+AS14 -> 67931 | AT16: / | AU16: =AU8+AU11+AU14 -> 33 | AV16: / | AW16: =AW8+AW11+AW14 -> 52850 | AX16: / | AY16: =AY8+AY11+AY14 -> 36 | AZ16: / | BA16: =BA8+BA11+BA14 -> 92602 | BB16: / | BC16: =BC8+BC11+BC14 -> 52 | BD16: / | BE16: =BE8+BE11+BE14 -> 102038 | BF16: /

Sheet 半成品消化
A1: 半成品消化-1.23
A2: 序号 | B2: 物料号 | C2: 物料描述 | D2: 库存 | E2: 已储备 | F2: 差异 | G2: 库龄 | I2: 1.23-1.30号消化 | J2: 1.30号结余 | K2: 备注
G3: 21-30天 | H3: 31-60天
A4: 1 | B4: 0010732921F | C4: 21.65挂 冷凝器组 | D4: 70000 | E4: 70000 | F4: =E4-D4 -> 0 | G4: 18000 | H4: 0 | I4: 20000
A5: 2 | B5: 0010733873 | C5: 5mm柜 蒸发器组 | D5: 60000 | E5: 47000 | F5: =E5-D5 -> -13000 | G5: 12000 | H5: 0 | I5: 24000
A6: 3 | B6: 0010734112 | C6: 18.186柜 冷凝器组 | D6: 70000 | E6: 70000 | F6: =E6-D6 -> 0 | G6: 18175 | H6: 22956 | I6: 12427 | J6: =G6+H6-I6 -> 28704 | K6: 仅系统滚动消化
A7: 4 | B7: 0010106642K | C7: 隔板 | D7: 4493 | G7: 0 | H7: 4497 | I7: 1143 | J7: =G7+H7-I7 -> 3354 | K7: 系统 实物都消化

Sheet Sheet1
A1: 整机编码 | B1: 机型 | C1: 显示板 | D1: 内电脑板 | E1: 外电脑板 | F1: 压缩机 | G1: 46082 | H1: 46083 | I1: 46084 | J1: 46085 | K1: 46086 | L1: 46087 | M1: 合计
A2: AAC7X2000 | B2: KFR-26GW/B0MCA81套机 | C2: 0011800324S | D2: 0011800832X | E2: 0011800997AC | F2: 0010734397 | H2: 1099 | M2: 1099
A3: AAABTD00K | B3: KFR-35GW/B0MCA81套机 | C3: 0011800324S | D3: 0011800832F | E3: 0011800997CC | F3: 0010737361 | H3: 1500 | I3: 2000 | J3: 1301 | M3: 4801
A4: AAC7U9000 | B4: KFR-35GW/A0MCG81UF套机 | C4: 0011800387D | D4: 0011800832R | E4: 0011800997BA | F4: 0010737361 | H4: 400 | M4: 400
A5: AACEM2000 | B5: KFR-35GW/LXCA-1Pro套机 | C5: 0011801100 | D5: 0011801824E | E5: 0011801490CQ | F5: 0010749421 | J5: 1500 | K5: 1281 | M5: 2781
A6: AAC7H1000 | B6: KFR-35GW/B1KWA81U1套机 | C6: 0011801125 | D6: 0011800691AN | E6: 0011800997CC | F6: 0010737361 | H6: 1156 | M6: 1156
A7: AAC7H0003 | B7: KFR-35GW/C200-1套机 | C7: 0011801125 | D7: 0011800691AN | E7: 0011800997CD | F7: 0010744617 | I7: 2000 | J7: 2000 | K7: 3500 | L7: 2530 | M7: 10030
A8: AACJ0R000 | B8: KFR-35GW/J200-1套机 | C8: 0011801125 | D8: 0011801583R | E8: 0011800997CA | F8: 0010737361Z | L8: 1000 | M8: 1000
A9: AACXH1000 | B9: KFR-35GW/Z500-1Pro套机 | C9: 0011801911 | D9: 0011801583P | E9: 0011801490S | F9: 0010744383Z | L9: 1324 | M9: 1324
A10: AACXHV000 | B10: KFR-35GW/Z500-1套机 | C10: 0011801911 | D10: 0011801583P | E10: 0011801490AA | F10: 0010744383Z | L10: 1669 | M10: 1669
A11: AADBA0000 | B11: KFR-35GW/Z200-1套机 | C11: 0011801125 | D11: 0011802046G | E11: 0011802120C | F11: 0010744383 | I11: 1599 | M11: 1599
