Workbook

Sheet Sheet1
A1: W11周生产计划2.27下发
A2: 工厂 | B2: 物料号 | C2: 1088编码 | D2: 配额 | E2: 物料描述 | F2: 供应商 | G2: 不良 | H2: 工厂 | I2: 代理 | J2: 合计 | K2: 在制 | L2: 备注 | M2: 周缺口 | N2: 周合计 | O2: 合计 | P2: 2026.02.26 | Q2: 2026.02.28 | R2: 2026.03.01 | S2: 2026.03.02 | T2: 2026.03.03 | U2: 2026.03.04 | V2: 2026.03.05 | W2: 2026.03.06 | X2: 2026.03.08 | Y2: 2026.03.09 | Z2: 2026.03.10 | AA2: 2026.03.11 | AB2: T+2前一天
A3: 一厂 | B3: 0011800387D | C3: 10880029033 | D3: 30 | G3: =VLOOKUP(C3,[1]Data!$A:$K,11,FALSE) -> 106 | H3: =VLOOKUP(C3,'[1]Data (2)'!$A:$K,11,FALSE) -> 6354 | I3: =VLOOKUP(B3,'[2]2月份'!$A:$F,6,FALSE) -> 1590 | J3: =I3+H3 -> 7944 | K3: =VLOOKUP(C3,[3]保留到5!$A:$B,2,FALSE) -> 22162 | L3: 待排产2W，2/10，2/11入库 | M3: =K3+J3-N3 -> -68239 | N3: =SUM(P3:AA3) -> 98345 | O3: =SUM(P3:AB3) -> 125321 | P3: 6166 | Q3: 5125 | R3: 10846 | S3: 14433 | T3: 6387 | U3: 18389 | V3: 11708 | W3: 3468 | X3: 5115 | Y3: 4883 | Z3: 11335 | AA3: 490 | AB3: 26976
A4: 一厂 | B4: 0011800537C | C4: =VLOOKUP(B4,'[4]项目编码 '!$B$1:$C$65536,2,FALSE) -> 10880017949 | D4: =VLOOKUP(B4,[5]sheet!$C$1:$H$65536,6,FALSE) -> 70 | E4: =VLOOKUP(B:B,[6]配额0227!$A:$B,2,0) -> 室内电脑板-CEM-1 | F4: =VLOOKUP(B:B,'[7]厂家配额 (新)'!$A$1:$C$65536,3,0) -> 和而泰/领智// | G4: =VLOOKUP(C4,[1]Data!$A:$K,11,FALSE) -> 6 | I4: =VLOOKUP(B4,'[2]2月份'!$A:$F,6,FALSE) -> 1409 | J4: =I4+H4 -> 1409 | K4: =VLOOKUP(C4,[3]保留到5!$A:$B,2,FALSE) -> 9011 | L4: 待排产1.5W，9/10/11入5K | M4: =K4+J4-N4 -> -3891 | N4: =SUM(P4:AA4) -> 14311 | O4: =SUM(P4:AB4) -> 32658 | P4: 2402 | Q4: 2254 | R4: 1130 | S4: 0 | T4: 3634 | U4: 942 | V4: 699 | W4: 371 | X4: 1600 | Y4: 0 | Z4: 1279 | AA4: 0 | AB4: 18347
A5: 一厂 | B5: 0011800630J | C5: =VLOOKUP(B5,'[4]项目编码 '!$B$1:$C$65536,2,FALSE) -> 10880017527 | D5: =VLOOKUP(B5,[5]sheet!$C$1:$H$65536,6,FALSE) -> 70 | E5: =VLOOKUP(B:B,[6]配额0227!$A:$B,2,0) -> 室内电脑板-CEM-1室内电脑板俄罗斯07/09/12P系列室内电脑板 | F5: =VLOOKUP(B:B,'[7]厂家配额 (新)'!$A$1:$C$65536,3,0) -> 和而泰/领智// | G5: =VLOOKUP(C5,[1]Data!$A:$K,11,FALSE) -> 1 | I5: =VLOOKUP(B5,'[2]2月份'!$A:$F,6,FALSE) -> 898 | J5: =I5+H5 -> 898 | K5: =VLOOKUP(C5,[3]保留到5!$A:$B,2,FALSE) -> 3200 | M5: =K5+J5-N5 -> 3289 | N5: =SUM(P5:AA5) -> 809 | O5: =SUM(P5:AB5) -> 5855 | P5: 0 | Q5: 230 | R5: 579 | S5: 0 | T5: 0 | U5: 0 | V5: 0 | W5: 0 | X5: 0 | Y5: 0 | Z5: 0 | AA5: 0 | AB5: 5046
A6: 一厂 | B6: 0011800630K | C6: =VLOOKUP(B6,'[4]项目编码 '!$B$1:$C$65536,2,FALSE) -> 10880017516 | D6: =VLOOKUP(B6,[5]sheet!$C$1:$H$65536,6,FALSE) -> 70 | E6: =VLOOKUP(B:B,[6]配额0227!$A:$B,2,0) -> 室内电脑板-CEM-1室内电脑板 | F6: =VLOOKUP(B:B,'[7]厂家配额 (新)'!$A$1:$C$65536,3,0) -> 和而泰/领智// | G6: =VLOOKUP(C6,[1]Data!$A:$K,11,FALSE) -> 315 | H6: =VLOOKUP(C6,'[1]Data (2)'!$A:$K,11,FALSE) -> 4 | I6: =VLOOKUP(B6,'[2]2月份'!$A:$F,6,FALSE) -> 1264 | J6: =I6+H6 -> 1268 | K6: =VLOOKUP(C6,[3]保留到5!$A:$B,2,FALSE) -> 1000 | M6: =K6+J6-N6 -> 1028 | N6: =SUM(P6:AA6) -> 1240 | O6: =SUM(P6:AB6) -> 1990 | P6: 0 | Q6: 660 | R6: 0 | S6: 0 | T6: 0 | U6: 0 | V6: 580 | W6: 0 | X6: 0 | Y6: 0 | Z6: 0 | AA6: 0 | AB6: 750
A7: 一厂 | B7: 0011800630L | C7: =VLOOKUP(B7,'[4]项目编码 '!$B$1:$C$65536,2,FALSE) -> 10880017525 | D7: =VLOOKUP(B7,[5]sheet!$C$1:$H$65536,6,FALSE) -> 70 | E7: =VLOOKUP(B:B,[6]配额0227!$A:$B,2,0) -> 室内电脑板-CEM-1室内电脑板泰国09/12P系列定频室内电脑板 | F7: =VLOOKUP(B:B,'[7]厂家配额 (新)'!$A$1:$C$65536,3,0) -> 和而泰/领智// | I7: =VLOOKUP(B7,'[2]2月份'!$A:$F,6,FALSE) -> 893 | J7: =I7+H7 -> 893 | K7: =VLOOKUP(C7,[3]保留到5!$A:$B,2,FALSE) -> 1000 | L7: 在制3/1入库 | M7: =K7+J7-N7 -> -198 | N7: =SUM(P7:AA7) -> 2091 | O7: =SUM(P7:AB7) -> 4945 | P7: 0 | Q7: 0 | R7: 0 | S7: 1821 | T7: 0 | U7: 0 | V7: 0 | W7: 270 | X7: 0 | Y7: 0 | Z7: 0 | AA7: 0 | AB7: 2854
A8: 一厂 | B8: 0011800630M | C8: =VLOOKUP(B8,'[4]项目编码 '!$B$1:$C$65536,2,FALSE) -> 10880017524 | D8: =VLOOKUP(B8,[5]sheet!$C$1:$H$65536,6,FALSE) -> 70 | E8: =VLOOKUP(B:B,[6]配额0227!$A:$B,2,0) -> 室内电脑板-CEM-1室内电脑板俄罗斯07/09/12P系列室内电脑板 | F8: =VLOOKUP(B:B,'[7]厂家配额 (新)'!$A$1:$C$65536,3,0) -> 和而泰/领智// | I8: =VLOOKUP(B8,'[2]2月份'!$A:$F,6,FALSE) -> 885 | J8: =I8+H8 -> 885 | K8: =VLOOKUP(C8,[3]保留到5!$A:$B,2,FALSE) -> 900 | L8: 待排产4500，3/11入库 | M8: =K8+J8-N8 -> 340 | N8: =SUM(P8:AA8) -> 1445 | O8: =SUM(P8:AB8) -> 6470 | P8: 100 | Q8: 382 | R8: 0 | S8: 0 | T8: 115 | U8: 0 | V8: 0 | W8: 848 | X8: 0 | Y8: 0 | Z8: 0 | AA8: 0 | AB8: 5025
A9: 二厂 | B9: 0011800630P | C9: =VLOOKUP(B9,'[4]项目编码 '!$B$1:$C$65536,2,FALSE) -> 10880017526 | D9: =VLOOKUP(B9,[5]sheet!$C$1:$H$65536,6,FALSE) -> 70 | E9: =VLOOKUP(B:B,[6]配额0227!$A:$B,2,0) -> 室内电脑板-CEM-1室内电脑板(压敏、保险和继电器防爆)印尼290项目室内电脑 | F9: =VLOOKUP(B:B,'[7]厂家配额 (新)'!$A$1:$C$65536,3,0) -> 和而泰/领智// | I9: =VLOOKUP(B9,'[2]2月份'!$A:$F,6,FALSE) -> 1008 | J9: =I9+H9 -> 1008 | M9: =K9+J9-N9 -> 838 | N9: =SUM(P9:AA9) -> 170 | O9: =SUM(P9:AB9) -> 170 | P9: 0 | Q9: 0 | R9: 0 | S9: 0 | T9: 170 | U9: 0 | V9: 0 | W9: 0 | X9: 0 | Y9: 0 | Z9: 0 | AA9: 0 | AB9: 0
A10: 二厂 | B10: 0011800630S | C10: =VLOOKUP(B10,'[4]项目编码 '!$B$1:$C$65536,2,FALSE) -> 10880020222 | D10: =VLOOKUP(B10,[5]sheet!$C$1:$H$65536,6,FALSE) -> 30 | E10: =VLOOKUP(B:B,[6]配额0227!$A:$B,2,0) -> 室内电脑板-/ | F10: =VLOOKUP(B:B,'[7]厂家配额 (新)'!$A$1:$C$65536,3,0) -> 航嘉/和而泰// | G10: =VLOOKUP(C10,[1]Data!$A:$K,11,FALSE) -> 1 | I10: =VLOOKUP(B10,'[2]2月份'!$A:$F,6,FALSE) -> 1117 | J10: =I10+H10 -> 1117 | M10: =K10+J10-N10 -> 891 | N10: =SUM(P10:AA10) -> 226 | O10: =SUM(P10:AB10) -> 226 | P10: 0 | Q10: 0 | R10: 0 | S10: 0 | T10: 226 | U10: 0 | V10: 0 | W10: 0 | X10: 0 | Y10: 0 | Z10: 0 | AA10: 0 | AB10: 0
A11: 一厂 | B11: 0011800646A | C11: =VLOOKUP(B11,'[4]项目编码 '!$B$1:$C$65536,2,FALSE) -> 10880017530 | D11: =VLOOKUP(B11,[5]sheet!$C$1:$H$65536,6,FALSE) -> 70 | E11: =VLOOKUP(B:B,[6]配额0227!$A:$B,2,0) -> 室内电脑板-FR-4 | F11: =VLOOKUP(B:B,'[7]厂家配额 (新)'!$A$1:$C$65536,3,0) -> 和而泰/领智// | H11: =VLOOKUP(C11,'[1]Data (2)'!$A:$K,11,FALSE) -> 23 | I11: =VLOOKUP(B11,'[2]2月份'!$A:$F,6,FALSE) -> 16 | J11: =I11+H11 -> 39 | M11: =K11+J11-N11 -> 9 | N11: =SUM(P11:AA11) -> 30 | O11: =SUM(P11:AB11) -> 30 | P11: 0 | Q11: 0 | R11: 0 | S11: 0 | T11: 0 | U11: 0 | V11: 0 | W11: 30 | X11: 0 | Y11: 0 | Z11: 0 | AA11: 0 | AB11: 0

Sheet Sheet1 (3)
A1: W11周生产计划2.27下发
A2: 工厂 | B2: 物料号 | C2: 1088编码 | D2: 配额 | E2: 物料描述 | F2: 供应商 | J2: 不良 | K2: 工厂 | L2: 代理 | M2: 合计 | N2: 在制 | O2: 备注 | P2: 周缺口 | Q2: 周合计 | R2: 合计 | S2: 2026.02.26 | T2: 2026.02.28 | U2: 2026.03.01 | V2: 2026.03.02 | W2: 2026.03.03 | X2: 2026.03.04 | Y2: 2026.03.05 | Z2: 2026.03.06 | AA2: 2026.03.08 | AB2: 2026.03.09 | AC2: 2026.03.10 | AD2: 2026.03.11 | AE2: T+2前一天
A3: 一厂 | B3: 0011800387D | C3: 10880029033 | D3: 30 | G3: =VLOOKUP(B3,[8]物料价格查询导出!$B:$I,8,FALSE) -> 4.50 | H3: =I3*G3 -> 6918.75 | I3: =Q3*D3/100 -> 1537.5 | J3: =VLOOKUP(C3,[1]Data!$A:$K,11,FALSE) -> 106 | K3: =VLOOKUP(C3,'[1]Data (2)'!$A:$K,11,FALSE) -> 6354 | L3: =VLOOKUP(B3,'[2]2月份'!$A:$F,6,FALSE) -> 1590 | M3: =L3+K3 -> 7944 | N3: =VLOOKUP(C3,[3]保留到5!$A:$B,2,FALSE) -> 22162 | O3: 待排产2W，2/10，2/11入库 | P3: =N3+M3-Q3 -> 24981 | Q3: =SUM(T3) -> 5125 | R3: =SUM(S3:AE3) -> 125321 | S3: 6166 | T3: 5125 | U3: 10846 | V3: 14433 | W3: 6387 | X3: 18389 | Y3: 11708 | Z3: 3468 | AA3: 5115 | AB3: 4883 | AC3: 11335 | AD3: 490 | AE3: 26976
A4: 一厂 | B4: 0011800537C | C4: =VLOOKUP(B4,'[4]项目编码 '!$B$1:$C$65536,2,FALSE) -> 10880017949 | D4: =VLOOKUP(B4,[5]sheet!$C$1:$H$65536,6,FALSE) -> 70 | E4: =VLOOKUP(B:B,[6]配额0227!$A:$B,2,0) -> 室内电脑板-CEM-1 | F4: =VLOOKUP(B:B,'[7]厂家配额 (新)'!$A$1:$C$65536,3,0) -> 和而泰/领智// | G4: =VLOOKUP(B4,[8]物料价格查询导出!$B:$I,8,FALSE) -> 19.28 | H4: =I4*G4 -> 30419.984 | I4: =Q4*D4/100 -> 1577.8 | J4: =VLOOKUP(C4,[1]Data!$A:$K,11,FALSE) -> 6 | L4: =VLOOKUP(B4,'[2]2月份'!$A:$F,6,FALSE) -> 1409 | M4: =L4+K4 -> 1409 | N4: =VLOOKUP(C4,[3]保留到5!$A:$B,2,FALSE) -> 9011 | O4: 待排产1.5W，9/10/11入5K | P4: =N4+M4-Q4 -> 8166 | Q4: =SUM(T4) -> 2254 | R4: =SUM(S4:AE4) -> 32658 | S4: 2402 | T4: 2254 | U4: 1130 | V4: 0 | W4: 3634 | X4: 942 | Y4: 699 | Z4: 371 | AA4: 1600 | AB4: 0 | AC4: 1279 | AD4: 0 | AE4: 18347
A5: 一厂 | B5: 0011800630J | C5: =VLOOKUP(B5,'[4]项目编码 '!$B$1:$C$65536,2,FALSE) -> 10880017527 | D5: =VLOOKUP(B5,[5]sheet!$C$1:$H$65536,6,FALSE) -> 70 | E5: =VLOOKUP(B:B,[6]配额0227!$A:$B,2,0) -> 室内电脑板-CEM-1室内电脑板俄罗斯07/09/12P系列室内电脑板 | F5: =VLOOKUP(B:B,'[7]厂家配额 (新)'!$A$1:$C$65536,3,0) -> 和而泰/领智// | G5: =VLOOKUP(B5,[8]物料价格查询导出!$B:$I,8,FALSE) -> 27.66 | H5: =I5*G5 -> 4453.26 | I5: =Q5*D5/100 -> 161 | J5: =VLOOKUP(C5,[1]Data!$A:$K,11,FALSE) -> 1 | L5: =VLOOKUP(B5,'[2]2月份'!$A:$F,6,FALSE) -> 898 | M5: =L5+K5 -> 898 | N5: =VLOOKUP(C5,[3]保留到5!$A:$B,2,FALSE) -> 3200 | P5: =N5+M5-Q5 -> 3868 | Q5: =SUM(T5) -> 230 | R5: =SUM(S5:AE5) -> 5855 | S5: 0 | T5: 230 | U5: 579 | V5: 0 | W5: 0 | X5: 0 | Y5: 0 | Z5: 0 | AA5: 0 | AB5: 0 | AC5: 0 | AD5: 0 | AE5: 5046
A6: 一厂 | B6: 0011800630K | C6: =VLOOKUP(B6,'[4]项目编码 '!$B$1:$C$65536,2,FALSE) -> 10880017516 | D6: =VLOOKUP(B6,[5]sheet!$C$1:$H$65536,6,FALSE) -> 70 | E6: =VLOOKUP(B:B,[6]配额0227!$A:$B,2,0) -> 室内电脑板-CEM-1室内电脑板 | F6: =VLOOKUP(B:B,'[7]厂家配额 (新)'!$A$1:$C$65536,3,0) -> 和而泰/领智// | G6: =VLOOKUP(B6,[8]物料价格查询导出!$B:$I,8,FALSE) -> 25.65 | H6: =I6*G6 -> 11850.3 | I6: =Q6*D6/100 -> 462 | J6: =VLOOKUP(C6,[1]Data!$A:$K,11,FALSE) -> 315 | K6: =VLOOKUP(C6,'[1]Data (2)'!$A:$K,11,FALSE) -> 4 | L6: =VLOOKUP(B6,'[2]2月份'!$A:$F,6,FALSE) -> 1264 | M6: =L6+K6 -> 1268 | N6: =VLOOKUP(C6,[3]保留到5!$A:$B,2,FALSE) -> 1000 | P6: =N6+M6-Q6 -> 1608 | Q6: =SUM(T6) -> 660 | R6: =SUM(S6:AE6) -> 1990 | S6: 0 | T6: 660 | U6: 0 | V6: 0 | W6: 0 | X6: 0 | Y6: 580 | Z6: 0 | AA6: 0 | AB6: 0 | AC6: 0 | AD6: 0 | AE6: 750
A7: 一厂 | B7: 0011800630L | C7: =VLOOKUP(B7,'[4]项目编码 '!$B$1:$C$65536,2,FALSE) -> 10880017525 | D7: =VLOOKUP(B7,[5]sheet!$C$1:$H$65536,6,FALSE) -> 70 | E7: =VLOOKUP(B:B,[6]配额0227!$A:$B,2,0) -> 室内电脑板-CEM-1室内电脑板泰国09/12P系列定频室内电脑板 | F7: =VLOOKUP(B:B,'[7]厂家配额 (新)'!$A$1:$C$65536,3,0) -> 和而泰/领智// | G7: =VLOOKUP(B7,[8]物料价格查询导出!$B:$I,8,FALSE) -> 23.85 | H7: =I7*G7 -> 0 | I7: =Q7*D7/100 -> 0 | L7: =VLOOKUP(B7,'[2]2月份'!$A:$F,6,FALSE) -> 893 | M7: =L7+K7 -> 893 | N7: =VLOOKUP(C7,[3]保留到5!$A:$B,2,FALSE) -> 1000 | O7: 在制3/1入库 | P7: =N7+M7-Q7 -> 1893 | Q7: =SUM(T7) -> 0 | R7: =SUM(S7:AE7) -> 4945 | S7: 0 | T7: 0 | U7: 0 | V7: 1821 | W7: 0 | X7: 0 | Y7: 0 | Z7: 270 | AA7: 0 | AB7: 0 | AC7: 0 | AD7: 0 | AE7: 2854
A8: 一厂 | B8: 0011800630M | C8: =VLOOKUP(B8,'[4]项目编码 '!$B$1:$C$65536,2,FALSE) -> 10880017524 | D8: =VLOOKUP(B8,[5]sheet!$C$1:$H$65536,6,FALSE) -> 70 | E8: =VLOOKUP(B:B,[6]配额0227!$A:$B,2,0) -> 室内电脑板-CEM-1室内电脑板俄罗斯07/09/12P系列室内电脑板 | F8: =VLOOKUP(B:B,'[7]厂家配额 (新)'!$A$1:$C$65536,3,0) -> 和而泰/领智// | G8: =VLOOKUP(B8,[8]物料价格查询导出!$B:$I,8,FALSE) -> 27.69 | H8: =I8*G8 -> 7404.306 | I8: =Q8*D8/100 -> 267.4 | L8: =VLOOKUP(B8,'[2]2月份'!$A:$F,6,FALSE) -> 885 | M8: =L8+K8 -> 885 | N8: =VLOOKUP(C8,[3]保留到5!$A:$B,2,FALSE) -> 900 | O8: 待排产4500，3/11入库 | P8: =N8+M8-Q8 -> 1403 | Q8: =SUM(T8) -> 382 | R8: =SUM(S8:AE8) -> 6470 | S8: 100 | T8: 382 | U8: 0 | V8: 0 | W8: 115 | X8: 0 | Y8: 0 | Z8: 848 | AA8: 0 | AB8: 0 | AC8: 0 | AD8: 0 | AE8: 5025
A9: 二厂 | B9: 0011800630P | C9: =VLOOKUP(B9,'[4]项目编码 '!$B$1:$C$65536,2,FALSE) -> 10880017526 | D9: =VLOOKUP(B9,[5]sheet!$C$1:$H$65536,6,FALSE) -> 70 | E9: =VLOOKUP(B:B,[6]配额0227!$A:$B,2,0) -> 室内电脑板-CEM-1室内电脑板(压敏、保险和继电器防爆)印尼290项目室内电脑 | F9: =VLOOKUP(B:B,'[7]厂家配额 (新)'!$A$1:$C$65536,3,0) -> 和而泰/领智// | G9: =VLOOKUP(B9,[8]物料价格查询导出!$B:$I,8,FALSE) -> 25.90 | H9: =I9*G9 -> 0 | I9: =Q9*D9/100 -> 0 | L9: =VLOOKUP(B9,'[2]2月份'!$A:$F,6,FALSE) -> 1008 | M9: =L9+K9 -> 1008 | P9: =N9+M9-Q9 -> 1008 | Q9: =SUM(T9) -> 0 | R9: =SUM(S9:AE9) -> 170 | S9: 0 | T9: 0 | U9: 0 | V9: 0 | W9: 170 | X9: 0 | Y9: 0 | Z9: 0 | AA9: 0 | AB9: 0 | AC9: 0 | AD9: 0 | AE9: 0
A10: 二厂 | B10: 0011800630S | C10: =VLOOKUP(B10,'[4]项目编码 '!$B$1:$C$65536,2,FALSE) -> 10880020222 | D10: =VLOOKUP(B10,[5]sheet!$C$1:$H$65536,6,FALSE) -> 30 | E10: =VLOOKUP(B:B,[6]配额0227!$A:$B,2,0) -> 室内电脑板-/ | F10: =VLOOKUP(B:B,'[7]厂家配额 (新)'!$A$1:$C$65536,3,0) -> 航嘉/和而泰// | G10: =VLOOKUP(B10,[8]物料价格查询导出!$B:$I,8,FALSE) -> 29.25 | H10: =I10*G10 -> 0 | I10: =Q10*D10/100 -> 0 | J10: =VLOOKUP(C10,[1]Data!$A:$K,11,FALSE) -> 1 | L10: =VLOOKUP(B10,'[2]2月份'!$A:$F,6,FALSE) -> 1117 | M10: =L10+K10 -> 1117 | P10: =N10+M10-Q10 -> 1117 | Q10: =SUM(T10) -> 0 | R10: =SUM(S10:AE10) -> 226 | S10: 0 | T10: 0 | U10: 0 | V10: 0 | W10: 226 | X10: 0 | Y10: 0 | Z10: 0 | AA10: 0 | AB10: 0 | AC10: 0 | AD10: 0 | AE10: 0
A11: 一厂 | B11: 0011800646A | C11: =VLOOKUP(B11,'[4]项目编码 '!$B$1:$C$65536,2,FALSE) -> 10880017530 | D11: =VLOOKUP(B11,[5]sheet!$C$1:$H$65536,6,FALSE) -> 70 | E11: =VLOOKUP(B:B,[6]配额0227!$A:$B,2,0) -> 室内电脑板-FR-4 | F11: =VLOOKUP(B:B,'[7]厂家配额 (新)'!$A$1:$C$65536,3,0) -> 和而泰/领智// | G11: =VLOOKUP(B11,[8]物料价格查询导出!$B:$I,8,FALSE) -> 40.69 | H11: =I11*G11 -> 0 | I11: =Q11*D11/100 -> 0 | K11: =VLOOKUP(C11,'[1]Data (2)'!$A:$K,11,FALSE) -> 23 | L11: =VLOOKUP(B11,'[2]2月份'!$A:$F,6,FALSE) -> 16 | M11: =L11+K11 -> 39 | P11: =N11+M11-Q11 -> 39 | Q11: =SUM(T11) -> 0 | R11: =SUM(S11:AE11) -> 30 | S11: 0 | T11: 0 | U11: 0 | V11: 0 | W11: 0 | X11: 0 | Y11: 0 | Z11: 30 | AA11: 0 | AB11: 0 | AC11: 0 | AD11: 0 | AE11: 0
A12: 一厂 | B12: 0011800646D | C12: =VLOOKUP(B12,'[4]项目编码 '!$B$1:$C$65536,2,FALSE) -> 10880017531 | D12: =VLOOKUP(B12,[5]sheet!$C$1:$H$65536,6,FALSE) -> 70 | E12: =VLOOKUP(B:B,[6]配额0227!$A:$B,2,0) -> 室内电脑板-FR-4--- | F12: =VLOOKUP(B:B,'[7]厂家配额 (新)'!$A$1:$C$65536,3,0) -> 和而泰/领智// | G12: =VLOOKUP(B12,[8]物料价格查询导出!$B:$I,8,FALSE) -> 40.97 | H12: =I12*G12 -> 0 | I12: =Q12*D12/100 -> 0 | J12: =VLOOKUP(C12,[1]Data!$A:$K,11,FALSE) -> 1 | L12: =VLOOKUP(B12,'[2]2月份'!$A:$F,6,FALSE) -> 9 | M12: =L12+K12 -> 9 | O12: 李灿库存758 | P12: =N12+M12-Q12 -> 9 | Q12: =SUM(T12) -> 0 | R12: =SUM(S12:AE12) -> 10 | S12: 0 | T12: 0 | U12: 0 | V12: 0 | W12: 0 | X12: 0 | Y12: 0 | Z12: 0 | AA12: 0 | AB12: 0 | AC12: 10 | AD12: 0 | AE12: 0
A13: 一厂 | B13: 0011800646L | C13: =VLOOKUP(B13,'[4]项目编码 '!$B$1:$C$65536,2,FALSE) -> 10880017536 | D13: =VLOOKUP(B13,[5]sheet!$C$1:$H$65536,6,FALSE) -> 70 | E13: =VLOOKUP(B:B,[6]配额0227!$A:$B,2,0) -> 室内电脑板-FR-4/ | F13: =VLOOKUP(B:B,'[7]厂家配额 (新)'!$A$1:$C$65536,3,0) -> 和而泰/领智// | G13: =VLOOKUP(B13,[8]物料价格查询导出!$B:$I,8,FALSE) -> 40.97 | H13: =I13*G13 -> 0 | I13: =Q13*D13/100 -> 0 | J13: =VLOOKUP(C13,[1]Data!$A:$K,11,FALSE) -> 70 | K13: =VLOOKUP(C13,'[1]Data (2)'!$A:$K,11,FALSE) -> 202 | L13: =VLOOKUP(B13,'[2]2月份'!$A:$F,6,FALSE) -> 16 | M13: =L13+K13 -> 218 | N13: =VLOOKUP(C13,[3]保留到5!$A:$B,2,FALSE) -> 1800 | O13: 李灿库存1704 | P13: =N13+M13-Q13 -> 2018 | Q13: =SUM(T13) -> 0 | R13: =SUM(S13:AE13) -> 3405 | S13: 0 | T13: 0 | U13: 0 | V13: 1650 | W13: 0 | X13: 1650 | Y13: 0 | Z13: 0 | AA13: 5 | AB13: 0 | AC13: 0 | AD13: 0 | AE13: 100
A14: 一厂 | B14: 0011800697AC | C14: =VLOOKUP(B14,'[4]项目编码 '!$B$1:$C$65536,2,FALSE) -> 10880034629 | D14: =VLOOKUP(B14,[5]sheet!$C$1:$H$65536,6,FALSE) -> 30 | E14: =VLOOKUP(B:B,[6]配额0227!$A:$B,2,0) -> 室内电脑板-CEM-1 | F14: =VLOOKUP(B:B,'[7]厂家配额 (新)'!$A$1:$C$65536,3,0) -> 领智/和而泰// | G14: =VLOOKUP(B14,[8]物料价格查询导出!$B:$I,8,FALSE) -> 36.99 | H14: =I14*G14 -> 0 | I14: =Q14*D14/100 -> 0 | L14: =VLOOKUP(B14,'[2]2月份'!$A:$F,6,FALSE) -> 48 | M14: =L14+K14 -> 48 | P14: =N14+M14-Q14 -> 48 | Q14: =SUM(T14) -> 0 | R14: =SUM(S14:AE14) -> 3 | S14: 0 | T14: 0 | U14: 3 | V14: 0 | W14: 0 | X14: 0 | Y14: 0 | Z14: 0 | AA14: 0 | AB14: 0 | AC14: 0 | AD14: 0 | AE14: 0
A15: 一厂 | B15: 0011800722GCH | C15: =VLOOKUP(B15,'[4]项目编码 '!$B$1:$C$65536,2,FALSE) -> 10880036513 | D15: =VLOOKUP(B15,[5]sheet!$C$1:$H$65536,6,FALSE) -> 70 | E15: =VLOOKUP(B:B,[6]配额0227!$A:$B,2,0) -> 室内电脑板-CEM-1 | F15: =VLOOKUP(B:B,'[7]厂家配额 (新)'!$A$1:$C$65536,3,0) -> 和而泰/康美特// | G15: =VLOOKUP(B15,[8]物料价格查询导出!$B:$I,8,FALSE) -> 21.47 | H15: =I15*G15 -> 0 | I15: =Q15*D15/100 -> 0 | M15: =L15+K15 -> 0 | O15: 按配额交付满足 | P15: =N15+M15-Q15 -> 0 | Q15: =SUM(T15) -> 0 | R15: =SUM(S15:AE15) -> 1319 | S15: 1319 | T15: 0 | U15: 0 | V15: 0 | W15: 0 | X15: 0 | Y15: 0 | Z15: 0 | AA15: 0 | AB15: 0 | AC15: 0 | AD15: 0 | AE15: 0
A16: 一厂 | B16: 0011800722GCHA | C16: =VLOOKUP(B16,'[4]项目编码 '!$B$1:$C$65536,2,FALSE) -> 10880036514 | D16: =VLOOKUP(B16,[5]sheet!$C$1:$H$65536,6,FALSE) -> 70 | E16: =VLOOKUP(B:B,[6]配额0227!$A:$B,2,0) -> 室内电脑板-CEM-1 | F16: =VLOOKUP(B:B,'[7]厂家配额 (新)'!$A$1:$C$65536,3,0) -> 和而泰/康美特// | G16: =VLOOKUP(B16,[8]物料价格查询导出!$B:$I,8,FALSE) -> 21.95 | H16: =I16*G16 -> 0 | I16: =Q16*D16/100 -> 0 | L16: =VLOOKUP(B16,'[2]2月份'!$A:$F,6,FALSE) -> 149 | M16: =L16+K16 -> 149 | O16: 按配额交付满足 | P16: =N16+M16-Q16 -> 149 | Q16: =SUM(T16) -> 0 | R16: =SUM(S16:AE16) -> 1979 | S16: 1979 | T16: 0 | U16: 0 | V16: 0 | W16: 0 | X16: 0 | Y16: 0 | Z16: 0 | AA16: 0 | AB16: 0 | AC16: 0 | AD16: 0 | AE16: 0
A17: 一厂 | B17: 0011800807 | C17: =VLOOKUP(B17,'[4]项目编码 '!$B$1:$C$65536,2,FALSE) -> 10880018093 | D17: =VLOOKUP(B17,[5]sheet!$C$1:$H$65536,6,FALSE) -> 70 | E17: =VLOOKUP(B:B,[6]配额0227!$A:$B,2,0) -> 室内电脑板-FR-4 | F17: =VLOOKUP(B:B,'[7]厂家配额 (新)'!$A$1:$C$65536,3,0) -> 和而泰/领智// | G17: =VLOOKUP(B17,[8]物料价格查询导出!$B:$I,8,FALSE) -> 41.75 | H17: =I17*G17 -> 0 | I17: =Q17*D17/100 -> 0 | J17: =VLOOKUP(C17,[1]Data!$A:$K,11,FALSE) -> 6 | L17: =VLOOKUP(B17,'[2]2月份'!$A:$F,6,FALSE) -> 2398 | M17: =L17+K17 -> 2398 | P17: =N17+M17-Q17 -> 2398 | Q17: =SUM(T17) -> 0 | R17: =SUM(S17:AE17) -> 180 | S17: 0 | T17: 0 | U17: 0 | V17: 0 | W17: 0 | X17: 0 | Y17: 0 | Z17: 30 | AA17: 0 | AB17: 0 | AC17: 0 | AD17: 0 | AE17: 150
A18: 二厂 | B18: 0011800977AA | C18: =VLOOKUP(B18,'[4]项目编码 '!$B$1:$C$65536,2,FALSE) -> 10880034093 | D18: =VLOOKUP(B18,[5]sheet!$C$1:$H$65536,6,FALSE) -> 30 | E18: =VLOOKUP(B:B,[6]配额0227!$A:$B,2,0) -> 室内电脑板-FR-4 | F18: =VLOOKUP(B:B,'[7]厂家配额 (新)'!$A$1:$C$65536,3,0) -> 领智/和而泰// | G18: =VLOOKUP(B18,[8]物料价格查询导出!$B:$I,8,FALSE) -> 29.30 | H18: =I18*G18 -> 15470.4 | I18: =Q18*D18/100 -> 528 | L18: =VLOOKUP(B18,'[2]2月份'!$A:$F,6,FALSE) -> 27 | M18: =L18+K18 -> 27 | O18: 李灿全交 | P18: =N18+M18-Q18 -> -1733 | Q18: =SUM(T18) -> 1760 | R18: =SUM(S18:AE18) -> 1760 | S18: 0 | T18: 1760 | U18: 0 | V18: 0 | W18: 0 | X18: 0 | Y18: 0 | Z18: 0 | AA18: 0 | AB18: 0 | AC18: 0 | AD18: 0 | AE18: 0
A19: 一厂 | B19: 0011800977K | C19: =VLOOKUP(B19,'[4]项目编码 '!$B$1:$C$65536,2,FALSE) -> 10880020031 | D19: =VLOOKUP(B19,[5]sheet!$C$1:$H$65536,6,FALSE) -> 100 | E19: =VLOOKUP(B:B,[6]配额0227!$A:$B,2,0) -> 室内电脑板-CEM-1/ | F19: =VLOOKUP(B:B,'[7]厂家配额 (新)'!$A$1:$C$65536,3,0) -> 和而泰 | G19: =VLOOKUP(B19,[8]物料价格查询导出!$B:$I,8,FALSE) -> 28.53 | H19: =I19*G19 -> 855.9 | I19: =Q19*D19/100 -> 30 | L19: =VLOOKUP(B19,'[2]2月份'!$A:$F,6,FALSE) -> 687 | M19: =L19+K19 -> 687 | P19: =N19+M19-Q19 -> 657 | Q19: =SUM(T19) -> 30 | R19: =SUM(S19:AE19) -> 603 | S19: 0 | T19: 30 | U19: 36 | V19: 0 | W19: 0 | X19: 2 | Y19: 0 | Z19: 0 | AA19: 0 | AB19: 0 | AC19: 0 | AD19: 0 | AE19: 535
A20: 一厂 | B20: 0011800977P | C20: =VLOOKUP(B20,'[4]项目编码 '!$B$1:$C$65536,2,FALSE) -> 10880027924 | D20: =VLOOKUP(B20,[5]sheet!$C$1:$H$65536,6,FALSE) -> 100 | E20: =VLOOKUP(B:B,[6]配额0227!$A:$B,2,0) -> 室内电脑板-CEM-1/ | F20: =VLOOKUP(B:B,'[7]厂家配额 (新)'!$A$1:$C$65536,3,0) -> 和而泰 | G20: =VLOOKUP(B20,[8]物料价格查询导出!$B:$I,8,FALSE) -> 27.96 | H20: =I20*G20 -> 27680.4 | I20: =Q20*D20/100 -> 990 | J20: =VLOOKUP(C20,[1]Data!$A:$K,11,FALSE) -> 1 | L20: 2029 | M20: =L20+K20 -> 2029 | P20: =N20+M20-Q20 -> 1039 | Q20: =SUM(T20) -> 990 | R20: =SUM(S20:AE20) -> 1320 | S20: 0 | T20: 990 | U20: 0 | V20: 0 | W20: 0 | X20: 0 | Y20: 0 | Z20: 0 | AA20: 0 | AB20: 0 | AC20: 0 | AD20: 0 | AE20: 330
A21: 一厂 | B21: 0011800977T | C21: =VLOOKUP(B21,'[4]项目编码 '!$B$1:$C$65536,2,FALSE) -> 10880030203 | D21: =VLOOKUP(B21,[5]sheet!$C$1:$H$65536,6,FALSE) -> 100 | E21: =VLOOKUP(B:B,[6]配额0227!$A:$B,2,0) -> 室内电脑板-CEM-1/ | F21: =VLOOKUP(B:B,'[7]厂家配额 (新)'!$A$1:$C$65536,3,0) -> 和而泰 | G21: =VLOOKUP(B21,[8]物料价格查询导出!$B:$I,8,FALSE) -> 28.41 | H21: =I21*G21 -> 1420.5 | I21: =Q21*D21/100 -> 50 | J21: =VLOOKUP(C21,[1]Data!$A:$K,11,FALSE) -> 1 | L21: =VLOOKUP(B21,'[2]2月份'!$A:$F,6,FALSE) -> 320 | M21: =L21+K21 -> 320 | N21: =VLOOKUP(C21,[3]保留到5!$A:$B,2,FALSE) -> 2000 | P21: =N21+M21-Q21 -> 2270 | Q21: =SUM(T21) -> 50 | R21: =SUM(S21:AE21) -> 2256 | S21: 108 | T21: 50 | U21: 30 | V21: 0 | W21: 0 | X21: 0 | Y21: 0 | Z21: 0 | AA21: 0 | AB21: 0 | AC21: 0 | AD21: 0 | AE21: 2068
A22: 一厂 | B22: 0011800980E | C22: =VLOOKUP(B22,'[4]项目编码 '!$B$1:$C$65536,2,FALSE) -> 10880029054 | D22: =VLOOKUP(B22,[5]sheet!$C$1:$H$65536,6,FALSE) -> 30 | E22: =VLOOKUP(B:B,[6]配额0227!$A:$B,2,0) -> 室内电脑板-FR-4P平台内机板 | F22: =VLOOKUP(B:B,'[7]厂家配额 (新)'!$A$1:$C$65536,3,0) -> 领智/和而泰// | G22: =VLOOKUP(B22,[8]物料价格查询导出!$B:$I,8,FALSE) -> 56.52 | H22: =I22*G22 -> 0 | I22: =Q22*D22/100 -> 0 | L22: =VLOOKUP(B22,'[2]2月份'!$A:$F,6,FALSE) -> 34 | M22: =L22+K22 -> 34 | N22: =VLOOKUP(C22,[3]保留到5!$A:$B,2,FALSE) -> 600 | P22: =N22+M22-Q22 -> 634 | Q22: =SUM(T22) -> 0 | R22: =SUM(S22:AE22) -> 163 | S22: 0 | T22: 0 | U22: 51 | V22: 0 | W22: 0 | X22: 0 | Y22: 0 | Z22: 0 | AA22: 0 | AB22: 0 | AC22: 0 | AD22: 0 | AE22: 112
A23: 一厂 | B23: 0011800980F | C23: =VLOOKUP(B23,'[4]项目编码 '!$B$1:$C$65536,2,FALSE) -> 10880029055 | D23: =VLOOKUP(B23,[5]sheet!$C$1:$H$65536,6,FALSE) -> 30 | E23: =VLOOKUP(B:B,[6]配额0227!$A:$B,2,0) -> 室内电脑板-FR-4P平台内机板 | F23: =VLOOKUP(B:B,'[7]厂家配额 (新)'!$A$1:$C$65536,3,0) -> 领智/和而泰// | G23: =VLOOKUP(B23,[8]物料价格查询导出!$B:$I,8,FALSE) -> 59.22 | H23: =I23*G23 -> 0 | I23: =Q23*D23/100 -> 0 | M23: =L23+K23 -> 0 | O23: 李灿全交 | P23: =N23+M23-Q23 -> 0 | Q23: =SUM(T23) -> 0 | R23: =SUM(S23:AE23) -> 314 | S23: 0 | T23: 0 | U23: 0 | V23: 0 | W23: 0 | X23: 0 | Y23: 0 | Z23: 0 | AA23: 127 | AB23: 0 | AC23: 0 | AD23: 0 | AE23: 187
A24: 一厂 | B24: 0011800980J | C24: =VLOOKUP(B24,'[4]项目编码 '!$B$1:$C$65536,2,FALSE) -> 10880020556 | D24: =VLOOKUP(B24,[5]sheet!$C$1:$H$65536,6,FALSE) -> 100 | E24: =VLOOKUP(B:B,[6]配额0227!$A:$B,2,0) -> 室内电脑板-FR-4P平台内机板 | F24: =VLOOKUP(B:B,'[7]厂家配额 (新)'!$A$1:$C$65536,3,0) -> 和而泰 | G24: =VLOOKUP(B24,[8]物料价格查询导出!$B:$I,8,FALSE) -> 63.54 | H24: =I24*G24 -> 0 | I24: =Q24*D24/100 -> 0 | J24: =VLOOKUP(C24,[1]Data!$A:$K,11,FALSE) -> 49 | L24: =VLOOKUP(B24,'[2]2月份'!$A:$F,6,FALSE) -> 109 | M24: =L24+K24 -> 109 | N24: =VLOOKUP(C24,[3]保留到5!$A:$B,2,FALSE) -> 700 | P24: =N24+M24-Q24 -> 809 | Q24: =SUM(T24) -> 0 | R24: =SUM(S24:AE24) -> 870 | S24: 0 | T24: 0 | U24: 0 | V24: 0 | W24: 0 | X24: 0 | Y24: 0 | Z24: 0 | AA24: 50 | AB24: 50 | AC24: 720 | AD24: 0 | AE24: 50
A25: 一厂 | B25: 0011800980K | C25: =VLOOKUP(B25,'[4]项目编码 '!$B$1:$C$65536,2,FALSE) -> 10880028881 | D25: =VLOOKUP(B25,[5]sheet!$C$1:$H$65536,6,FALSE) -> 100 | E25: =VLOOKUP(B:B,[6]配额0227!$A:$B,2,0) -> 室内电脑板-FR-4P平台内机板 | F25: =VLOOKUP(B:B,'[7]厂家配额 (新)'!$A$1:$C$65536,3,0) -> 和而泰 | G25: =VLOOKUP(B25,[8]物料价格查询导出!$B:$I,8,FALSE) -> 62.53 | H25: =I25*G25 -> 0 | I25: =Q25*D25/100 -> 0 | L25: =VLOOKUP(B25,'[2]2月份'!$A:$F,6,FALSE) -> 93 | M25: =L25+K25 -> 93 | N25: =VLOOKUP(C25,[3]保留到5!$A:$B,2,FALSE) -> 1000 | P25: =N25+M25-Q25 -> 1093 | Q25: =SUM(T25) -> 0 | R25: =SUM(S25:AE25) -> 940 | S25: 0 | T25: 0 | U25: 0 | V25: 0 | W25: 0 | X25: 0 | Y25: 0 | Z25: 0 | AA25: 522 | AB25: 0 | AC25: 0 | AD25: 0 | AE25: 418
A26: 一厂 | B26: 0011801039AM | C26: =VLOOKUP(B26,'[4]项目编码 '!$B$1:$C$65536,2,FALSE) -> 10880031242 | D26: =VLOOKUP(B26,[5]sheet!$C$1:$H$65536,6,FALSE) -> 50 | E26: =VLOOKUP(B:B,[6]配额0227!$A:$B,2,0) -> 变频外电脑板-FR-4/ | F26: =VLOOKUP(B:B,'[7]厂家配额 (新)'!$A$1:$C$65536,3,0) -> 和而泰/中家智康// | G26: =VLOOKUP(B26,[8]物料价格查询导出!$B:$I,8,FALSE) -> 173.03 | H26: =I26*G26 -> 39710.385 | I26: =Q26*D26/100 -> 229.5 | J26: =VLOOKUP(C26,[1]Data!$A:$K,11,FALSE) -> 3 | K26: =VLOOKUP(C26,'[1]Data (2)'!$A:$K,11,FALSE) -> 12 | L26: =VLOOKUP(B26,'[2]2月份'!$A:$F,6,FALSE) -> 525 | M26: =L26+K26 -> 537 | O26: 待排产300,3/11入库 | P26: =N26+M26-Q26 -> 78 | Q26: =SUM(T26) -> 459 | R26: =SUM(S26:AE26) -> 1264 | S26: 0 | T26: 459 | U26: 165 | V26: 0 | W26: 0 | X26: 100 | Y26: 0 | Z26: 0 | AA26: 0 | AB26: 0 | AC26: 120 | AD26: 0 | AE26: 420
A27: 一厂 | B27: 0011801039AN | C27: =VLOOKUP(B27,'[4]项目编码 '!$B$1:$C$65536,2,FALSE) -> 10880031243 | D27: =VLOOKUP(B27,[5]sheet!$C$1:$H$65536,6,FALSE) -> 50 | E27: =VLOOKUP(B:B,[6]配额0227!$A:$B,2,0) -> 变频外电脑板-FR-4/ | F27: =VLOOKUP(B:B,'[7]厂家配额 (新)'!$A$1:$C$65536,3,0) -> 和而泰/中家智康// | G27: =VLOOKUP(B27,[8]物料价格查询导出!$B:$I,8,FALSE) -> 179.50 | H27: =I27*G27 -> 0 | I27: =Q27*D27/100 -> 0 | J27: =VLOOKUP(C27,[1]Data!$A:$K,11,FALSE) -> 3 | L27: =VLOOKUP(B27,'[2]2月份'!$A:$F,6,FALSE) -> 801 | M27: =L27+K27 -> 801 | P27: =N27+M27-Q27 -> 801 | Q27: =SUM(T27) -> 0 | R27: =SUM(S27:AE27) -> 872 | S27: 0 | T27: 0 | U27: 0 | V27: 380 | W27: 312 | X27: 0 | Y27: 0 | Z27: 0 | AA27: 0 | AB27: 0 | AC27: 80 | AD27: 0 | AE27: 100
A28: 二厂 | B28: 0011801039AU | D28: =VLOOKUP(B28,[5]sheet!$C$1:$H$65536,6,FALSE) -> 50 | E28: =VLOOKUP(B:B,[6]配额0227!$A:$B,2,0) -> 变频外电脑板-FR-4 | F28: =VLOOKUP(B:B,'[7]厂家配额 (新)'!$A$1:$C$65536,3,0) -> 和而泰/中家智康// | G28: =VLOOKUP(B28,[8]物料价格查询导出!$B:$I,8,FALSE) -> 179.19 | H28: =I28*G28 -> 0 | I28: =Q28*D28/100 -> 0 | M28: =L28+K28 -> 0 | O28: 刘培建交付 | P28: =N28+M28-Q28 -> 0 | Q28: =SUM(T28) -> 0 | R28: =SUM(S28:AE28) -> 6 | S28: 0 | T28: 0 | U28: 0 | V28: 6 | W28: 0 | X28: 0 | Y28: 0 | Z28: 0 | AA28: 0 | AB28: 0 | AC28: 0 | AD28: 0 | AE28: 0
A29: 二厂 | B29: 0011801039AV | D29: =VLOOKUP(B29,[5]sheet!$C$1:$H$65536,6,FALSE) -> 50 | E29: =VLOOKUP(B:B,[6]配额0227!$A:$B,2,0) -> 变频外电脑板-FR-4 | F29: =VLOOKUP(B:B,'[7]厂家配额 (新)'!$A$1:$C$65536,3,0) -> 中家/和而泰// | G29: =VLOOKUP(B29,[8]物料价格查询导出!$B:$I,8,FALSE) -> 202.60 | H29: =I29*G29 -> 0 | I29: =Q29*D29/100 -> 0 | M29: =L29+K29 -> 0 | O29: 刘培建交付 | P29: =N29+M29-Q29 -> 0 | Q29: =SUM(T29) -> 0 | R29: =SUM(S29:AE29) -> 6 | S29: 0 | T29: 0 | U29: 0 | V29: 6 | W29: 0 | X29: 0 | Y29: 0 | Z29: 0 | AA29: 0 | AB29: 0 | AC29: 0 | AD29: 0 | AE29: 0
A30: 一厂 | B30: 0011801048AE | C30: =VLOOKUP(B30,'[4]项目编码 '!$B$1:$C$65536,2,FALSE) -> 10880030607 | D30: =VLOOKUP(B30,[5]sheet!$C$1:$H$65536,6,FALSE) -> 70 | E30: =VLOOKUP(B:B,[6]配额0227!$A:$B,2,0) -> 变频外电脑板-FR-4/ | F30: =VLOOKUP(B:B,'[7]厂家配额 (新)'!$A$1:$C$65536,3,0) -> 和而泰/中家智康// | G30: =VLOOKUP(B30,[8]物料价格查询导出!$B:$I,8,FALSE) -> 131.77 | H30: =I30*G30 -> 0 | I30: =Q30*D30/100 -> 0 | J30: =VLOOKUP(C30,[1]Data!$A:$K,11,FALSE) -> 6 | L30: =VLOOKUP(B30,'[2]2月份'!$A:$F,6,FALSE) -> 380 | M30: =L30+K30 -> 380 | N30: =VLOOKUP(C30,[3]保留到5!$A:$B,2,FALSE) -> 300 | O30: 待排产2K，3/4入库 | P30: =N30+M30-Q30 -> 680 | Q30: =SUM(T30) -> 0 | R30: =SUM(S30:AE30) -> 2677 | S30: 0 | T30: 0 | U30: 580 | V30: 0 | W30: 0 | X30: 0 | Y30: 1517 | Z30: 293 | AA30: 0 | AB30: 0 | AC30: 0 | AD30: 0 | AE30: 287
A31: 一厂 | B31: 0011801048AF | C31: =VLOOKUP(B31,'[4]项目编码 '!$B$1:$C$65536,2,FALSE) -> 10880030608 | D31: =VLOOKUP(B31,[5]sheet!$C$1:$H$65536,6,FALSE) -> 70 | E31: =VLOOKUP(B:B,[6]配额0227!$A:$B,2,0) -> 变频外电脑板-FR-4/ | F31: =VLOOKUP(B:B,'[7]厂家配额 (新)'!$A$1:$C$65536,3,0) -> 和而泰/中家智康// | G31: =VLOOKUP(B31,[8]物料价格查询导出!$B:$I,8,FALSE) -> 132.74 | H31: =I31*G31 -> 0 | I31: =Q31*D31/100 -> 0 | J31: =VLOOKUP(C31,[1]Data!$A:$K,11,FALSE) -> 2 | L31: =VLOOKUP(B31,'[2]2月份'!$A:$F,6,FALSE) -> 1129 | M31: =L31+K31 -> 1129 | O31: 待排产2K，3/4入库 | P31: =N31+M31-Q31 -> 1129 | Q31: =SUM(T31) -> 0 | R31: =SUM(S31:AE31) -> 2485 | S31: 0 | T31: 0 | U31: 580 | V31: 0 | W31: 0 | X31: 0 | Y31: 1015 | Z31: 320 | AA31: 0 | AB31: 0 | AC31: 0 | AD31: 0 | AE31: 570
A32: 二厂 | B32: 0011801048AG | C32: =VLOOKUP(B32,'[4]项目编码 '!$B$1:$C$65536,2,FALSE) -> 10880031138 | D32: =VLOOKUP(B32,[5]sheet!$C$1:$H$65536,6,FALSE) -> 50 | E32: =VLOOKUP(B:B,[6]配额0227!$A:$B,2,0) -> 变频外电脑板-FR-4/ | F32: =VLOOKUP(B:B,'[7]厂家配额 (新)'!$A$1:$C$65536,3,0) -> 和而泰/中家智康// | G32: =VLOOKUP(B32,[8]物料价格查询导出!$B:$I,8,FALSE) -> 134.23 | H32: =I32*G32 -> 0 | I32: =Q32*D32/100 -> 0 | L32: =VLOOKUP(B32,'[2]2月份'!$A:$F,6,FALSE) -> 1 | M32: =L32+K32 -> 1 | N32: =VLOOKUP(C32,[3]保留到5!$A:$B,2,FALSE) -> 7 | O32: 中家全交 | P32: =N32+M32-Q32 -> 8 | Q32: =SUM(T32) -> 0 | R32: =SUM(S32:AE32) -> 9 | S32: 0 | T32: 0 | U32: 0 | V32: 9 | W32: 0 | X32: 0 | Y32: 0 | Z32: 0 | AA32: 0 | AB32: 0 | AC32: 0 | AD32: 0 | AE32: 0
A33: 二厂 | B33: 0011801048AH | C33: =VLOOKUP(B33,'[4]项目编码 '!$B$1:$C$65536,2,FALSE) -> 10880031139 | D33: =VLOOKUP(B33,[5]sheet!$C$1:$H$65536,6,FALSE) -> 50 | E33: =VLOOKUP(B:B,[6]配额0227!$A:$B,2,0) -> 变频外电脑板-FR-4/ | F33: =VLOOKUP(B:B,'[7]厂家配额 (新)'!$A$1:$C$65536,3,0) -> 和而泰/中家智康// | G33: =VLOOKUP(B33,[8]物料价格查询导出!$B:$I,8,FALSE) -> 134.23 | H33: =I33*G33 -> 0 | I33: =Q33*D33/100 -> 0 | L33: =VLOOKUP(B33,'[2]2月份'!$A:$F,6,FALSE) -> 20 | M33: =L33+K33 -> 20 | N33: =VLOOKUP(C33,[3]保留到5!$A:$B,2,FALSE) -> 12 | P33: =N33+M33-Q33 -> 32 | Q33: =SUM(T33) -> 0 | R33: =SUM(S33:AE33) -> 10 | S33: 0 | T33: 0 | U33: 0 | V33: 10 | W33: 0 | X33: 0 | Y33: 0 | Z33: 0 | AA33: 0 | AB33: 0 | AC33: 0 | AD33: 0 | AE33: 0
A34: 二厂 | B34: 0011801048AM | D34: =VLOOKUP(B34,[5]sheet!$C$1:$H$65536,6,FALSE) -> 50 | E34: =VLOOKUP(B:B,[6]配额0227!$A:$B,2,0) -> 变频外电脑板-FR-4 | F34: =VLOOKUP(B:B,'[7]厂家配额 (新)'!$A$1:$C$65536,3,0) -> 和而泰/中家智康// | G34: =VLOOKUP(B34,[8]物料价格查询导出!$B:$I,8,FALSE) -> 138.34 | H34: =I34*G34 -> 0 | I34: =Q34*D34/100 -> 0 | M34: =L34+K34 -> 0 | O34: 刘培建交付 | P34: =N34+M34-Q34 -> 0 | Q34: =SUM(T34) -> 0 | R34: =SUM(S34:AE34) -> 6 | S34: 0 | T34: 0 | U34: 0 | V34: 6 | W34: 0 | X34: 0 | Y34: 0 | Z34: 0 | AA34: 0 | AB34: 0 | AC34: 0 | AD34: 0 | AE34: 0
A35: 二厂 | B35: 0011801048AN | D35: =VLOOKUP(B35,[5]sheet!$C$1:$H$65536,6,FALSE) -> 50 | E35: =VLOOKUP(B:B,[6]配额0227!$A:$B,2,0) -> 变频外电脑板-FR-4 | F35: =VLOOKUP(B:B,'[7]厂家配额 (新)'!$A$1:$C$65536,3,0) -> 中家/和而泰// | G35: =VLOOKUP(B35,[8]物料价格查询导出!$B:$I,8,FALSE) -> 138.34 | H35: =I35*G35 -> 0 | I35: =Q35*D35/100 -> 0 | M35: =L35+K35 -> 0 | O35: 刘培建交付 | P35: =N35+M35-Q35 -> 0 | Q35: =SUM(T35) -> 0 | R35: =SUM(S35:AE35) -> 6 | S35: 0 | T35: 0 | U35: 0 | V35: 6 | W35: 0 | X35: 0 | Y35: 0 | Z35: 0 | AA35: 0 | AB35: 0 | AC35: 0 | AD35: 0 | AE35: 0
A36: 一厂 | B36: 0011801123H | C36: =VLOOKUP(B36,'[4]项目编码 '!$B$1:$C$65536,2,FALSE) -> 10880028306 | D36: =VLOOKUP(B36,[5]sheet!$C$1:$H$65536,6,FALSE) -> 100 | E36: =VLOOKUP(B:B,[6]配额0227!$A:$B,2,0) -> 室内电脑板-FR-4136*165 | F36: =VLOOKUP(B:B,'[7]厂家配额 (新)'!$A$1:$C$65536,3,0) -> 和而泰 | G36: =VLOOKUP(B36,[8]物料价格查询导出!$B:$I,8,FALSE) -> 42.40 | H36: =I36*G36 -> 38584 | I36: =Q36*D36/100 -> 910 | J36: =VLOOKUP(C36,[1]Data!$A:$K,11,FALSE) -> 46 | L36: =VLOOKUP(B36,'[2]2月份'!$A:$F,6,FALSE) -> 1575 | M36: =L36+K36 -> 1575 | O36: 待排产6K，3/3入库2K,3/9入库4K | P36: =N36+M36-Q36 -> 665 | Q36: =SUM(T36) -> 910 | R36: =SUM(S36:AE36) -> 5267 | S36: 0 | T36: 910 | U36: 0 | V36: 360 | W36: 0 | X36: 665 | Y36: 0 | Z36: 140 | AA36: 60 | AB36: 855 | AC36: 1215 | AD36: 0 | AE36: 1062
A37: 一厂 | B37: 0011801123J | C37: =VLOOKUP(B37,'[4]项目编码 '!$B$1:$C$65536,2,FALSE) -> 10880028307 | D37: =VLOOKUP(B37,[5]sheet!$C$1:$H$65536,6,FALSE) -> 100 | E37: =VLOOKUP(B:B,[6]配额0227!$A:$B,2,0) -> 室内电脑板-FR-4136*165 | F37: =VLOOKUP(B:B,'[7]厂家配额 (新)'!$A$1:$C$65536,3,0) -> 和而泰 | G37: =VLOOKUP(B37,[8]物料价格查询导出!$B:$I,8,FALSE) -> 42.40 | H37: =I37*G37 -> 2332 | I37: =Q37*D37/100 -> 55 | L37: =VLOOKUP(B37,'[2]2月份'!$A:$F,6,FALSE) -> 311 | M37: =L37+K37 -> 311 | N37: =VLOOKUP(C37,[3]保留到5!$A:$B,2,FALSE) -> 796 | P37: =N37+M37-Q37 -> 1052 | Q37: =SUM(T37) -> 55 | R37: =SUM(S37:AE37) -> 1558 | S37: 0 | T37: 55 | U37: 0 | V37: 30 | W37: 125 | X37: 0 | Y37: 353 | Z37: 200 | AA37: 50 | AB37: 0 | AC37: 0 | AD37: 0 | AE37: 745
A38: 二厂 | B38: 0011801172BD | C38: =VLOOKUP(B38,'[4]项目编码 '!$B$1:$C$65536,2,FALSE) -> 10880020802 | D38: =VLOOKUP(B38,[5]sheet!$C$1:$H$65536,6,FALSE) -> 70 | E38: =VLOOKUP(B:B,[6]配额0227!$A:$B,2,0) -> 变频外电脑板-FR-4240*180 | F38: =VLOOKUP(B:B,'[7]厂家配额 (新)'!$A$1:$C$65536,3,0) -> 和而泰/航嘉// | G38: =VLOOKUP(B38,[8]物料价格查询导出!$B:$I,8,FALSE) -> 152.05 | H38: =I38*G38 -> 0 | I38: =Q38*D38/100 -> 0 | J38: =VLOOKUP(C38,[1]Data!$A:$K,11,FALSE) -> 6 | K38: =VLOOKUP(C38,'[1]Data (2)'!$A:$K,11,FALSE) -> 2 | M38: =L38+K38 -> 2 | N38: =VLOOKUP(C38,[3]保留到5!$A:$B,2,FALSE) -> 150 | O38: 在制3/1入库 | P38: =N38+M38-Q38 -> 152 | Q38: =SUM(T38) -> 0 | R38: =SUM(S38:AE38) -> 191 | S38: 0 | T38: 0 | U38: 0 | V38: 191 | W38: 0 | X38: 0 | Y38: 0 | Z38: 0 | AA38: 0 | AB38: 0 | AC38: 0 | AD38: 0 | AE38: 0
A39: 二厂 | B39: 0011801172CH | C39: =VLOOKUP(B39,'[4]项目编码 '!$B$1:$C$65536,2,FALSE) -> 10880021476 | D39: =VLOOKUP(B39,[5]sheet!$C$1:$H$65536,6,FALSE) -> 100 | E39: =VLOOKUP(B:B,[6]配额0227!$A:$B,2,0) -> 变频外电脑板-FR-4240*180 | F39: =VLOOKUP(B:B,'[7]厂家配额 (新)'!$A$1:$C$65536,3,0) -> 和而泰 | G39: =VLOOKUP(B39,[8]物料价格查询导出!$B:$I,8,FALSE) -> 172.04 | H39: =I39*G39 -> 0 | I39: =Q39*D39/100 -> 0 | J39: =VLOOKUP(C39,[1]Data!$A:$K,11,FALSE) -> 1 | L39: =VLOOKUP(B39,'[2]2月份'!$A:$F,6,FALSE) -> 13 | M39: =L39+K39 -> 13 | P39: =N39+M39-Q39 -> 13 | Q39: =SUM(T39) -> 0 | R39: =SUM(S39:AE39) -> 10 | S39: 0 | T39: 0 | U39: 0 | V39: 10 | W39: 0 | X39: 0 | Y39: 0 | Z39: 0 | AA39: 0 | AB39: 0 | AC39: 0 | AD39: 0 | AE39: 0
A40: 二厂 | B40: 0011801172DG | C40: 10880034565 | D40: =VLOOKUP(B40,[5]sheet!$C$1:$H$65536,6,FALSE) -> 70 | E40: =VLOOKUP(B:B,[6]配额0227!$A:$B,2,0) -> 变频外电脑板-FR-4 | F40: =VLOOKUP(B:B,'[7]厂家配额 (新)'!$A$1:$C$65536,3,0) -> 和而泰/尚研// | G40: =VLOOKUP(B40,[8]物料价格查询导出!$B:$I,8,FALSE) -> 162.90 | H40: =I40*G40 -> 114.03 | I40: =Q40*D40/100 -> 0.7 | J40: =VLOOKUP(C40,[1]Data!$A:$K,11,FALSE) -> 26 | M40: =L40+K40 -> 0 | N40: =VLOOKUP(C40,[3]保留到5!$A:$B,2,FALSE) -> 200 | O40: 在制3/2入库 | P40: =N40+M40-Q40 -> 199 | Q40: =SUM(T40) -> 1 | R40: =SUM(S40:AE40) -> 185 | S40: 0 | T40: 1 | U40: 0 | V40: 0 | W40: 184 | X40: 0 | Y40: 0 | Z40: 0 | AA40: 0 | AB40: 0 | AC40: 0 | AD40: 0 | AE40: 0
A41: 一厂 | B41: 0011801172DL | C41: =VLOOKUP(B41,'[4]项目编码 '!$B$1:$C$65536,2,FALSE) -> 10880035982 | D41: =VLOOKUP(B41,[5]sheet!$C$1:$H$65536,6,FALSE) -> 70 | E41: =VLOOKUP(B:B,[6]配额0227!$A:$B,2,0) -> 变频外电脑板-FR-4 | F41: =VLOOKUP(B:B,'[7]厂家配额 (新)'!$A$1:$C$65536,3,0) -> 和而泰/尚研// | G41: =VLOOKUP(B41,[8]物料价格查询导出!$B:$I,8,FALSE) -> 170.96 | H41: =I41*G41 -> 0 | I41: =Q41*D41/100 -> 0 | L41: =VLOOKUP(B41,'[2]2月份'!$A:$F,6,FALSE) -> 115 | M41: =L41+K41 -> 115 | N41: =VLOOKUP(C41,[3]保留到5!$A:$B,2,FALSE) -> 1010 | O41: 待排产1000,3/6入库 | P41: =N41+M41-Q41 -> 1125 | Q41: =SUM(T41) -> 0 | R41: =SUM(S41:AE41) -> 2535 | S41: 0 | T41: 0 | U41: 0 | V41: 0 | W41: 1365 | X41: 0 | Y41: 0 | Z41: 195 | AA41: 975 | AB41: 0 | AC41: 0 | AD41: 0 | AE41: 0
A42: 一厂 | B42: 0011801172DM | C42: =VLOOKUP(B42,'[4]项目编码 '!$B$1:$C$65536,2,FALSE) -> 10880035981 | D42: =VLOOKUP(B42,[5]sheet!$C$1:$H$65536,6,FALSE) -> 70 | E42: =VLOOKUP(B:B,[6]配额0227!$A:$B,2,0) -> 变频外电脑板-FR-4 | F42: =VLOOKUP(B:B,'[7]厂家配额 (新)'!$A$1:$C$65536,3,0) -> 和而泰/尚研// | G42: =VLOOKUP(B42,[8]物料价格查询导出!$B:$I,8,FALSE) -> 177.41 | H42: =I42*G42 -> 0 | I42: =Q42*D42/100 -> 0 | L42: =VLOOKUP(B42,'[2]2月份'!$A:$F,6,FALSE) -> 233 | M42: =L42+K42 -> 233 | N42: =VLOOKUP(C42,[3]保留到5!$A:$B,2,FALSE) -> 311 | P42: =N42+M42-Q42 -> 544 | Q42: =SUM(T42) -> 0 | R42: =SUM(S42:AE42) -> 780 | S42: 0 | T42: 0 | U42: 0 | V42: 0 | W42: 390 | X42: 0 | Y42: 0 | Z42: 130 | AA42: 0 | AB42: 0 | AC42: 260 | AD42: 0 | AE42: 0
A43: 一厂 | B43: 0011801172DN | C43: =VLOOKUP(B43,'[4]项目编码 '!$B$1:$C$65536,2,FALSE) -> 10880035980 | D43: =VLOOKUP(B43,[5]sheet!$C$1:$H$65536,6,FALSE) -> 70 | E43: =VLOOKUP(B:B,[6]配额0227!$A:$B,2,0) -> 变频外电脑板-FR-4 | F43: =VLOOKUP(B:B,'[7]厂家配额 (新)'!$A$1:$C$65536,3,0) -> 和而泰/尚研// | G43: =VLOOKUP(B43,[8]物料价格查询导出!$B:$I,8,FALSE) -> 177.94 | H43: =I43*G43 -> 0 | I43: =Q43*D43/100 -> 0 | M43: =L43+K43 -> 0 | O43: 尚研全交 | P43: =N43+M43-Q43 -> 0 | Q43: =SUM(T43) -> 0 | R43: =SUM(S43:AE43) -> 360 | S43: 0 | T43: 0 | U43: 0 | V43: 0 | W43: 180 | X43: 0 | Y43: 0 | Z43: 0 | AA43: 180 | AB43: 0 | AC43: 0 | AD43: 0 | AE43: 0
A44: 一厂 | B44: 0011801172DU | C44: =VLOOKUP(B44,'[4]项目编码 '!$B$1:$C$65536,2,FALSE) -> 10880038291 | D44: =VLOOKUP(B44,[5]sheet!$C$1:$H$65536,6,FALSE) -> 30 | E44: =VLOOKUP(B:B,[6]配额0227!$A:$B,2,0) -> 变频外电脑板-FR-4 | F44: =VLOOKUP(B:B,'[7]厂家配额 (新)'!$A$1:$C$65536,3,0) -> 中家智康/和而泰 | G44: =VLOOKUP(B44,[8]物料价格查询导出!$B:$I,8,FALSE) -> 172.00 | H44: =I44*G44 -> 0 | I44: =Q44*D44/100 -> 0 | M44: =L44+K44 -> 0 | O44: 待排产 | P44: =N44+M44-Q44 -> 0 | Q44: =SUM(T44) -> 0 | R44: =SUM(S44:AE44) -> 384 | S44: 0 | T44: 0 | U44: 0 | V44: 384 | W44: 0 | X44: 0 | Y44: 0 | Z44: 0 | AA44: 0 | AB44: 0 | AC44: 0 | AD44: 0 | AE44: 0
A45: 一厂 | B45: 0011801256L | C45: =VLOOKUP(B45,'[4]项目编码 '!$B$1:$C$65536,2,FALSE) -> 10880021311 | D45: =VLOOKUP(B45,[5]sheet!$C$1:$H$65536,6,FALSE) -> 100 | E45: =VLOOKUP(B:B,[6]配额0227!$A:$B,2,0) -> 室内电脑板-CEM-1 | F45: =VLOOKUP(B:B,'[7]厂家配额 (新)'!$A$1:$C$65536,3,0) -> 和而泰 | G45: =VLOOKUP(B45,[8]物料价格查询导出!$B:$I,8,FALSE) -> 32.40 | H45: =I45*G45 -> 0 | I45: =Q45*D45/100 -> 0 | L45: =VLOOKUP(B45,'[2]2月份'!$A:$F,6,FALSE) -> 29 | M45: =L45+K45 -> 29 | P45: =N45+M45-Q45 -> 29 | Q45: =SUM(T45) -> 0 | R45: =SUM(S45:AE45) -> 2 | S45: 0 | T45: 0 | U45: 0 | V45: 0 | W45: 0 | X45: 2 | Y45: 0 | Z45: 0 | AA45: 0 | AB45: 0 | AC45: 0 | AD45: 0 | AE45: 0
A46: 一厂 | B46: 0011801256M | C46: =VLOOKUP(B46,'[4]项目编码 '!$B$1:$C$65536,2,FALSE) -> 10880021318 | D46: =VLOOKUP(B46,[5]sheet!$C$1:$H$65536,6,FALSE) -> 100 | E46: =VLOOKUP(B:B,[6]配额0227!$A:$B,2,0) -> 室内电脑板-CEM-1 | F46: =VLOOKUP(B:B,'[7]厂家配额 (新)'!$A$1:$C$65536,3,0) -> 和而泰 | G46: =VLOOKUP(B46,[8]物料价格查询导出!$B:$I,8,FALSE) -> 33.30 | H46: =I46*G46 -> 0 | I46: =Q46*D46/100 -> 0 | L46: =VLOOKUP(B46,'[2]2月份'!$A:$F,6,FALSE) -> 19 | M46: =L46+K46 -> 19 | N46: =VLOOKUP(C46,[3]保留到5!$A:$B,2,FALSE) -> 550 | P46: =N46+M46-Q46 -> 569 | Q46: =SUM(T46) -> 0 | R46: =SUM(S46:AE46) -> 532 | S46: 0 | T46: 0 | U46: 0 | V46: 0 | W46: 0 | X46: 0 | Y46: 0 | Z46: 0 | AA46: 0 | AB46: 0 | AC46: 0 | AD46: 0 | AE46: 532
A47: 一厂 | B47: 0011801256R | C47: =VLOOKUP(B47,'[4]项目编码 '!$B$1:$C$65536,2,FALSE) -> 10880021416 | D47: =VLOOKUP(B47,[5]sheet!$C$1:$H$65536,6,FALSE) -> 100 | E47: =VLOOKUP(B:B,[6]配额0227!$A:$B,2,0) -> 室内电脑板-CEM-1 | F47: =VLOOKUP(B:B,'[7]厂家配额 (新)'!$A$1:$C$65536,3,0) -> 和而泰 | G47: =VLOOKUP(B47,[8]物料价格查询导出!$B:$I,8,FALSE) -> 32.93 | H47: =I47*G47 -> 0 | I47: =Q47*D47/100 -> 0 | L47: =VLOOKUP(B47,'[2]2月份'!$A:$F,6,FALSE) -> 27 | M47: =L47+K47 -> 27 | N47: =VLOOKUP(C47,[3]保留到5!$A:$B,2,FALSE) -> 700 | P47: =N47+M47-Q47 -> 727 | Q47: =SUM(T47) -> 0 | R47: =SUM(S47:AE47) -> 667 | S47: 0 | T47: 0 | U47: 667 | V47: 0 | W47: 0 | X47: 0 | Y47: 0 | Z47: 0 | AA47: 0 | AB47: 0 | AC47: 0 | AD47: 0 | AE47: 0
A48: 一厂 | B48: 0011801303 | C48: =VLOOKUP(B48,'[4]项目编码 '!$B$1:$C$65536,2,FALSE) -> 10880031018 | D48: =VLOOKUP(B48,[5]sheet!$C$1:$H$65536,6,FALSE) -> 100 | E48: =VLOOKUP(B:B,[6]配额0227!$A:$B,2,0) -> 室内电脑板-FR-4 | F48: =VLOOKUP(B:B,'[7]厂家配额 (新)'!$A$1:$C$65536,3,0) -> 和而泰 | G48: =VLOOKUP(B48,[8]物料价格查询导出!$B:$I,8,FALSE) -> 196.83 | H48: =I48*G48 -> 0 | I48: =Q48*D48/100 -> 0 | L48: =VLOOKUP(B48,'[2]2月份'!$A:$F,6,FALSE) -> 17 | M48: =L48+K48 -> 17 | O48: 待排产138,3/3入库 | P48: =N48+M48-Q48 -> 17 | Q48: =SUM(T48) -> 0 | R48: =SUM(S48:AE48) -> 20 | S48: 0 | T48: 0 | U48: 0 | V48: 0 | W48: 0 | X48: 20 | Y48: 0 | Z48: 0 | AA48: 0 | AB48: 0 | AC48: 0 | AD48: 0 | AE48: 0
A49: 一厂 | B49: 0011801327 | C49: =VLOOKUP(B49,'[4]项目编码 '!$B$1:$C$65536,2,FALSE) -> 10880020048 | D49: =VLOOKUP(B49,[5]sheet!$C$1:$H$65536,6,FALSE) -> 100 | E49: =VLOOKUP(B:B,[6]配额0227!$A:$B,2,0) -> 变频外电脑板-FR-4 | F49: =VLOOKUP(B:B,'[7]厂家配额 (新)'!$A$1:$C$65536,3,0) -> 和而泰 | G49: =VLOOKUP(B49,[8]物料价格查询导出!$B:$I,8,FALSE) -> 54.92 | H49: =I49*G49 -> 0 | I49: =Q49*D49/100 -> 0 | J49: =VLOOKUP(C49,[1]Data!$A:$K,11,FALSE) -> 2 | K49: =VLOOKUP(C49,'[1]Data (2)'!$A:$K,11,FALSE) -> 161 | L49: =VLOOKUP(B49,'[2]2月份'!$A:$F,6,FALSE) -> 471 | M49: =L49+K49 -> 632 | P49: =N49+M49-Q49 -> 632 | Q49: =SUM(T49) -> 0 | R49: =SUM(S49:AE49) -> 360 | S49: 0 | T49: 0 | U49: 360 | V49: 0 | W49: 0 | X49: 0 | Y49: 0 | Z49: 0 | AA49: 0 | AB49: 0 | AC49: 0 | AD49: 0 | AE49: 0
A50: 一厂 | B50: 0011801330C | C50: =VLOOKUP(B50,'[4]项目编码 '!$B$1:$C$65536,2,FALSE) -> 10880031307 | D50: =VLOOKUP(B50,[5]sheet!$C$1:$H$65536,6,FALSE) -> 30 | E50: =VLOOKUP(B:B,[6]配额0227!$A:$B,2,0) -> 室内电脑板-CEM-1 | F50: =VLOOKUP(B:B,'[7]厂家配额 (新)'!$A$1:$C$65536,3,0) -> 领智/和而泰// | G50: =VLOOKUP(B50,[8]物料价格查询导出!$B:$I,8,FALSE) -> 37.33 | H50: =I50*G50 -> 0 | I50: =Q50*D50/100 -> 0 | L50: =VLOOKUP(B50,'[2]2月份'!$A:$F,6,FALSE) -> 924 | M50: =L50+K50 -> 924 | O50: 按配额交付满足 | P50: =N50+M50-Q50 -> 924 | Q50: =SUM(T50) -> 0 | R50: =SUM(S50:AE50) -> 2297 | S50: 0 | T50: 0 | U50: 775 | V50: 0 | W50: 0 | X50: 0 | Y50: 0 | Z50: 580 | AA50: 2 | AB50: 0 | AC50: 0 | AD50: 0 | AE50: 940
A51: 一厂 | B51: 0011801330G | C51: =VLOOKUP(B51,'[4]项目编码 '!$B$1:$C$65536,2,FALSE) -> 10880031182 | D51: =VLOOKUP(B51,[5]sheet!$C$1:$H$65536,6,FALSE) -> 30 | E51: =VLOOKUP(B:B,[6]配额0227!$A:$B,2,0) -> 室内电脑板-CEM-1 | F51: =VLOOKUP(B:B,'[7]厂家配额 (新)'!$A$1:$C$65536,3,0) -> 领智/和而泰// | G51: =VLOOKUP(B51,[8]物料价格查询导出!$B:$I,8,FALSE) -> 35.67 | H51: =I51*G51 -> 0 | I51: =Q51*D51/100 -> 0 | J51: =VLOOKUP(C51,[1]Data!$A:$K,11,FALSE) -> 4 | L51: =VLOOKUP(B51,'[2]2月份'!$A:$F,6,FALSE) -> 6 | M51: =L51+K51 -> 6 | P51: =N51+M51-Q51 -> 6 | Q51: =SUM(T51) -> 0 | R51: =SUM(S51:AE51) -> 0 | S51: 0 | T51: 0 | U51: 0 | V51: 0 | W51: 0 | X51: 0 | Y51: 0 | Z51: 0 | AA51: 0 | AB51: 0 | AC51: 0 | AD51: 0 | AE51: 0
A52: 一厂 | B52: 0011801330H | C52: =VLOOKUP(B52,'[4]项目编码 '!$B$1:$C$65536,2,FALSE) -> 10880031183 | D52: =VLOOKUP(B52,[5]sheet!$C$1:$H$65536,6,FALSE) -> 30 | E52: =VLOOKUP(B:B,[6]配额0227!$A:$B,2,0) -> 室内电脑板-CEM-1 | F52: =VLOOKUP(B:B,'[7]厂家配额 (新)'!$A$1:$C$65536,3,0) -> 领智/和而泰// | G52: =VLOOKUP(B52,[8]物料价格查询导出!$B:$I,8,FALSE) -> 36.12 | H52: =I52*G52 -> 0 | I52: =Q52*D52/100 -> 0 | J52: =VLOOKUP(C52,[1]Data!$A:$K,11,FALSE) -> 1 | L52: =VLOOKUP(B52,'[2]2月份'!$A:$F,6,FALSE) -> 433 | M52: =L52+K52 -> 433 | P52: =N52+M52-Q52 -> 433 | Q52: =SUM(T52) -> 0 | R52: =SUM(S52:AE52) -> 348 | S52: 0 | T52: 0 | U52: 0 | V52: 0 | W52: 348 | X52: 0 | Y52: 0 | Z52: 0 | AA52: 0 | AB52: 0 | AC52: 0 | AD52: 0 | AE52: 0
A53: 一厂 | B53: 0011801372A | C53: =VLOOKUP(B53,'[4]项目编码 '!$B$1:$C$65536,2,FALSE) -> 10880020208 | D53: =VLOOKUP(B53,[5]sheet!$C$1:$H$65536,6,FALSE) -> 100 | E53: =VLOOKUP(B:B,[6]配额0227!$A:$B,2,0) -> 变频外电脑板-FR-4205mm*157mm | F53: =VLOOKUP(B:B,'[7]厂家配额 (新)'!$A$1:$C$65536,3,0) -> 和而泰 | G53: =VLOOKUP(B53,[8]物料价格查询导出!$B:$I,8,FALSE) -> 91.59 | H53: =I53*G53 -> 0 | I53: =Q53*D53/100 -> 0 | K53: =VLOOKUP(C53,'[1]Data (2)'!$A:$K,11,FALSE) -> 27 | L53: =VLOOKUP(B53,'[2]2月份'!$A:$F,6,FALSE) -> 4 | M53: =L53+K53 -> 31 | N53: =VLOOKUP(C53,[3]保留到5!$A:$B,2,FALSE) -> 2000 | O53: 在制28号入库 | P53: =N53+M53-Q53 -> 2031 | Q53: =SUM(T53) -> 0 | R53: =SUM(S53:AE53) -> 1385 | S53: 0 | T53: 0 | U53: 1091 | V53: 0 | W53: 1 | X53: 94 | Y53: 199 | Z53: 0 | AA53: 0 | AB53: 0 | AC53: 0 | AD53: 0 | AE53: 0
A54: 二厂 | B54: 0011801372B | C54: =VLOOKUP(B54,'[4]项目编码 '!$B$1:$C$65536,2,FALSE) -> 10880020677 | D54: =VLOOKUP(B54,[5]sheet!$C$1:$H$65536,6,FALSE) -> 100 | E54: =VLOOKUP(B:B,[6]配额0227!$A:$B,2,0) -> 变频外电脑板-FR-4205mm*157mm | F54: =VLOOKUP(B:B,'[7]厂家配额 (新)'!$A$1:$C$65536,3,0) -> 和而泰 | G54: =VLOOKUP(B54,[8]物料价格查询导出!$B:$I,8,FALSE) -> 88.06 | H54: =I54*G54 -> 0 | I54: =Q54*D54/100 -> 0 | L54: =VLOOKUP(B54,'[2]2月份'!$A:$F,6,FALSE) -> 53 | M54: =L54+K54 -> 53 | O54: 待排产300,3/1入库 | P54: =N54+M54-Q54 -> 53 | Q54: =SUM(T54) -> 0 | R54: =SUM(S54:AE54) -> 60 | S54: 0 | T54: 0 | U54: 0 | V54: 60 | W54: 0 | X54: 0 | Y54: 0 | Z54: 0 | AA54: 0 | AB54: 0 | AC54: 0 | AD54: 0 | AE54: 0
A55: 二厂 | B55: 0011801372C | C55: =VLOOKUP(B55,'[4]项目编码 '!$B$1:$C$65536,2,FALSE) -> 10880020678 | D55: =VLOOKUP(B55,[5]sheet!$C$1:$H$65536,6,FALSE) -> 100 | E55: =VLOOKUP(B:B,[6]配额0227!$A:$B,2,0) -> 变频外电脑板-FR-4205mm*157mm | F55: =VLOOKUP(B:B,'[7]厂家配额 (新)'!$A$1:$C$65536,3,0) -> 和而泰 | G55: =VLOOKUP(B55,[8]物料价格查询导出!$B:$I,8,FALSE) -> 91.75 | H55: =I55*G55 -> 0 | I55: =Q55*D55/100 -> 0 | L55: =VLOOKUP(B55,'[2]2月份'!$A:$F,6,FALSE) -> 46 | M55: =L55+K55 -> 46 | P55: =N55+M55-Q55 -> 46 | Q55: =SUM(T55) -> 0 | R55: =SUM(S55:AE55) -> 31 | S55: 0 | T55: 0 | U55: 0 | V55: 31 | W55: 0 | X55: 0 | Y55: 0 | Z55: 0 | AA55: 0 | AB55: 0 | AC55: 0 | AD55: 0 | AE55: 0
A56: 一厂 | B56: 0011801372G | C56: =VLOOKUP(B56,'[4]项目编码 '!$B$1:$C$65536,2,FALSE) -> 10880020940 | D56: =VLOOKUP(B56,[5]sheet!$C$1:$H$65536,6,FALSE) -> 100 | E56: =VLOOKUP(B:B,[6]配额0227!$A:$B,2,0) -> 变频外电脑板-FR-4205mm*157mm | F56: =VLOOKUP(B:B,'[7]厂家配额 (新)'!$A$1:$C$65536,3,0) -> 和而泰 | G56: =VLOOKUP(B56,[8]物料价格查询导出!$B:$I,8,FALSE) -> 93.51 | H56: =I56*G56 -> 0 | I56: =Q56*D56/100 -> 0 | L56: =VLOOKUP(B56,'[2]2月份'!$A:$F,6,FALSE) -> 86 | M56: =L56+K56 -> 86 | P56: =N56+M56-Q56 -> 86 | Q56: =SUM(T56) -> 0 | R56: =SUM(S56:AE56) -> 75 | S56: 0 | T56: 0 | U56: 0 | V56: 75 | W56: 0 | X56: 0 | Y56: 0 | Z56: 0 | AA56: 0 | AB56: 0 | AC56: 0 | AD56: 0 | AE56: 0
A57: 一厂 | B57: 0011801424AE | C57: =VLOOKUP(B57,'[4]项目编码 '!$B$1:$C$65536,2,FALSE) -> 10880021015 | D57: =VLOOKUP(B57,[5]sheet!$C$1:$H$65536,6,FALSE) -> 70 | E57: =VLOOKUP(B:B,[6]配额0227!$A:$B,2,0) -> 变频外电脑板-FR-4/ | F57: =VLOOKUP(B:B,'[7]厂家配额 (新)'!$A$1:$C$65536,3,0) -> 和而泰/尚研// | G57: =VLOOKUP(B57,[8]物料价格查询导出!$B:$I,8,FALSE) -> 116.13 | H57: =I57*G57 -> 0 | I57: =Q57*D57/100 -> 0 | J57: =VLOOKUP(C57,[1]Data!$A:$K,11,FALSE) -> 22 | K57: =VLOOKUP(C57,'[1]Data (2)'!$A:$K,11,FALSE) -> 5 | L57: =VLOOKUP(B57,'[2]2月份'!$A:$F,6,FALSE) -> 16 | M57: =L57+K57 -> 21 | P57: =N57+M57-Q57 -> 21 | Q57: =SUM(T57) -> 0 | R57: =SUM(S57:AE57) -> 2 | S57: 0 | T57: 0 | U57: 0 | V57: 0 | W57: 0 | X57: 0 | Y57: 2 | Z57: 0 | AA57: 0 | AB57: 0 | AC57: 0 | AD57: 0 | AE57: 0
A58: 一厂 | B58: 0011801424AF | C58: =VLOOKUP(B58,'[4]项目编码 '!$B$1:$C$65536,2,FALSE) -> 10880021019 | D58: =VLOOKUP(B58,[5]sheet!$C$1:$H$65536,6,FALSE) -> 70 | E58: =VLOOKUP(B:B,[6]配额0227!$A:$B,2,0) -> 变频外电脑板-FR-4/ | F58: =VLOOKUP(B:B,'[7]厂家配额 (新)'!$A$1:$C$65536,3,0) -> 和而泰/尚研// | G58: =VLOOKUP(B58,[8]物料价格查询导出!$B:$I,8,FALSE) -> 116.13 | H58: =I58*G58 -> 0 | I58: =Q58*D58/100 -> 0 | J58: =VLOOKUP(C58,[1]Data!$A:$K,11,FALSE) -> 1 | L58: =VLOOKUP(B58,'[2]2月份'!$A:$F,6,FALSE) -> 26 | M58: =L58+K58 -> 26 | P58: =N58+M58-Q58 -> 26 | Q58: =SUM(T58) -> 0 | R58: =SUM(S58:AE58) -> 2 | S58: 0 | T58: 0 | U58: 0 | V58: 0 | W58: 0 | X58: 2 | Y58: 0 | Z58: 0 | AA58: 0 | AB58: 0 | AC58: 0 | AD58: 0 | AE58: 0
A59: 二厂 | B59: 0011801424AT | C59: =VLOOKUP(B59,'[4]项目编码 '!$B$1:$C$65536,2,FALSE) -> 10880030920 | D59: =VLOOKUP(B59,[5]sheet!$C$1:$H$65536,6,FALSE) -> 100 | E59: =VLOOKUP(B:B,[6]配额0227!$A:$B,2,0) -> 变频外电脑板-FR-4/ | F59: =VLOOKUP(B:B,'[7]厂家配额 (新)'!$A$1:$C$65536,3,0) -> 和而泰 | G59: =VLOOKUP(B59,[8]物料价格查询导出!$B:$I,8,FALSE) -> 113.71 | H59: =I59*G59 -> 0 | I59: =Q59*D59/100 -> 0 | J59: 10 | K59: 314 | L59: =VLOOKUP(B59,'[2]2月份'!$A:$F,6,FALSE) -> 101 | M59: =L59+K59 -> 415 | O59: 待排产300（质量备件排最快）+1500（11号入库） | P59: =N59+M59-Q59 -> 415 | Q59: =SUM(T59) -> 0 | R59: =SUM(S59:AE59) -> 28 | S59: 0 | T59: 0 | U59: 0 | V59: 28 | W59: 0 | X59: 0 | Y59: 0 | Z59: 0 | AA59: 0 | AB59: 0 | AC59: 0 | AD59: 0 | AE59: 0
A60: 一厂 | B60: 0011801424AV | C60: =VLOOKUP(B60,'[4]项目编码 '!$B$1:$C$65536,2,FALSE) -> 10880031135 | D60: =VLOOKUP(B60,[5]sheet!$C$1:$H$65536,6,FALSE) -> 30 | E60: =VLOOKUP(B:B,[6]配额0227!$A:$B,2,0) -> 变频外电脑板-FR-4 | F60: =VLOOKUP(B:B,'[7]厂家配额 (新)'!$A$1:$C$65536,3,0) -> 领智/和而泰// | G60: =VLOOKUP(B60,[8]物料价格查询导出!$B:$I,8,FALSE) -> 116.37 | H60: =I60*G60 -> 0 | I60: =Q60*D60/100 -> 0 | K60: =VLOOKUP(C60,'[1]Data (2)'!$A:$K,11,FALSE) -> 10 | L60: =VLOOKUP(B60,'[2]2月份'!$A:$F,6,FALSE) -> 66 | M60: =L60+K60 -> 76 | P60: =N60+M60-Q60 -> 76 | Q60: =SUM(T60) -> 0 | R60: =SUM(S60:AE60) -> 2 | S60: 0 | T60: 0 | U60: 0 | V60: 0 | W60: 0 | X60: 2 | Y60: 0 | Z60: 0 | AA60: 0 | AB60: 0 | AC60: 0 | AD60: 0 | AE60: 0
A61: 一厂 | B61: 0011801424AY | C61: =VLOOKUP(B61,'[4]项目编码 '!$B$1:$C$65536,2,FALSE) -> 10880031136 | D61: =VLOOKUP(B61,[5]sheet!$C$1:$H$65536,6,FALSE) -> 30 | E61: =VLOOKUP(B:B,[6]配额0227!$A:$B,2,0) -> 变频外电脑板-FR-4 | F61: =VLOOKUP(B:B,'[7]厂家配额 (新)'!$A$1:$C$65536,3,0) -> 领智/和而泰// | G61: =VLOOKUP(B61,[8]物料价格查询导出!$B:$I,8,FALSE) -> 122.40 | H61: =I61*G61 -> 4957.2 | I61: =Q61*D61/100 -> 40.5 | M61: =L61+K61 -> 0 | O61: 韩宁全排 | P61: =N61+M61-Q61 -> -135 | Q61: =SUM(T61) -> 135 | R61: =SUM(S61:AE61) -> 135 | S61: 0 | T61: 135 | U61: 0 | V61: 0 | W61: 0 | X61: 0 | Y61: 0 | Z61: 0 | AA61: 0 | AB61: 0 | AC61: 0 | AD61: 0 | AE61: 0
A62: 一厂 | B62: 0011801424B | C62: =VLOOKUP(B62,'[4]项目编码 '!$B$1:$C$65536,2,FALSE) -> 10880018097 | D62: =VLOOKUP(B62,[5]sheet!$C$1:$H$65536,6,FALSE) -> 100 | E62: =VLOOKUP(B:B,[6]配额0227!$A:$B,2,0) -> 变频外电脑板-FR-4/ | F62: =VLOOKUP(B:B,'[7]厂家配额 (新)'!$A$1:$C$65536,3,0) -> 和而泰 | G62: =VLOOKUP(B62,[8]物料价格查询导出!$B:$I,8,FALSE) -> 116.12 | H62: =I62*G62 -> 0 | I62: =Q62*D62/100 -> 0 | J62: =VLOOKUP(C62,[1]Data!$A:$K,11,FALSE) -> 67 | L62: =VLOOKUP(B62,'[2]2月份'!$A:$F,6,FALSE) -> 192 | M62: =L62+K62 -> 192 | N62: =VLOOKUP(C62,[3]保留到5!$A:$B,2,FALSE) -> 1040 | O62: 待排产3500,1号入库，4500--3/4入库 | P62: =N62+M62-Q62 -> 1232 | Q62: =SUM(T62) -> 0 | R62: =SUM(S62:AE62) -> 8677 | S62: 0 | T62: 0 | U62: 12 | V62: 4345 | W62: 0 | X62: 0 | Y62: 4320 | Z62: 0 | AA62: 0 | AB62: 0 | AC62: 0 | AD62: 0 | AE62: 0
A63: 一厂 | B63: 0011801424BP | C63: =VLOOKUP(B63,'[4]项目编码 '!$B$1:$C$65536,2,FALSE) -> 10880036721 | D63: =VLOOKUP(B63,[5]sheet!$C$1:$H$65536,6,FALSE) -> 70 | E63: =VLOOKUP(B:B,[6]配额0227!$A:$B,2,0) -> 变频外电脑板-FR-4/ | F63: =VLOOKUP(B:B,'[7]厂家配额 (新)'!$A$1:$C$65536,3,0) -> 和而泰/尚研// | G63: =VLOOKUP(B63,[8]物料价格查询导出!$B:$I,8,FALSE) -> 121.76 | H63: =I63*G63 -> 0 | I63: =Q63*D63/100 -> 0 | L63: =VLOOKUP(B63,'[2]2月份'!$A:$F,6,FALSE) -> 14 | M63: =L63+K63 -> 14 | O63: 待排产1000,3/2入库 | P63: =N63+M63-Q63 -> 14 | Q63: =SUM(T63) -> 0 | R63: =SUM(S63:AE63) -> 1380 | S63: 0 | T63: 0 | U63: 0 | V63: 0 | W63: 690 | X63: 0 | Y63: 0 | Z63: 0 | AA63: 0 | AB63: 690 | AC63: 0 | AD63: 0 | AE63: 0
A64: 一厂 | B64: 0011801424C | C64: =VLOOKUP(B64,'[4]项目编码 '!$B$1:$C$65536,2,FALSE) -> 10880019240 | D64: =VLOOKUP(B64,[5]sheet!$C$1:$H$65536,6,FALSE) -> 100 | E64: =VLOOKUP(B:B,[6]配额0227!$A:$B,2,0) -> 变频外电脑板-FR-4/ | F64: =VLOOKUP(B:B,'[7]厂家配额 (新)'!$A$1:$C$65536,3,0) -> 和而泰 | G64: =VLOOKUP(B64,[8]物料价格查询导出!$B:$I,8,FALSE) -> 118.50 | H64: =I64*G64 -> 0 | I64: =Q64*D64/100 -> 0 | J64: =VLOOKUP(C64,[1]Data!$A:$K,11,FALSE) -> 6 | L64: =VLOOKUP(B64,'[2]2月份'!$A:$F,6,FALSE) -> 48 | M64: =L64+K64 -> 48 | N64: =VLOOKUP(C64,[3]保留到5!$A:$B,2,FALSE) -> 9 | P64: =N64+M64-Q64 -> 57 | Q64: =SUM(T64) -> 0 | R64: =SUM(S64:AE64) -> 0 | S64: 0 | T64: 0 | U64: 0 | V64: 0 | W64: 0 | X64: 0 | Y64: 0 | Z64: 0 | AA64: 0 | AB64: 0 | AC64: 0 | AD64: 0 | AE64: 0
A65: 一厂 | B65: 0011801424K | C65: =VLOOKUP(B65,'[4]项目编码 '!$B$1:$C$65536,2,FALSE) -> 10880021173 | D65: =VLOOKUP(B65,[5]sheet!$C$1:$H$65536,6,FALSE) -> 100 | E65: =VLOOKUP(B:B,[6]配额0227!$A:$B,2,0) -> 变频外电脑板-FR-4/ | F65: =VLOOKUP(B:B,'[7]厂家配额 (新)'!$A$1:$C$65536,3,0) -> 和而泰 | G65: =VLOOKUP(B65,[8]物料价格查询导出!$B:$I,8,FALSE) -> 114.63 | H65: =I65*G65 -> 30491.58 | I65: =Q65*D65/100 -> 266 | J65: =VLOOKUP(C65,[1]Data!$A:$K,11,FALSE) -> 15 | K65: =VLOOKUP(C65,'[1]Data (2)'!$A:$K,11,FALSE) -> 24 | L65: =VLOOKUP(B65,'[2]2月份'!$A:$F,6,FALSE) -> 2 | M65: =L65+K65 -> 26 | N65: =VLOOKUP(C65,[3]保留到5!$A:$B,2,FALSE) -> 300 | O65: 在制28号入库 | P65: =N65+M65-Q65 -> 60 | Q65: =SUM(T65) -> 266 | R65: =SUM(S65:AE65) -> 266 | S65: 0 | T65: 266 | U65: 0 | V65: 0 | W65: 0 | X65: 0 | Y65: 0 | Z65: 0 | AA65: 0 | AB65: 0 | AC65: 0 | AD65: 0 | AE65: 0
A66: 一厂 | B66: 0011801425AA | C66: =VLOOKUP(B66,'[4]项目编码 '!$B$1:$C$65536,2,FALSE) -> 10880033216 | D66: =VLOOKUP(B66,[5]sheet!$C$1:$H$65536,6,FALSE) -> 50 | E66: =VLOOKUP(B:B,[6]配额0227!$A:$B,2,0) -> 变频外电脑板-FR-4 | F66: =VLOOKUP(B:B,'[7]厂家配额 (新)'!$A$1:$C$65536,3,0) -> 和而泰/尚研// | G66: =VLOOKUP(B66,[8]物料价格查询导出!$B:$I,8,FALSE) -> 105.94 | H66: =I66*G66 -> 0 | I66: =Q66*D66/100 -> 0 | K66: =VLOOKUP(C66,'[1]Data (2)'!$A:$K,11,FALSE) -> 11 | L66: =VLOOKUP(B66,'[2]2月份'!$A:$F,6,FALSE) -> 354 | M66: =L66+K66 -> 365 | N66: =VLOOKUP(C66,[3]保留到5!$A:$B,2,FALSE) -> 1503 | O66: 在制3/1入库 | P66: =N66+M66-Q66 -> 1868 | Q66: =SUM(T66) -> 0 | R66: =SUM(S66:AE66) -> 3600 | S66: 0 | T66: 0 | U66: 0 | V66: 1600 | W66: 0 | X66: 1500 | Y66: 500 | Z66: 0 | AA66: 0 | AB66: 0 | AC66: 0 | AD66: 0 | AE66: 0
A67: 一厂 | B67: 0011801425X | C67: =VLOOKUP(B67,'[4]项目编码 '!$B$1:$C$65536,2,FALSE) -> 10880027958 | D67: =VLOOKUP(B67,[5]sheet!$C$1:$H$65536,6,FALSE) -> 100 | E67: =VLOOKUP(B:B,[6]配额0227!$A:$B,2,0) -> 变频外电脑板-FR-4 | F67: =VLOOKUP(B:B,'[7]厂家配额 (新)'!$A$1:$C$65536,3,0) -> 和而泰 | G67: =VLOOKUP(B67,[8]物料价格查询导出!$B:$I,8,FALSE) -> 108.85 | H67: =I67*G67 -> 21770 | I67: =Q67*D67/100 -> 200 | J67: =VLOOKUP(C67,[1]Data!$A:$K,11,FALSE) -> 5 | L67: =VLOOKUP(B67,'[2]2月份'!$A:$F,6,FALSE) -> 37 | M67: =L67+K67 -> 37 | N67: =VLOOKUP(C67,[3]保留到5!$A:$B,2,FALSE) -> 1390 | O67: 在制2/27入库 | P67: =N67+M67-Q67 -> 1227 | Q67: =SUM(T67) -> 200 | R67: =SUM(S67:AE67) -> 990 | S67: 0 | T67: 200 | U67: 790 | V67: 0 | W67: 0 | X67: 0 | Y67: 0 | Z67: 0 | AA67: 0 | AB67: 0 | AC67: 0 | AD67: 0 | AE67: 0
A68: 一厂 | B68: 0011801482 | C68: =VLOOKUP(B68,'[4]项目编码 '!$B$1:$C$65536,2,FALSE) -> 10880031304 | D68: =VLOOKUP(B68,[5]sheet!$C$1:$H$65536,6,FALSE) -> 30 | E68: =VLOOKUP(B:B,[6]配额0227!$A:$B,2,0) -> 室内电脑板-CEM-1 | F68: =VLOOKUP(B:B,'[7]厂家配额 (新)'!$A$1:$C$65536,3,0) -> 领智/和而泰// | G68: =VLOOKUP(B68,[8]物料价格查询导出!$B:$I,8,FALSE) -> 38.30 | H68: =I68*G68 -> 0 | I68: =Q68*D68/100 -> 0 | J68: =VLOOKUP(C68,[1]Data!$A:$K,11,FALSE) -> 13 | L68: =VLOOKUP(B68,'[2]2月份'!$A:$F,6,FALSE) -> 234 | M68: =L68+K68 -> 234 | P68: =N68+M68-Q68 -> 234 | Q68: =SUM(T68) -> 0 | R68: =SUM(S68:AE68) -> 0 | S68: 0 | T68: 0 | U68: 0 | V68: 0 | W68: 0 | X68: 0 | Y68: 0 | Z68: 0 | AA68: 0 | AB68: 0 | AC68: 0 | AD68: 0 | AE68: 0
A69: 一厂 | B69: 0011801482A | C69: =VLOOKUP(B69,'[4]项目编码 '!$B$1:$C$65536,2,FALSE) -> 10880033217 | D69: =VLOOKUP(B69,[5]sheet!$C$1:$H$65536,6,FALSE) -> 30 | E69: =VLOOKUP(B:B,[6]配额0227!$A:$B,2,0) -> 室内电脑板-CEM-1 | F69: =VLOOKUP(B:B,'[7]厂家配额 (新)'!$A$1:$C$65536,3,0) -> 和而泰/领智// | G69: =VLOOKUP(B69,[8]物料价格查询导出!$B:$I,8,FALSE) -> 40.02 | H69: =I69*G69 -> 0 | I69: =Q69*D69/100 -> 0 | J69: =VLOOKUP(C69,[1]Data!$A:$K,11,FALSE) -> 15 | K69: =VLOOKUP(C69,'[1]Data (2)'!$A:$K,11,FALSE) -> 38 | M69: =L69+K69 -> 38 | O69: 智能有库存2W | P69: =N69+M69-Q69 -> 38 | Q69: =SUM(T69) -> 0 | R69: =SUM(S69:AE69) -> 7375 | S69: 0 | T69: 0 | U69: 0 | V69: 0 | W69: 0 | X69: 0 | Y69: 1785 | Z69: 0 | AA69: 0 | AB69: 0 | AC69: 0 | AD69: 0 | AE69: 5590
A70: 一厂 | B70: 0011801490BS | C70: =VLOOKUP(B70,'[4]项目编码 '!$B$1:$C$65536,2,FALSE) -> 10880036434 | D70: =VLOOKUP(B70,[5]sheet!$C$1:$H$65536,6,FALSE) -> 70 | E70: =VLOOKUP(B:B,[6]配额0227!$A:$B,2,0) -> 变频外电脑板-FR-4 | F70: =VLOOKUP(B:B,'[7]厂家配额 (新)'!$A$1:$C$65536,3,0) -> 和而泰/领智// | G70: =VLOOKUP(B70,[8]物料价格查询导出!$B:$I,8,FALSE) -> 104.46 | H70: =I70*G70 -> 0 | I70: =Q70*D70/100 -> 0 | M70: =L70+K70 -> 0 | N70: =VLOOKUP(C70,[3]保留到5!$A:$B,2,FALSE) -> 900 | O70: 按配额交付满足 | P70: =N70+M70-Q70 -> 900 | Q70: =SUM(T70) -> 0 | R70: =SUM(S70:AE70) -> 1254 | S70: 944 | T70: 0 | U70: 250 | V70: 60 | W70: 0 | X70: 0 | Y70: 0 | Z70: 0 | AA70: 0 | AB70: 0 | AC70: 0 | AD70: 0 | AE70: 0
A71: 一厂 | B71: 0011801490BT | C71: =VLOOKUP(B71,'[4]项目编码 '!$B$1:$C$65536,2,FALSE) -> 10880036361 | D71: =VLOOKUP(B71,[5]sheet!$C$1:$H$65536,6,FALSE) -> 30 | E71: =VLOOKUP(B:B,[6]配额0227!$A:$B,2,0) -> 变频外电脑板-FR-4 | F71: =VLOOKUP(B:B,'[7]厂家配额 (新)'!$A$1:$C$65536,3,0) -> 领智/和而泰// | G71: =VLOOKUP(B71,[8]物料价格查询导出!$B:$I,8,FALSE) -> 104.46 | H71: =I71*G71 -> 57160.512 | I71: =Q71*D71/100 -> 547.2 | M71: =L71+K71 -> 0 | N71: =VLOOKUP(C71,[3]保留到5!$A:$B,2,FALSE) -> 600 | O71: 按配额交付满足 | P71: =N71+M71-Q71 -> -1224 | Q71: =SUM(T71) -> 1824 | R71: =SUM(S71:AE71) -> 1984 | S71: 0 | T71: 1824 | U71: 100 | V71: 60 | W71: 0 | X71: 0 | Y71: 0 | Z71: 0 | AA71: 0 | AB71: 0 | AC71: 0 | AD71: 0 | AE71: 0
A72: 一厂 | B72: 0011801516 | C72: =VLOOKUP(B72,'[4]项目编码 '!$B$1:$C$65536,2,FALSE) -> 10880030596 | D72: =VLOOKUP(B72,[5]sheet!$C$1:$H$65536,6,FALSE) -> 100 | E72: =VLOOKUP(B:B,[6]配额0227!$A:$B,2,0) -> 变频外电脑板-FR-4300mm*180mm | F72: =VLOOKUP(B:B,'[7]厂家配额 (新)'!$A$1:$C$65536,3,0) -> 和而泰 | G72: =VLOOKUP(B72,[8]物料价格查询导出!$B:$I,8,FALSE) -> 236.16 | H72: =I72*G72 -> 23616 | I72: =Q72*D72/100 -> 100 | L72: =VLOOKUP(B72,'[2]2月份'!$A:$F,6,FALSE) -> 1 | M72: =L72+K72 -> 1 | N72: =VLOOKUP(C72,[3]保留到5!$A:$B,2,FALSE) -> 200 | O72: 待排产200,3/11入库 | P72: =N72+M72-Q72 -> 101 | Q72: =SUM(T72) -> 100 | R72: =SUM(S72:AE72) -> 220 | S72: 0 | T72: 100 | U72: 0 | V72: 0 | W72: 0 | X72: 0 | Y72: 0 | Z72: 0 | AA72: 0 | AB72: 0 | AC72: 0 | AD72: 0 | AE72: 120
A73: 一厂 | B73: 0011801516D | C73: =VLOOKUP(B73,'[4]项目编码 '!$B$1:$C$65536,2,FALSE) -> 10880031847 | D73: =VLOOKUP(B73,[5]sheet!$C$1:$H$65536,6,FALSE) -> 30 | E73: =VLOOKUP(B:B,[6]配额0227!$A:$B,2,0) -> 变频外电脑板-FR-4 | F73: =VLOOKUP(B:B,'[7]厂家配额 (新)'!$A$1:$C$65536,3,0) -> 领智/和而泰// | G73: =VLOOKUP(B73,[8]物料价格查询导出!$B:$I,8,FALSE) -> 206.68 | H73: =I73*G73 -> 3100.2 | I73: =Q73*D73/100 -> 15 | J73: =VLOOKUP(C73,[1]Data!$A:$K,11,FALSE) -> 16 | M73: =L73+K73 -> 0 | O73: 待排产300,3/6入库 | P73: =N73+M73-Q73 -> -50 | Q73: =SUM(T73) -> 50 | R73: =SUM(S73:AE73) -> 595 | S73: 0 | T73: 50 | U73: 0 | V73: 0 | W73: 0 | X73: 0 | Y73: 0 | Z73: 0 | AA73: 200 | AB73: 0 | AC73: 0 | AD73: 0 | AE73: 345
A74: 一厂 | B74: 0011801516E | C74: =VLOOKUP(B74,'[4]项目编码 '!$B$1:$C$65536,2,FALSE) -> 10880031856 | D74: =VLOOKUP(B74,[5]sheet!$C$1:$H$65536,6,FALSE) -> 30 | E74: =VLOOKUP(B:B,[6]配额0227!$A:$B,2,0) -> 变频外电脑板-FR-4 | F74: =VLOOKUP(B:B,'[7]厂家配额 (新)'!$A$1:$C$65536,3,0) -> 领智/和而泰// | G74: =VLOOKUP(B74,[8]物料价格查询导出!$B:$I,8,FALSE) -> 191.93 | H74: =I74*G74 -> 0 | I74: =Q74*D74/100 -> 0 | M74: =L74+K74 -> 0 | O74: 待排产200,3/2入库 | P74: =N74+M74-Q74 -> 0 | Q74: =SUM(T74) -> 0 | R74: =SUM(S74:AE74) -> 320 | S74: 0 | T74: 0 | U74: 0 | V74: 12 | W74: 0 | X74: 0 | Y74: 0 | Z74: 0 | AA74: 38 | AB74: 0 | AC74: 0 | AD74: 0 | AE74: 270
A75: 一厂 | B75: 0011801593 | C75: =VLOOKUP(B75,'[4]项目编码 '!$B$1:$C$65536,2,FALSE) -> 10880030320 | D75: =VLOOKUP(B75,[5]sheet!$C$1:$H$65536,6,FALSE) -> 100 | E75: =VLOOKUP(B:B,[6]配额0227!$A:$B,2,0) -> 室内电脑板-FR-4136*165 | F75: =VLOOKUP(B:B,'[7]厂家配额 (新)'!$A$1:$C$65536,3,0) -> 和而泰 | G75: =VLOOKUP(B75,[8]物料价格查询导出!$B:$I,8,FALSE) -> 76.20 | H75: =I75*G75 -> 0 | I75: =Q75*D75/100 -> 0 | L75: =VLOOKUP(B75,'[2]2月份'!$A:$F,6,FALSE) -> 105 | M75: =L75+K75 -> 105 | N75: =VLOOKUP(C75,[3]保留到5!$A:$B,2,FALSE) -> 6 | O75: 待排产200,3/8入库 | P75: =N75+M75-Q75 -> 111 | Q75: =SUM(T75) -> 0 | R75: =SUM(S75:AE75) -> 180 | S75: 0 | T75: 0 | U75: 0 | V75: 0 | W75: 0 | X75: 0 | Y75: 0 | Z75: 0 | AA75: 0 | AB75: 130 | AC75: 0 | AD75: 0 | AE75: 50
A76: 一厂 | B76: 0011801593A | C76: =VLOOKUP(B76,'[4]项目编码 '!$B$1:$C$65536,2,FALSE) -> 10880031157 | D76: =VLOOKUP(B76,[5]sheet!$C$1:$H$65536,6,FALSE) -> 30 | E76: =VLOOKUP(B:B,[6]配额0227!$A:$B,2,0) -> 室内电脑板-FR-4 | F76: =VLOOKUP(B:B,'[7]厂家配额 (新)'!$A$1:$C$65536,3,0) -> 领智/和而泰// | G76: =VLOOKUP(B76,[8]物料价格查询导出!$B:$I,8,FALSE) -> 72.95 | H76: =I76*G76 -> 0 | I76: =Q76*D76/100 -> 0 | L76: =VLOOKUP(B76,'[2]2月份'!$A:$F,6,FALSE) -> 65 | M76: =L76+K76 -> 65 | O76: 待排产1000,3/6入库 | P76: =N76+M76-Q76 -> 65 | Q76: =SUM(T76) -> 0 | R76: =SUM(S76:AE76) -> 3101 | S76: 0 | T76: 0 | U76: 1 | V76: 0 | W76: 0 | X76: 0 | Y76: 0 | Z76: 210 | AA76: 2080 | AB76: 730 | AC76: 0 | AD76: 0 | AE76: 80
A77: 一厂 | B77: 0011801593C | C77: =VLOOKUP(B77,'[4]项目编码 '!$B$1:$C$65536,2,FALSE) -> 10880031160 | D77: =VLOOKUP(B77,[5]sheet!$C$1:$H$65536,6,FALSE) -> 30 | E77: =VLOOKUP(B:B,[6]配额0227!$A:$B,2,0) -> 室内电脑板-FR-4 | F77: =VLOOKUP(B:B,'[7]厂家配额 (新)'!$A$1:$C$65536,3,0) -> 领智/和而泰// | G77: =VLOOKUP(B77,[8]物料价格查询导出!$B:$I,8,FALSE) -> 74.75 | H77: =I77*G77 -> 0 | I77: =Q77*D77/100 -> 0 | M77: =L77+K77 -> 0 | O77: 李灿库存84全交 | P77: =N77+M77-Q77 -> 0 | Q77: =SUM(T77) -> 0 | R77: =SUM(S77:AE77) -> 30 | S77: 0 | T77: 0 | U77: 0 | V77: 0 | W77: 0 | X77: 0 | Y77: 0 | Z77: 0 | AA77: 30 | AB77: 0 | AC77: 0 | AD77: 0 | AE77: 0
A78: 一厂 | B78: 0011801593D | C78: =VLOOKUP(B78,'[4]项目编码 '!$B$1:$C$65536,2,FALSE) -> 10880031161 | D78: =VLOOKUP(B78,[5]sheet!$C$1:$H$65536,6,FALSE) -> 30 | E78: =VLOOKUP(B:B,[6]配额0227!$A:$B,2,0) -> 室内电脑板-FR-4 | F78: =VLOOKUP(B:B,'[7]厂家配额 (新)'!$A$1:$C$65536,3,0) -> 领智/和而泰// | G78: =VLOOKUP(B78,[8]物料价格查询导出!$B:$I,8,FALSE) -> 72.95 | H78: =I78*G78 -> 0 | I78: =Q78*D78/100 -> 0 | K78: =VLOOKUP(C78,'[1]Data (2)'!$A:$K,11,FALSE) -> 1 | L78: =VLOOKUP(B78,'[2]2月份'!$A:$F,6,FALSE) -> 175 | M78: =L78+K78 -> 176 | N78: =VLOOKUP(C78,[3]保留到5!$A:$B,2,FALSE) -> 7 | O78: 李灿库存466 | P78: =N78+M78-Q78 -> 183 | Q78: =SUM(T78) -> 0 | R78: =SUM(S78:AE78) -> 284 | S78: 0 | T78: 0 | U78: 4 | V78: 0 | W78: 0 | X78: 0 | Y78: 0 | Z78: 0 | AA78: 0 | AB78: 280 | AC78: 0 | AD78: 0 | AE78: 0
A79: 一厂 | B79: 0011801652 | C79: =VLOOKUP(B79,'[4]项目编码 '!$B$1:$C$65536,2,FALSE) -> 10880029957 | D79: =VLOOKUP(B79,[5]sheet!$C$1:$H$65536,6,FALSE) -> 50 | E79: =VLOOKUP(B:B,[6]配额0227!$A:$B,2,0) -> 室内电脑板-/ | F79: =VLOOKUP(B:B,'[7]厂家配额 (新)'!$A$1:$C$65536,3,0) -> 领智/和而泰// | G79: =VLOOKUP(B79,[8]物料价格查询导出!$B:$I,8,FALSE) -> 47.16 | H79: =I79*G79 -> 0 | I79: =Q79*D79/100 -> 0 | K79: =VLOOKUP(C79,'[1]Data (2)'!$A:$K,11,FALSE) -> 2 | L79: =VLOOKUP(B79,'[2]2月份'!$A:$F,6,FALSE) -> 238 | M79: =L79+K79 -> 240 | O79: 李灿库存2500，可全交 | P79: =N79+M79-Q79 -> 240 | Q79: =SUM(T79) -> 0 | R79: =SUM(S79:AE79) -> 2371 | S79: 0 | T79: 0 | U79: 960 | V79: 0 | W79: 0 | X79: 0 | Y79: 0 | Z79: 240 | AA79: 0 | AB79: 0 | AC79: 0 | AD79: 0 | AE79: 1171
A80: 一厂 | B80: 0011801652A | C80: =VLOOKUP(B80,'[4]项目编码 '!$B$1:$C$65536,2,FALSE) -> 10880030784 | D80: =VLOOKUP(B80,[5]sheet!$C$1:$H$65536,6,FALSE) -> 30 | E80: =VLOOKUP(B:B,[6]配额0227!$A:$B,2,0) -> 室内电脑板-/ | F80: =VLOOKUP(B:B,'[7]厂家配额 (新)'!$A$1:$C$65536,3,0) -> 和而泰/领智 | G80: =VLOOKUP(B80,[8]物料价格查询导出!$B:$I,8,FALSE) -> 47.78 | H80: =I80*G80 -> 0 | I80: =Q80*D80/100 -> 0 | J80: =VLOOKUP(C80,[1]Data!$A:$K,11,FALSE) -> 4 | L80: =VLOOKUP(B80,'[2]2月份'!$A:$F,6,FALSE) -> 8 | M80: =L80+K80 -> 8 | O80: 李灿库存243 | P80: =N80+M80-Q80 -> 8 | Q80: =SUM(T80) -> 0 | R80: =SUM(S80:AE80) -> 350 | S80: 0 | T80: 0 | U80: 150 | V80: 0 | W80: 0 | X80: 0 | Y80: 0 | Z80: 0 | AA80: 0 | AB80: 0 | AC80: 0 | AD80: 0 | AE80: 200
A81: 一厂 | B81: 0011801656 | C81: =VLOOKUP(B81,'[4]项目编码 '!$B$1:$C$65536,2,FALSE) -> 10880030976 | D81: =VLOOKUP(B81,[5]sheet!$C$1:$H$65536,6,FALSE) -> 30 | E81: =VLOOKUP(B:B,[6]配额0227!$A:$B,2,0) -> 变频外电脑板-/ | F81: =VLOOKUP(B:B,'[7]厂家配额 (新)'!$A$1:$C$65536,3,0) -> 领智/和而泰// | G81: =VLOOKUP(B81,[8]物料价格查询导出!$B:$I,8,FALSE) -> 136.84 | H81: =I81*G81 -> 0 | I81: =Q81*D81/100 -> 0 | L81: =VLOOKUP(B81,'[2]2月份'!$A:$F,6,FALSE) -> 21 | M81: =L81+K81 -> 21 | N81: =VLOOKUP(C81,[3]保留到5!$A:$B,2,FALSE) -> 496 | O81: 待排产300,3/11入库 | P81: =N81+M81-Q81 -> 517 | Q81: =SUM(T81) -> 0 | R81: =SUM(S81:AE81) -> 2241 | S81: 0 | T81: 0 | U81: 830 | V81: 0 | W81: 0 | X81: 0 | Y81: 0 | Z81: 0 | AA81: 0 | AB81: 240 | AC81: 0 | AD81: 0 | AE81: 1171
A82: 一厂 | B82: 0011801656A | C82: =VLOOKUP(B82,'[4]项目编码 '!$B$1:$C$65536,2,FALSE) -> 10880033279 | D82: =VLOOKUP(B82,[5]sheet!$C$1:$H$65536,6,FALSE) -> 70 | E82: =VLOOKUP(B:B,[6]配额0227!$A:$B,2,0) -> 变频外电脑板 | F82: =VLOOKUP(B:B,'[7]厂家配额 (新)'!$A$1:$C$65536,3,0) -> 和而泰/领智 | G82: =VLOOKUP(B82,[8]物料价格查询导出!$B:$I,8,FALSE) -> 136.84 | H82: =I82*G82 -> 0 | I82: =Q82*D82/100 -> 0 | J82: =VLOOKUP(C82,[1]Data!$A:$K,11,FALSE) -> 13 | L82: =VLOOKUP(B82,'[2]2月份'!$A:$F,6,FALSE) -> 40 | M82: =L82+K82 -> 40 | O82: 韩宁全排，428可11号入库 | P82: =N82+M82-Q82 -> 40 | Q82: =SUM(T82) -> 0 | R82: =SUM(S82:AE82) -> 465 | S82: 0 | T82: 0 | U82: 315 | V82: 0 | W82: 0 | X82: 0 | Y82: 0 | Z82: 0 | AA82: 0 | AB82: 0 | AC82: 0 | AD82: 0 | AE82: 150
A83: 一厂 | B83: 0011801657 | C83: =VLOOKUP(B83,'[4]项目编码 '!$B$1:$C$65536,2,FALSE) -> 10880030977 | D83: =VLOOKUP(B83,[5]sheet!$C$1:$H$65536,6,FALSE) -> 30 | E83: =VLOOKUP(B:B,[6]配额0227!$A:$B,2,0) -> 变频外电脑板-/ | F83: =VLOOKUP(B:B,'[7]厂家配额 (新)'!$A$1:$C$65536,3,0) -> 和而泰/领智 | G83: =VLOOKUP(B83,[8]物料价格查询导出!$B:$I,8,FALSE) -> 166.71 | H83: =I83*G83 -> 0 | I83: =Q83*D83/100 -> 0 | L83: =VLOOKUP(B83,'[2]2月份'!$A:$F,6,FALSE) -> 143 | M83: =L83+K83 -> 143 | P83: =N83+M83-Q83 -> 143 | Q83: =SUM(T83) -> 0 | R83: =SUM(S83:AE83) -> 200 | S83: 0 | T83: 0 | U83: 0 | V83: 0 | W83: 0 | X83: 0 | Y83: 0 | Z83: 0 | AA83: 0 | AB83: 0 | AC83: 0 | AD83: 0 | AE83: 200
A84: 一厂 | B84: 0011801657A | C84: =VLOOKUP(B84,'[4]项目编码 '!$B$1:$C$65536,2,FALSE) -> 10880033280 | D84: =VLOOKUP(B84,[5]sheet!$C$1:$H$65536,6,FALSE) -> 70 | E84: =VLOOKUP(B:B,[6]配额0227!$A:$B,2,0) -> 变频外电脑板 | F84: =VLOOKUP(B:B,'[7]厂家配额 (新)'!$A$1:$C$65536,3,0) -> 领智/和而泰// | G84: =VLOOKUP(B84,[8]物料价格查询导出!$B:$I,8,FALSE) -> 166.92 | H84: =I84*G84 -> 0 | I84: =Q84*D84/100 -> 0 | J84: =VLOOKUP(C84,[1]Data!$A:$K,11,FALSE) -> 5 | M84: =L84+K84 -> 0 | O84: 待排产200,3/11入库 | P84: =N84+M84-Q84 -> 0 | Q84: =SUM(T84) -> 0 | R84: =SUM(S84:AE84) -> 48 | S84: 0 | T84: 0 | U84: 0 | V84: 0 | W84: 0 | X84: 0 | Y84: 0 | Z84: 0 | AA84: 0 | AB84: 0 | AC84: 0 | AD84: 0 | AE84: 48
A85: 一厂 | B85: 0011801659 | C85: =VLOOKUP(B85,'[4]项目编码 '!$B$1:$C$65536,2,FALSE) -> 10880029958 | D85: =VLOOKUP(B85,[5]sheet!$C$1:$H$65536,6,FALSE) -> 30 | E85: =VLOOKUP(B:B,[6]配额0227!$A:$B,2,0) -> 显示板-LED | F85: =VLOOKUP(B:B,'[7]厂家配额 (新)'!$A$1:$C$65536,3,0) -> 领智/和而泰// | G85: =VLOOKUP(B85,[8]物料价格查询导出!$B:$I,8,FALSE) -> 7.37 | H85: =I85*G85 -> 8.844 | I85: =Q85*D85/100 -> 1.2 | J85: =VLOOKUP(C85,[1]Data!$A:$K,11,FALSE) -> 323 | L85: =VLOOKUP(B85,'[2]2月份'!$A:$F,6,FALSE) -> 715 | M85: =L85+K85 -> 715 | O85: 待排产2000,3/5入库1K，3/11入库1K | P85: =N85+M85-Q85 -> 711 | Q85: =SUM(T85) -> 4 | R85: =SUM(S85:AE85) -> 2747 | S85: 0 | T85: 4 | U85: 1132 | V85: 0 | W85: 0 | X85: 0 | Y85: 0 | Z85: 240 | AA85: 0 | AB85: 0 | AC85: 0 | AD85: 0 | AE85: 1371
A86: 一厂 | B86: 0011801675A | C86: =VLOOKUP(B86,'[4]项目编码 '!$B$1:$C$65536,2,FALSE) -> 10880036764 | D86: =VLOOKUP(B86,[5]sheet!$C$1:$H$65536,6,FALSE) -> 30 | E86: =VLOOKUP(B:B,[6]配额0227!$A:$B,2,0) -> 室内电脑板-CEM-1165*136 | F86: =VLOOKUP(B:B,'[7]厂家配额 (新)'!$A$1:$C$65536,3,0) -> 领智/和而泰// | G86: =VLOOKUP(B86,[8]物料价格查询导出!$B:$I,8,FALSE) -> 37.82 | H86: =I86*G86 -> 0 | I86: =Q86*D86/100 -> 0 | L86: =VLOOKUP(B86,'[2]2月份'!$A:$F,6,FALSE) -> 1590 | M86: =L86+K86 -> 1590 | O86: 待排产1300,3/11入库 | P86: =N86+M86-Q86 -> 1590 | Q86: =SUM(T86) -> 0 | R86: =SUM(S86:AE86) -> 9333 | S86: 653 | T86: 0 | U86: 99 | V86: 0 | W86: 2 | X86: 0 | Y86: 0 | Z86: 882 | AA86: 35 | AB86: 0 | AC86: 0 | AD86: 0 | AE86: 7662
A87: 一厂 | B87: 0011801675AB | C87: =VLOOKUP(B87,'[4]项目编码 '!$B$1:$C$65536,2,FALSE) -> 10880035534 | D87: =VLOOKUP(B87,[5]sheet!$C$1:$H$65536,6,FALSE) -> 30 | E87: =VLOOKUP(B:B,[6]配额0227!$A:$B,2,0) -> 室内电脑板-CEM-1 | F87: =VLOOKUP(B:B,'[7]厂家配额 (新)'!$A$1:$C$65536,3,0) -> 领智/和而泰// | G87: =VLOOKUP(B87,[8]物料价格查询导出!$B:$I,8,FALSE) -> 41.44 | H87: =I87*G87 -> 0 | I87: =Q87*D87/100 -> 0 | L87: =VLOOKUP(B87,'[2]2月份'!$A:$F,6,FALSE) -> 423 | M87: =L87+K87 -> 423 | O87: 待排产1000,3/6入库 | P87: =N87+M87-Q87 -> 423 | Q87: =SUM(T87) -> 0 | R87: =SUM(S87:AE87) -> 4401 | S87: 0 | T87: 0 | U87: 0 | V87: 0 | W87: 885 | X87: 0 | Y87: 175 | Z87: 1 | AA87: 3150 | AB87: 0 | AC87: 0 | AD87: 0 | AE87: 190
A88: 一厂 | B88: 0011801675AE | C88: =VLOOKUP(B88,'[4]项目编码 '!$B$1:$C$65536,2,FALSE) -> 10880036325 | D88: =VLOOKUP(B88,[5]sheet!$C$1:$H$65536,6,FALSE) -> 30 | E88: =VLOOKUP(B:B,[6]配额0227!$A:$B,2,0) -> 室内电脑板-CEM-1165*136 | F88: =VLOOKUP(B:B,'[7]厂家配额 (新)'!$A$1:$C$65536,3,0) -> 领智/和而泰// | G88: =VLOOKUP(B88,[8]物料价格查询导出!$B:$I,8,FALSE) -> 38.32 | H88: =I88*G88 -> 7299.96 | I88: =Q88*D88/100 -> 190.5 | K88: =VLOOKUP(C88,'[1]Data (2)'!$A:$K,11,FALSE) -> 2 | L88: =VLOOKUP(B88,'[2]2月份'!$A:$F,6,FALSE) -> 1466 | M88: =L88+K88 -> 1468 | N88: =VLOOKUP(C88,[3]保留到5!$A:$B,2,FALSE) -> 11 | O88: 待排产1000,3/11入库 | P88: =N88+M88-Q88 -> 844 | Q88: =SUM(T88) -> 635 | R88: =SUM(S88:AE88) -> 7039 | S88: 0 | T88: 635 | U88: 290 | V88: 290 | W88: 0 | X88: 0 | Y88: 0 | Z88: 2680 | AA88: 0 | AB88: 285 | AC88: 0 | AD88: 0 | AE88: 2859
A89: 一厂 | B89: 0011801675B | C89: =VLOOKUP(B89,'[4]项目编码 '!$B$1:$C$65536,2,FALSE) -> 10880036760 | D89: =VLOOKUP(B89,[5]sheet!$C$1:$H$65536,6,FALSE) -> 30 | E89: =VLOOKUP(B:B,[6]配额0227!$A:$B,2,0) -> 室内电脑板-CEM-1155*136 | F89: =VLOOKUP(B:B,'[7]厂家配额 (新)'!$A$1:$C$65536,3,0) -> 和而泰/领智// | G89: =VLOOKUP(B89,[8]物料价格查询导出!$B:$I,8,FALSE) -> 37.58 | H89: =I89*G89 -> 0 | I89: =Q89*D89/100 -> 0 | K89: =VLOOKUP(C89,'[1]Data (2)'!$A:$K,11,FALSE) -> 13 | L89: =VLOOKUP(B89,'[2]2月份'!$A:$F,6,FALSE) -> 3727 | M89: =L89+K89 -> 3740 | N89: =VLOOKUP(C89,[3]保留到5!$A:$B,2,FALSE) -> 9 | O89: 待排产2000,3/8入库 | P89: =N89+M89-Q89 -> 3749 | Q89: =SUM(T89) -> 0 | R89: =SUM(S89:AE89) -> 15383 | S89: 1794 | T89: 0 | U89: 0 | V89: 1340 | W89: 134 | X89: 2825 | Y89: 0 | Z89: 1075 | AA89: 0 | AB89: 3130 | AC89: 600 | AD89: 0 | AE89: 4485
A90: 一厂 | B90: 0011801675C | C90: =VLOOKUP(B90,'[4]项目编码 '!$B$1:$C$65536,2,FALSE) -> 10880036761 | D90: =VLOOKUP(B90,[5]sheet!$C$1:$H$65536,6,FALSE) -> 30 | E90: =VLOOKUP(B:B,[6]配额0227!$A:$B,2,0) -> 室内电脑板-CEM-1165*136 | F90: =VLOOKUP(B:B,'[7]厂家配额 (新)'!$A$1:$C$65536,3,0) -> 领智/和而泰// | G90: =VLOOKUP(B90,[8]物料价格查询导出!$B:$I,8,FALSE) -> 42.28 | H90: =I90*G90 -> 0 | I90: =Q90*D90/100 -> 0 | J90: =VLOOKUP(C90,[1]Data!$A:$K,11,FALSE) -> 1 | L90: =VLOOKUP(B90,'[2]2月份'!$A:$F,6,FALSE) -> 152 | M90: =L90+K90 -> 152 | O90: 待排产400,3/2入库 | P90: =N90+M90-Q90 -> 152 | Q90: =SUM(T90) -> 0 | R90: =SUM(S90:AE90) -> 1661 | S90: 129 | T90: 0 | U90: 2 | V90: 20 | W90: 1410 | X90: 0 | Y90: 0 | Z90: 0 | AA90: 0 | AB90: 0 | AC90: 0 | AD90: 0 | AE90: 100
A91: 一厂 | B91: 0011801675H | C91: =VLOOKUP(B91,'[4]项目编码 '!$B$1:$C$65536,2,FALSE) -> 10880035512 | D91: =VLOOKUP(B91,[5]sheet!$C$1:$H$65536,6,FALSE) -> 70 | E91: =VLOOKUP(B:B,[6]配额0227!$A:$B,2,0) -> 室内电脑板-FR-4162mm*130mm | F91: =VLOOKUP(B:B,'[7]厂家配额 (新)'!$A$1:$C$65536,3,0) -> 领智/和而泰// | G91: =VLOOKUP(B91,[8]物料价格查询导出!$B:$I,8,FALSE) -> 43.53 | H91: =I91*G91 -> 0 | I91: =Q91*D91/100 -> 0 | L91: =VLOOKUP(B91,'[2]2月份'!$A:$F,6,FALSE) -> 24 | M91: =L91+K91 -> 24 | O91: 待排产1500,3/3入库 | P91: =N91+M91-Q91 -> 24 | Q91: =SUM(T91) -> 0 | R91: =SUM(S91:AE91) -> 1890 | S91: 0 | T91: 0 | U91: 0 | V91: 0 | W91: 0 | X91: 900 | Y91: 360 | Z91: 0 | AA91: 0 | AB91: 630 | AC91: 0 | AD91: 0 | AE91: 0
A92: 一厂 | B92: 0011801675J | C92: =VLOOKUP(B92,'[4]项目编码 '!$B$1:$C$65536,2,FALSE) -> 10880036348 | D92: =VLOOKUP(B92,[5]sheet!$C$1:$H$65536,6,FALSE) -> 70 | E92: =VLOOKUP(B:B,[6]配额0227!$A:$B,2,0) -> 室内电脑板-FR-4165*136 | F92: =VLOOKUP(B:B,'[7]厂家配额 (新)'!$A$1:$C$65536,3,0) -> 和而泰/领智// | G92: =VLOOKUP(B92,[8]物料价格查询导出!$B:$I,8,FALSE) -> 40.30 | H92: =I92*G92 -> 0 | I92: =Q92*D92/100 -> 0 | K92: =VLOOKUP(C92,'[1]Data (2)'!$A:$K,11,FALSE) -> 7 | M92: =L92+K92 -> 7 | N92: =VLOOKUP(C92,[3]保留到5!$A:$B,2,FALSE) -> 1000 | O92: 李灿库存5000 | P92: =N92+M92-Q92 -> 1007 | Q92: =SUM(T92) -> 0 | R92: =SUM(S92:AE92) -> 5244 | S92: 0 | T92: 0 | U92: 4 | V92: 0 | W92: 4620 | X92: 0 | Y92: 120 | Z92: 100 | AA92: 0 | AB92: 0 | AC92: 0 | AD92: 0 | AE92: 400
A93: 一厂 | B93: 0011801675K | C93: =VLOOKUP(B93,'[4]项目编码 '!$B$1:$C$65536,2,FALSE) -> 10880036349 | D93: =VLOOKUP(B93,[5]sheet!$C$1:$H$65536,6,FALSE) -> 70 | E93: =VLOOKUP(B:B,[6]配额0227!$A:$B,2,0) -> 室内电脑板-FR-4165*136 | F93: =VLOOKUP(B:B,'[7]厂家配额 (新)'!$A$1:$C$65536,3,0) -> 领智/和而泰// | G93: =VLOOKUP(B93,[8]物料价格查询导出!$B:$I,8,FALSE) -> 38.13 | H93: =I93*G93 -> 0 | I93: =Q93*D93/100 -> 0 | M93: =L93+K93 -> 0 | O93: 待排产4500,3/6入库2500,3/11入库2000 | P93: =N93+M93-Q93 -> 0 | Q93: =SUM(T93) -> 0 | R93: =SUM(S93:AE93) -> 6104 | S93: 0 | T93: 0 | U93: 0 | V93: 0 | W93: 0 | X93: 0 | Y93: 0 | Z93: 0 | AA93: 2295 | AB93: 1427 | AC93: 0 | AD93: 0 | AE93: 2382
A94: 一厂 | B94: 0011801685 | C94: =VLOOKUP(B94,'[4]项目编码 '!$B$1:$C$65536,2,FALSE) -> 10880033911 | D94: =VLOOKUP(B94,[5]sheet!$C$1:$H$65536,6,FALSE) -> 30 | E94: =VLOOKUP(B:B,[6]配额0227!$A:$B,2,0) -> 显示板-LED | F94: =VLOOKUP(B:B,'[7]厂家配额 (新)'!$A$1:$C$65536,3,0) -> 和而泰/领智 | G94: =VLOOKUP(B94,[8]物料价格查询导出!$B:$I,8,FALSE) -> 9.34 | H94: =I94*G94 -> 0 | I94: =Q94*D94/100 -> 0 | J94: =VLOOKUP(C94,[1]Data!$A:$K,11,FALSE) -> 11 | K94: =VLOOKUP(C94,'[1]Data (2)'!$A:$K,11,FALSE) -> 300 | L94: =VLOOKUP(B94,'[2]2月份'!$A:$F,6,FALSE) -> 5 | M94: =L94+K94 -> 305 | O94: 按配额交付满足 | P94: =N94+M94-Q94 -> 305 | Q94: =SUM(T94) -> 0 | R94: =SUM(S94:AE94) -> 854 | S94: 0 | T94: 0 | U94: 656 | V94: 0 | W94: 0 | X94: 0 | Y94: 0 | Z94: 0 | AA94: 0 | AB94: 0 | AC94: 0 | AD94: 0 | AE94: 198
A95: 一厂 | B95: 0011801826 | C95: =VLOOKUP(B95,'[4]项目编码 '!$B$1:$C$65536,2,FALSE) -> 10880030931 | D95: =VLOOKUP(B95,[5]sheet!$C$1:$H$65536,6,FALSE) -> 70 | E95: =VLOOKUP(B:B,[6]配额0227!$A:$B,2,0) -> 室内电脑板-FR-4136*165 | F95: =VLOOKUP(B:B,'[7]厂家配额 (新)'!$A$1:$C$65536,3,0) -> 和而泰/领智// | G95: =VLOOKUP(B95,[8]物料价格查询导出!$B:$I,8,FALSE) -> 51.02 | H95: =I95*G95 -> 0 | I95: =Q95*D95/100 -> 0 | L95: =VLOOKUP(B95,'[2]2月份'!$A:$F,6,FALSE) -> 280 | M95: =L95+K95 -> 280 | N95: =VLOOKUP(C95,[3]保留到5!$A:$B,2,FALSE) -> 200 | O95: 在制3/8入库 | P95: =N95+M95-Q95 -> 480 | Q95: =SUM(T95) -> 0 | R95: =SUM(S95:AE95) -> 490 | S95: 0 | T95: 0 | U95: 196 | V95: 0 | W95: 0 | X95: 0 | Y95: 0 | Z95: 0 | AA95: 0 | AB95: 0 | AC95: 98 | AD95: 0 | AE95: 196
A96: 一厂 | B96: 0011801843AN | C96: =VLOOKUP(B96,'[4]项目编码 '!$B$1:$C$65536,2,FALSE) -> 10880036480 | D96: =VLOOKUP(B96,[5]sheet!$C$1:$H$65536,6,FALSE) -> 70 | E96: =VLOOKUP(B:B,[6]配额0227!$A:$B,2,0) -> 变频外电脑板-FR-4 | F96: =VLOOKUP(B:B,'[7]厂家配额 (新)'!$A$1:$C$65536,3,0) -> 和而泰/航嘉// | G96: =VLOOKUP(B96,[8]物料价格查询导出!$B:$I,8,FALSE) -> 129.98 | H96: =I96*G96 -> 0 | I96: =Q96*D96/100 -> 0 | L96: =VLOOKUP(B96,'[2]2月份'!$A:$F,6,FALSE) -> 29 | M96: =L96+K96 -> 29 | O96: 待排产700,3/11入库 | P96: =N96+M96-Q96 -> 29 | Q96: =SUM(T96) -> 0 | R96: =SUM(S96:AE96) -> 940 | S96: 0 | T96: 0 | U96: 0 | V96: 0 | W96: 0 | X96: 0 | Y96: 0 | Z96: 0 | AA96: 0 | AB96: 0 | AC96: 0 | AD96: 0 | AE96: 940
A97: 一厂 | B97: 0011801843X | C97: =VLOOKUP(B97,'[4]项目编码 '!$B$1:$C$65536,2,FALSE) -> 10880035653 | D97: =VLOOKUP(B97,[5]sheet!$C$1:$H$65536,6,FALSE) -> 30 | E97: =VLOOKUP(B:B,[6]配额0227!$A:$B,2,0) -> 变频外电脑板-FR-4 | F97: =VLOOKUP(B:B,'[7]厂家配额 (新)'!$A$1:$C$65536,3,0) -> 领智/和而泰// | G97: =VLOOKUP(B97,[8]物料价格查询导出!$B:$I,8,FALSE) -> 131.06 | H97: =I97*G97 -> 37941.87 | I97: =Q97*D97/100 -> 289.5 | L97: =VLOOKUP(B97,'[2]2月份'!$A:$F,6,FALSE) -> 26 | M97: =L97+K97 -> 26 | N97: =VLOOKUP(C97,[3]保留到5!$A:$B,2,FALSE) -> 1000 | O97: 在制2/28入库 | P97: =N97+M97-Q97 -> 61 | Q97: =SUM(T97) -> 965 | R97: =SUM(S97:AE97) -> 4175 | S97: 0 | T97: 965 | U97: 0 | V97: 1820 | W97: 0 | X97: 0 | Y97: 0 | Z97: 0 | AA97: 0 | AB97: 0 | AC97: 0 | AD97: 0 | AE97: 1390
A98: 一厂 | B98: 0011801843Y | C98: =VLOOKUP(B98,'[4]项目编码 '!$B$1:$C$65536,2,FALSE) -> 10880035661 | D98: =VLOOKUP(B98,[5]sheet!$C$1:$H$65536,6,FALSE) -> 30 | E98: =VLOOKUP(B:B,[6]配额0227!$A:$B,2,0) -> 变频外电脑板-FR-4 | F98: =VLOOKUP(B:B,'[7]厂家配额 (新)'!$A$1:$C$65536,3,0) -> 领智/和而泰// | G98: =VLOOKUP(B98,[8]物料价格查询导出!$B:$I,8,FALSE) -> 134.06 | H98: =I98*G98 -> 0 | I98: =Q98*D98/100 -> 0 | J98: =VLOOKUP(C98,[1]Data!$A:$K,11,FALSE) -> 83 | M98: =L98+K98 -> 0 | O98: 韩宁全排 | P98: =N98+M98-Q98 -> 0 | Q98: =SUM(T98) -> 0 | R98: =SUM(S98:AE98) -> 1961 | S98: 0 | T98: 0 | U98: 0 | V98: 74 | W98: 580 | X98: 0 | Y98: 120 | Z98: 1 | AA98: 0 | AB98: 0 | AC98: 1186 | AD98: 0 | AE98: 0
A99: 二厂 | B99: 0011801850 | C99: =VLOOKUP(B99,'[4]项目编码 '!$B$1:$C$65536,2,FALSE) -> 10880033251 | D99: =VLOOKUP(B99,[5]sheet!$C$1:$H$65536,6,FALSE) -> 30 | E99: =VLOOKUP(B:B,[6]配额0227!$A:$B,2,0) -> 室内电脑板 | F99: =VLOOKUP(B:B,'[7]厂家配额 (新)'!$A$1:$C$65536,3,0) -> 和而泰/领智 | G99: =VLOOKUP(B99,[8]物料价格查询导出!$B:$I,8,FALSE) -> 48.23 | H99: =I99*G99 -> 0 | I99: =Q99*D99/100 -> 0 | J99: =VLOOKUP(C99,[1]Data!$A:$K,11,FALSE) -> 10 | L99: =VLOOKUP(B99,'[2]2月份'!$A:$F,6,FALSE) -> 29 | M99: =L99+K99 -> 29 | O99: 和而泰全交 | P99: =N99+M99-Q99 -> 29 | Q99: =SUM(T99) -> 0 | R99: =SUM(S99:AE99) -> 22 | S99: 0 | T99: 0 | U99: 22 | V99: 0 | W99: 0 | X99: 0 | Y99: 0 | Z99: 0 | AA99: 0 | AB99: 0 | AC99: 0 | AD99: 0 | AE99: 0
A100: 一厂 | B100: 0011801850AA | C100: =VLOOKUP(B100,'[4]项目编码 '!$B$1:$C$65536,2,FALSE) -> 10880037971 | D100: =VLOOKUP(B100,[5]sheet!$C$1:$H$65536,6,FALSE) -> 70 | E100: =VLOOKUP(B:B,[6]配额0227!$A:$B,2,0) -> 室内电脑板-FR-4 | F100: =VLOOKUP(B:B,'[7]厂家配额 (新)'!$A$1:$C$65536,3,0) -> 和而泰/领智// | G100: =VLOOKUP(B100,[8]物料价格查询导出!$B:$I,8,FALSE) -> 46.56 | H100: =I100*G100 -> 0 | I100: =Q100*D100/100 -> 0 | L100: =VLOOKUP(B100,'[2]2月份'!$A:$F,6,FALSE) -> 52 | M100: =L100+K100 -> 52 | O100: 待排产200,3/1入库 | P100: =N100+M100-Q100 -> 52 | Q100: =SUM(T100) -> 0 | R100: =SUM(S100:AE100) -> 112 | S100: 0 | T100: 0 | U100: 64 | V100: 0 | W100: 0 | X100: 0 | Y100: 0 | Z100: 0 | AA100: 0 | AB100: 0 | AC100: 0 | AD100: 0 | AE100: 48
...

Sheet Sheet1 (2)
A1: W11周生产计划2.27下发
A2: 工厂 | B2: 物料号 | C2: 物料描述 | D2: 供应商 | E2: 2026.02.26 | F2: 2026.02.28 | G2: 2026.03.01 | H2: 2026.03.02 | I2: 2026.03.03 | J2: 2026.03.04 | K2: 2026.03.05 | L2: 2026.03.06 | M2: 2026.03.08 | N2: 2026.03.09 | O2: 2026.03.10 | P2: 2026.03.11 | Q2: T+2前一天
A3: 二厂 | B3: 0010400649E | C3: =VLOOKUP(B:B,[6]配额0227!$A:$B,2,0) -> 端子排-塑料/ | D3: =VLOOKUP(B:B,'[7]厂家配额 (新)'!$A$1:$C$65536,3,0) -> 凯都/源峰/华冠// | E3: 355 | F3: 1940 | G3: 918 | H3: 3828 | I3: 3425 | J3: 2265 | K3: 1117 | L3: 4348 | M3: 5486 | N3: 4071 | O3: 5392 | P3: 0 | Q3: 0
A4: 二厂 | B4: 0010400649F | C4: =VLOOKUP(B:B,[6]配额0227!$A:$B,2,0) -> 2.93塑料/ | D4: =VLOOKUP(B:B,'[7]厂家配额 (新)'!$A$1:$C$65536,3,0) -> 凯都 | E4: 0 | F4: 0 | G4: 0 | H4: 0 | I4: 0 | J4: 0 | K4: 145 | L4: 0 | M4: 0 | N4: 0 | O4: 892 | P4: 0 | Q4: 0
A5: 二厂 | B5: 0010400649J | C5: =VLOOKUP(B:B,[6]配额0227!$A:$B,2,0) -> 端子排-/ | D5: =VLOOKUP(B:B,'[7]厂家配额 (新)'!$A$1:$C$65536,3,0) -> 源峰 | E5: 0 | F5: 0 | G5: 2582 | H5: 20 | I5: 0 | J5: 0 | K5: 0 | L5: 0 | M5: 0 | N5: 0 | O5: 0 | P5: 0 | Q5: 0
A6: 二厂 | B6: 0010401715B | C6: =VLOOKUP(B:B,[6]配额0227!$A:$B,2,0) -> 遥控器-塑料 | D6: =VLOOKUP(B:B,'[7]厂家配额 (新)'!$A$1:$C$65536,3,0) -> 合晶 | E6: 0 | F6: 0 | G6: 0 | H6: 0 | I6: 190 | J6: 0 | K6: 0 | L6: 370 | M6: 0 | N6: 2275 | O6: 0 | P6: 0 | Q6: 0
A7: 二厂 | B7: 0010401715DG | C7: =VLOOKUP(B:B,[6]配额0227!$A:$B,2,0) -> 遥控器-塑料 | D7: =VLOOKUP(B:B,'[7]厂家配额 (新)'!$A$1:$C$65536,3,0) -> 合晶 | E7: 221 | F7: 2014 | G7: 159 | H7: 0 | I7: 157 | J7: 0 | K7: 2136 | L7: 407 | M7: 0 | N7: 0 | O7: 0 | P7: 0 | Q7: 0
A8: 二厂 | B8: 0010401715EB | C8: =VLOOKUP(B:B,[6]配额0227!$A:$B,2,0) -> 遥控器-/ | D8: =VLOOKUP(B:B,'[7]厂家配额 (新)'!$A$1:$C$65536,3,0) -> 合晶 | E8: 0 | F8: 0 | G8: 0 | H8: 0 | I8: 0 | J8: 0 | K8: 2 | L8: 0 | M8: 0 | N8: 0 | O8: 0 | P8: 0 | Q8: 0
A9: 二厂 | B9: 0010401715GT | C9: =VLOOKUP(B:B,[6]配额0227!$A:$B,2,0) -> 遥控器-塑料HE | D9: =VLOOKUP(B:B,'[7]厂家配额 (新)'!$A$1:$C$65536,3,0) -> 合晶 | E9: 0 | F9: 1600 | G9: 0 | H9: 0 | I9: 0 | J9: 0 | K9: 0 | L9: 0 | M9: 0 | N9: 0 | O9: 0 | P9: 0 | Q9: 0
A10: 二厂 | B10: 0010401715HL | C10: =VLOOKUP(B:B,[6]配额0227!$A:$B,2,0) -> 遥控器-塑料/ | D10: =VLOOKUP(B:B,'[7]厂家配额 (新)'!$A$1:$C$65536,3,0) -> 合晶 | E10: 0 | F10: 480 | G10: 1520 | H10: 1200 | I10: 885 | J10: 0 | K10: 1366 | L10: 210 | M10: 1320 | N10: 1975 | O10: 1590 | P10: 0 | Q10: 0
A11: 二厂 | B11: 0010401715HQ | C11: =VLOOKUP(B:B,[6]配额0227!$A:$B,2,0) -> 遥控器-塑料 | D11: =VLOOKUP(B:B,'[7]厂家配额 (新)'!$A$1:$C$65536,3,0) -> 合晶 | E11: 0 | F11: 100 | G11: 0 | H11: 1445 | I11: 0 | J11: 375 | K11: 105 | L11: 2015 | M11: 4879 | N11: 990 | O11: 4266 | P11: 0 | Q11: 0
A12: 二厂 | B12: 0010401715HR | C12: =VLOOKUP(B:B,[6]配额0227!$A:$B,2,0) -> 遥控器-塑料 | D12: =VLOOKUP(B:B,'[7]厂家配额 (新)'!$A$1:$C$65536,3,0) -> 合晶 | E12: 1 | F12: 1 | G12: 2 | H12: 479 | I12: 184 | J12: 0 | K12: 790 | L12: 71 | M12: 420 | N12: 335 | O12: 2009 | P12: 0 | Q12: 0
A13: 二厂 | B13: 0010401715HU | C13: =VLOOKUP(B:B,[6]配额0227!$A:$B,2,0) -> 遥控器-塑料 | D13: =VLOOKUP(B:B,'[7]厂家配额 (新)'!$A$1:$C$65536,3,0) -> 合晶 | E13: 0 | F13: 0 | G13: 0 | H13: 4320 | I13: 1650 | J13: 5626 | K13: 2514 | L13: 0 | M13: 0 | N13: 0 | O13: 0 | P13: 0 | Q13: 0
A14: 二厂 | B14: 0010401715HW | C14: =VLOOKUP(B:B,[6]配额0227!$A:$B,2,0) -> 遥控器-塑料 | D14: =VLOOKUP(B:B,'[7]厂家配额 (新)'!$A$1:$C$65536,3,0) -> 合晶 | E14: 0 | F14: 2400 | G14: 4600 | H14: 0 | I14: 0 | J14: 0 | K14: 130 | L14: 140 | M14: 2660 | N14: 0 | O14: 4490 | P14: 0 | Q14: 0
... A172: 二厂 | B172: 0011801490CY | C172: =VLOOKUP(B:B,[6]配额0227!$A:$B,2,0) -> 变频外电脑板-FR-4 | D172: =VLOOKUP(B:B,'[7]厂家配额 (新)'!$A$1:$C$65536,3,0) -> 领智/尚研// | E172: 0 | F172: 0 | G172: 0 | H172: 20 | I172: 0 | J172: 0 | K172: 0 | L172: 0 | M172: 0 | N172: 0 | O172: 0 | P172: 0 | Q172: 0
A173: 二厂 | B173: 0011801490DB | C173: =VLOOKUP(B:B,[6]配额0227!$A:$B,2,0) -> 变频外电脑板-FR-4 | D173: 领智 | E173: 0 | F173: 0 | G173: 0 | H173: 1360 | I173: 0 | J173: 0 | K173: 0 | L173: 0 | M173: 0 | N173: 0 | O173: 0 | P173: 0 | Q173: 0
A174: 二厂 | B174: 0011801490M | C174: =VLOOKUP(B:B,[6]配额0227!$A:$B,2,0) -> 变频外电脑板-FR-4 | D174: =VLOOKUP(B:B,'[7]厂家配额 (新)'!$A$1:$C$65536,3,0) -> 领智/尚研 | E174: 0 | F174: 0 | G174: 0 | H174: 0 | I174: 4320 | J174: 0 | K174: 0 | L174: 0 | M174: 0 | N174: 0 | O174: 0 | P174: 0 | Q174: 0
A175: 二厂 | B175: 0011801490R | C175: =VLOOKUP(B:B,[6]配额0227!$A:$B,2,0) -> 变频外电脑板-FR-4 | D175: =VLOOKUP(B:B,'[7]厂家配额 (新)'!$A$1:$C$65536,3,0) -> 麦格米特/领智// | E175: 0 | F175: 1760 | G175: 0 | H175: 0 | I175: 0 | J175: 0 | K175: 0 | L175: 0 | M175: 0 | N175: 0 | O175: 0 | P175: 0 | Q175: 0
A176: 二厂 | B176: 0011801652 | C176: =VLOOKUP(B:B,[6]配额0227!$A:$B,2,0) -> 室内电脑板-/ | D176: =VLOOKUP(B:B,'[7]厂家配额 (新)'!$A$1:$C$65536,3,0) -> 领智/和而泰// | E176: 0 | F176: 0 | G176: 960 | H176: 0 | I176: 0 | J176: 0 | K176: 0 | L176: 240 | M176: 0 | N176: 0 | O176: 0 | P176: 0 | Q176: 0
A177: 二厂 | B177: 0011801652A | C177: =VLOOKUP(B:B,[6]配额0227!$A:$B,2,0) -> 室内电脑板-/ | D177: =VLOOKUP(B:B,'[7]厂家配额 (新)'!$A$1:$C$65536,3,0) -> 和而泰/领智 | E177: 0 | F177: 0 | G177: 150 | H177: 0 | I177: 0 | J177: 0 | K177: 0 | L177: 0 | M177: 0 | N177: 0 | O177: 0 | P177: 0 | Q177: 0
A178: 二厂 | B178: 0011801656 | C178: =VLOOKUP(B:B,[6]配额0227!$A:$B,2,0) -> 变频外电脑板-/ | D178: =VLOOKUP(B:B,'[7]厂家配额 (新)'!$A$1:$C$65536,3,0) -> 领智/和而泰// | E178: 0 | F178: 0 | G178: 830 | H178: 0 | I178: 0 | J178: 0 | K178: 0 | L178: 0 | M178: 0 | N178: 240 | O178: 0 | P178: 0 | Q178: 0
A179: 二厂 | B179: 0011801656A | C179: =VLOOKUP(B:B,[6]配额0227!$A:$B,2,0) -> 变频外电脑板 | D179: =VLOOKUP(B:B,'[7]厂家配额 (新)'!$A$1:$C$65536,3,0) -> 和而泰/领智 | E179: 0 | F179: 0 | G179: 315 | H179: 0 | I179: 0 | J179: 0 | K179: 0 | L179: 0 | M179: 0 | N179: 0 | O179: 0 | P179: 0 | Q179: 0
A180: 二厂 | B180: 0011801659 | C180: =VLOOKUP(B:B,[6]配额0227!$A:$B,2,0) -> 显示板-LED | D180: =VLOOKUP(B:B,'[7]厂家配额 (新)'!$A$1:$C$65536,3,0) -> 领智/和而泰// | E180: 0 | F180: 4 | G180: 1132 | H180: 0 | I180: 0 | J180: 0 | K180: 0 | L180: 240 | M180: 0 | N180: 0 | O180: 0 | P180: 0 | Q180: 0
A181: 二厂 | B181: 0011801675A | C181: =VLOOKUP(B:B,[6]配额0227!$A:$B,2,0) -> 室内电脑板-CEM-1165*136 | D181: =VLOOKUP(B:B,'[7]厂家配额 (新)'!$A$1:$C$65536,3,0) -> 领智/和而泰// | E181: 234 | F181: 0 | G181: 99 | H181: 0 | I181: 2 | J181: 0 | K181: 0 | L181: 482 | M181: 0 | N181: 0 | O181: 0 | P181: 0 | Q181: 0
A182: 二厂 | B182: 0011801675AB | C182: =VLOOKUP(B:B,[6]配额0227!$A:$B,2,0) -> 室内电脑板-CEM-1 | D182: =VLOOKUP(B:B,'[7]厂家配额 (新)'!$A$1:$C$65536,3,0) -> 领智/和而泰// | E182: 0 | F182: 0 | G182: 0 | H182: 0 | I182: 885 | J182: 0 | K182: 175 | L182: 0 | M182: 2450 | N182: 0 | O182: 0 | P182: 0 | Q182: 0
A183: 二厂 | B183: 0011801675AE | C183: =VLOOKUP(B:B,[6]配额0227!$A:$B,2,0) -> 室内电脑板-CEM-1165*136 | D183: =VLOOKUP(B:B,'[7]厂家配额 (新)'!$A$1:$C$65536,3,0) -> 领智/和而泰// | E183: 0 | F183: 0 | G183: 0 | H183: 0 | I183: 0 | J183: 0 | K183: 0 | L183: 2310 | M183: 0 | N183: 285 | O183: 0 | P183: 0 | Q183: 0
A184: 二厂 | B184: 0011801675AJ | C184: =VLOOKUP(B:B,[6]配额0227!$A:$B,2,0) -> 室内电脑板-155*136 | D184: =VLOOKUP(B:B,'[7]厂家配额 (新)'!$A$1:$C$65536,3,0) -> 领智/康美特 | E184: 0 | F184: 0 | G184: 0 | H184: 0 | I184: 120 | J184: 0 | K184: 0 | L184: 0 | M184: 0 | N184: 0 | O184: 0 | P184: 0 | Q184: 0
A185: 二厂 | B185: 0011801675B | C185: =VLOOKUP(B:B,[6]配额0227!$A:$B,2,0) -> 室内电脑板-CEM-1155*136 | D185: =VLOOKUP(B:B,'[7]厂家配额 (新)'!$A$1:$C$65536,3,0) -> 和而泰/领智// | E185: 0 | F185: 0 | G185: 0 | H185: 0 | I185: 0 | J185: 0 | K185: 0 | L185: 0 | M185: 0 | N185: 2060 | O185: 0 | P185: 0 | Q185: 0
... A539: 一厂 | B539: 0011801490CY | C539: =VLOOKUP(B:B,[6]配额0227!$A:$B,2,0) -> 变频外电脑板-FR-4 | D539: =VLOOKUP(B:B,'[7]厂家配额 (新)'!$A$1:$C$65536,3,0) -> 领智/尚研// | E539: 0 | F539: 0 | G539: 0 | H539: 0 | I539: 0 | J539: 0 | K539: 1785 | L539: 0 | M539: 0 | N539: 0 | O539: 0 | P539: 0 | Q539: 1530
A540: 一厂 | B540: 0011801490DA | C540: =VLOOKUP(B:B,[6]配额0227!$A:$B,2,0) -> 变频外电脑板-FR-4 | D540: 领智 | E540: 0 | F540: 0 | G540: 0 | H540: 0 | I540: 0 | J540: 0 | K540: 0 | L540: 0 | M540: 0 | N540: 3 | O540: 0 | P540: 0 | Q540: 0
A541: 一厂 | B541: 0011801490DB | C541: =VLOOKUP(B:B,[6]配额0227!$A:$B,2,0) -> 变频外电脑板-FR-4 | D541: 领智 | E541: 0 | F541: 0 | G541: 0 | H541: 0 | I541: 2 | J541: 0 | K541: 0 | L541: 0 | M541: 0 | N541: 0 | O541: 0 | P541: 0 | Q541: 0
A542: 一厂 | B542: 0011801490M | C542: =VLOOKUP(B:B,[6]配额0227!$A:$B,2,0) -> 变频外电脑板-FR-4 | D542: =VLOOKUP(B:B,'[7]厂家配额 (新)'!$A$1:$C$65536,3,0) -> 领智/尚研 | E542: 0 | F542: 0 | G542: 0 | H542: 0 | I542: 0 | J542: 0 | K542: 0 | L542: 0 | M542: 0 | N542: 0 | O542: 0 | P542: 0 | Q542: 2160
A543: 一厂 | B543: 0011801516 | C543: =VLOOKUP(B:B,[6]配额0227!$A:$B,2,0) -> 变频外电脑板-FR-4300mm*180mm | D543: =VLOOKUP(B:B,'[7]厂家配额 (新)'!$A$1:$C$65536,3,0) -> 和而泰 | E543: 0 | F543: 100 | G543: 0 | H543: 0 | I543: 0 | J543: 0 | K543: 0 | L543: 0 | M543: 0 | N543: 0 | O543: 0 | P543: 0 | Q543: 120
A544: 一厂 | B544: 0011801516D | C544: =VLOOKUP(B:B,[6]配额0227!$A:$B,2,0) -> 变频外电脑板-FR-4 | D544: =VLOOKUP(B:B,'[7]厂家配额 (新)'!$A$1:$C$65536,3,0) -> 领智/和而泰// | E544: 0 | F544: 50 | G544: 0 | H544: 0 | I544: 0 | J544: 0 | K544: 0 | L544: 0 | M544: 200 | N544: 0 | O544: 0 | P544: 0 | Q544: 345
A545: 一厂 | B545: 0011801516E | C545: =VLOOKUP(B:B,[6]配额0227!$A:$B,2,0) -> 变频外电脑板-FR-4 | D545: =VLOOKUP(B:B,'[7]厂家配额 (新)'!$A$1:$C$65536,3,0) -> 领智/和而泰// | E545: 0 | F545: 0 | G545: 0 | H545: 12 | I545: 0 | J545: 0 | K545: 0 | L545: 0 | M545: 38 | N545: 0 | O545: 0 | P545: 0 | Q545: 270
A546: 一厂 | B546: 0011801593 | C546: =VLOOKUP(B:B,[6]配额0227!$A:$B,2,0) -> 室内电脑板-FR-4136*165 | D546: =VLOOKUP(B:B,'[7]厂家配额 (新)'!$A$1:$C$65536,3,0) -> 和而泰 | E546: 0 | F546: 0 | G546: 0 | H546: 0 | I546: 0 | J546: 0 | K546: 0 | L546: 0 | M546: 0 | N546: 130 | O546: 0 | P546: 0 | Q546: 50
A547: 一厂 | B547: 0011801593A | C547: =VLOOKUP(B:B,[6]配额0227!$A:$B,2,0) -> 室内电脑板-FR-4 | D547: =VLOOKUP(B:B,'[7]厂家配额 (新)'!$A$1:$C$65536,3,0) -> 领智/和而泰// | E547: 0 | F547: 0 | G547: 1 | H547: 0 | I547: 0 | J547: 0 | K547: 0 | L547: 210 | M547: 2080 | N547: 730 | O547: 0 | P547: 0 | Q547: 80
A548: 一厂 | B548: 0011801593C | C548: =VLOOKUP(B:B,[6]配额0227!$A:$B,2,0) -> 室内电脑板-FR-4 | D548: =VLOOKUP(B:B,'[7]厂家配额 (新)'!$A$1:$C$65536,3,0) -> 领智/和而泰// | E548: 0 | F548: 0 | G548: 0 | H548: 0 | I548: 0 | J548: 0 | K548: 0 | L548: 0 | M548: 30 | N548: 0 | O548: 0 | P548: 0 | Q548: 0
A549: 一厂 | B549: 0011801593D | C549: =VLOOKUP(B:B,[6]配额0227!$A:$B,2,0) -> 室内电脑板-FR-4 | D549: =VLOOKUP(B:B,'[7]厂家配额 (新)'!$A$1:$C$65536,3,0) -> 领智/和而泰// | E549: 0 | F549: 0 | G549: 4 | H549: 0 | I549: 0 | J549: 0 | K549: 0 | L549: 0 | M549: 0 | N549: 280 | O549: 0 | P549: 0 | Q549: 0
A550: 一厂 | B550: 0011801609S | C550: =VLOOKUP(B:B,[6]配额0227!$A:$B,2,0) -> 变频外电脑板-FR-4379mm*230mm | D550: =VLOOKUP(B:B,'[7]厂家配额 (新)'!$A$1:$C$65536,3,0) -> 斑科 | E550: 0 | F550: 0 | G550: 0 | H550: 0 | I550: 4 | J550: 0 | K550: 0 | L550: 0 | M550: 0 | N550: 0 | O550: 0 | P550: 0 | Q550: 0
A551: 一厂 | B551: 0011801627A | C551: =VLOOKUP(B:B,[6]配额0227!$A:$B,2,0) -> 电源智能检测板-FR-4 | D551: =VLOOKUP(B:B,'[7]厂家配额 (新)'!$A$1:$C$65536,3,0) -> 恒青 | E551: 0 | F551: 539 | G551: 0 | H551: 0 | I551: 0 | J551: 0 | K551: 0 | L551: 0 | M551: 450 | N551: 0 | O551: 0 | P551: 0 | Q551: 0
A552: 一厂 | B552: 0011801652 | C552: =VLOOKUP(B:B,[6]配额0227!$A:$B,2,0) -> 室内电脑板-/ | D552: =VLOOKUP(B:B,'[7]厂家配额 (新)'!$A$1:$C$65536,3,0) -> 领智/和而泰// | E552: 0 | F552: 0 | G552: 0 | H552: 0 | I552: 0 | J552: 0 | K552: 0 | L552: 0 | M552: 0 | N552: 0 | O552: 0 | P552: 0 | Q552: 1171
A553: 一厂 | B553: 0011801652A | C553: =VLOOKUP(B:B,[6]配额0227!$A:$B,2,0) -> 室内电脑板-/ | D553: =VLOOKUP(B:B,'[7]厂家配额 (新)'!$A$1:$C$65536,3,0) -> 和而泰/领智 | E553: 0 | F553: 0 | G553: 0 | H553: 0 | I553: 0 | J553: 0 | K553: 0 | L553: 0 | M553: 0 | N553: 0 | O553: 0 | P553: 0 | Q553: 200
... A598: 一厂 | B598: 0011801843AQ | C598: =VLOOKUP(B:B,[6]配额0227!$A:$B,2,0) -> 变频外电脑板-FR-4 | D598: =VLOOKUP(B:B,'[7]厂家配额 (新)'!$A$1:$C$65536,3,0) -> 尚研/智能 | E598: 0 | F598: 0 | G598: 0 | H598: 0 | I598: 0 | J598: 0 | K598: 0 | L598: 0 | M598: 0 | N598: 0 | O598: 0 | P598: 0 | Q598: 20
A599: 一厂 | B599: 0011801843BB | C599: =VLOOKUP(B:B,[6]配额0227!$A:$B,2,0) -> 变频外电脑板-FR-4 | D599: 领智/尚研 | E599: 0 | F599: 510 | G599: 0 | H599: 0 | I599: 0 | J599: 0 | K599: 0 | L599: 0 | M599: 0 | N599: 0 | O599: 0 | P599: 0 | Q599: 0
A600: 一厂 | B600: 0011801843X | C600: =VLOOKUP(B:B,[6]配额0227!$A:$B,2,0) -> 变频外电脑板-FR-4 | D600: =VLOOKUP(B:B,'[7]厂家配额 (新)'!$A$1:$C$65536,3,0) -> 领智/和而泰// | E600: 0 | F600: 965 | G600: 0 | H600: 1800 | I600: 0 | J600: 0 | K600: 0 | L600: 0 | M600: 0 | N600: 0 | O600: 0 | P600: 0 | Q600: 1390
A601: 一厂 | B601: 0011801843Y | C601: =VLOOKUP(B:B,[6]配额0227!$A:$B,2,0) -> 变频外电脑板-FR-4 | D601: =VLOOKUP(B:B,'[7]厂家配额 (新)'!$A$1:$C$65536,3,0) -> 领智/和而泰// | E601: 0 | F601: 0 | G601: 0 | H601: 74 | I601: 0 | J601: 0 | K601: 0 | L601: 1 | M601: 0 | N601: 0 | O601: 750 | P601: 0 | Q601: 0
A602: 一厂 | B602: 0011801850AA | C602: =VLOOKUP(B:B,[6]配额0227!$A:$B,2,0) -> 室内电脑板-FR-4 | D602: =VLOOKUP(B:B,'[7]厂家配额 (新)'!$A$1:$C$65536,3,0) -> 和而泰/领智// | E602: 0 | F602: 0 | G602: 0 | H602: 0 | I602: 0 | J602: 0 | K602: 0 | L602: 0 | M602: 0 | N602: 0 | O602: 0 | P602: 0 | Q602: 48
A603: 一厂 | B603: 0011801850B | C603: =VLOOKUP(B:B,[6]配额0227!$A:$B,2,0) -> 室内电脑板-FR-4 | D603: =VLOOKUP(B:B,'[7]厂家配额 (新)'!$A$1:$C$65536,3,0) -> 和而泰/领智// | E603: 0 | F603: 0 | G603: 0 | H603: 0 | I603: 0 | J603: 0 | K603: 0 | L603: 0 | M603: 0 | N603: 0 | O603: 0 | P603: 0 | Q603: 150
A604: 一厂 | B604: 0011801876 | C604: =VLOOKUP(B:B,[6]配额0227!$A:$B,2,0) -> 变频外电脑板-FR-4/ | D604: =VLOOKUP(B:B,'[7]厂家配额 (新)'!$A$1:$C$65536,3,0) -> 中家智康 | E604: 0 | F604: 59 | G604: 0 | H604: 0 | I604: 0 | J604: 80 | K604: 0 | L604: 0 | M604: 0 | N604: 0 | O604: 0 | P604: 0 | Q604: 0
A605: 一厂 | B605: 0011801876AH | C605: =VLOOKUP(B:B,[6]配额0227!$A:$B,2,0) -> 变频外电脑板-FR-4240mm*180mm | D605: =VLOOKUP(B:B,'[7]厂家配额 (新)'!$A$1:$C$65536,3,0) -> 中家智康 | E605: 0 | F605: 0 | G605: 0 | H605: 0 | I605: 1 | J605: 0 | K605: 0 | L605: 0 | M605: 0 | N605: 0 | O605: 0 | P605: 0 | Q605: 0
A606: 一厂 | B606: 0011801876AJ | C606: =VLOOKUP(B:B,[6]配额0227!$A:$B,2,0) -> 变频外电脑板-FR-4240mm*180mm | D606: =VLOOKUP(B:B,'[7]厂家配额 (新)'!$A$1:$C$65536,3,0) -> 中家智康 | E606: 0 | F606: 0 | G606: 0 | H606: 0 | I606: 1 | J606: 0 | K606: 0 | L606: 0 | M606: 0 | N606: 0 | O606: 0 | P606: 0 | Q606: 0
A607: 一厂 | B607: 0011801876AK | C607: =VLOOKUP(B:B,[6]配额0227!$A:$B,2,0) -> 变频外电脑板-FR-4 | D607: =VLOOKUP(B:B,'[7]厂家配额 (新)'!$A$1:$C$65536,3,0) -> 中家智康 | E607: 0 | F607: 0 | G607: 2 | H607: 0 | I607: 0 | J607: 0 | K607: 0 | L607: 0 | M607: 0 | N607: 0 | O607: 0 | P607: 0 | Q607: 0
A608: 一厂 | B608: 0011801876AL | C608: =VLOOKUP(B:B,[6]配额0227!$A:$B,2,0) -> 变频外电脑板-FR-4 | D608: =VLOOKUP(B:B,'[7]厂家配额 (新)'!$A$1:$C$65536,3,0) -> 中家智康 | E608: 0 | F608: 0 | G608: 3 | H608: 0 | I608: 0 | J608: 0 | K608: 0 | L608: 0 | M608: 0 | N608: 0 | O608: 0 | P608: 0 | Q608: 0
A609: 一厂 | B609: 0011801876AM | C609: =VLOOKUP(B:B,[6]配额0227!$A:$B,2,0) -> 变频外电脑板-FR-4 | D609: =VLOOKUP(B:B,'[7]厂家配额 (新)'!$A$1:$C$65536,3,0) -> 中家智康 | E609: 0 | F609: 0 | G609: 0 | H609: 0 | I609: 0 | J609: 0 | K609: 0 | L609: 0 | M609: 165 | N609: 0 | O609: 0 | P609: 0 | Q609: 0
A610: 一厂 | B610: 0011801876C | C610: =VLOOKUP(B:B,[6]配额0227!$A:$B,2,0) -> 变频外电脑板-FR-4/ | D610: =VLOOKUP(B:B,'[7]厂家配额 (新)'!$A$1:$C$65536,3,0) -> 中家智康 | E610: 0 | F610: 0 | G610: 0 | H610: 30 | I610: 0 | J610: 0 | K610: 0 | L610: 0 | M610: 0 | N610: 0 | O610: 0 | P610: 0 | Q610: 1200
A611: 一厂 | B611: 0011801876D | C611: =VLOOKUP(B:B,[6]配额0227!$A:$B,2,0) -> 变频外电脑板-FR-4240mm*180mm | D611: =VLOOKUP(B:B,'[7]厂家配额 (新)'!$A$1:$C$65536,3,0) -> 中家智康 | E611: 0 | F611: 0 | G611: 0 | H611: 0 | I611: 0 | J611: 900 | K611: 0 | L611: 0 | M611: 0 | N611: 990 | O611: 0 | P611: 0 | Q611: 0
... A643: 一厂 | B643: 0011802068 | C643: =VLOOKUP(B:B,[6]配额0227!$A:$B,2,0) -> 室内电脑板-CEM-1 | D643: =VLOOKUP(B:B,'[7]厂家配额 (新)'!$A$1:$C$65536,3,0) -> 麦格米特/领智// | E643: 0 | F643: 0 | G643: 0 | H643: 880 | I643: 1162 | J643: 3410 | K643: 1860 | L643: 1550 | M643: 0 | N643: 0 | O643: 0 | P643: 0 | Q643: 1461
A644: 一厂 | B644: 0011802068A | C644: =VLOOKUP(B:B,[6]配额0227!$A:$B,2,0) -> 室内电脑板-FR-4 | D644: 领智/康美特 | E644: 0 | F644: 0 | G644: 0 | H644: 0 | I644: 20 | J644: 0 | K644: 0 | L644: 0 | M644: 0 | N644: 0 | O644: 0 | P644: 0 | Q644: 0
A645: 一厂 | B645: 0011802120U | C645: =VLOOKUP(B:B,[6]配额0227!$A:$B,2,0) -> 变频外电脑板-FR-4 | D645: 领智 | E645: 0 | F645: 0 | G645: 0 | H645: 0 | I645: 20 | J645: 0 | K645: 0 | L645: 0 | M645: 0 | N645: 0 | O645: 0 | P645: 0 | Q645: 0
A646: 一厂 | B646: 001A4000011 | C646: =VLOOKUP(B:B,[6]配额0227!$A:$B,2,0) -> 端子排-/ | D646: =VLOOKUP(B:B,'[7]厂家配额 (新)'!$A$1:$C$65536,3,0) -> 凯都/华冠// | E646: 0 | F646: 0 | G646: 0 | H646: 0 | I646: 0 | J646: 0 | K646: 0 | L646: 284 | M646: 0 | N646: 50 | O646: 0 | P646: 0 | Q646: 0
A647: 一厂 | B647: 001A4000082 | C647: =VLOOKUP(B:B,[6]配额0227!$A:$B,2,0) -> 端子排-N/A | D647: =VLOOKUP(B:B,'[7]厂家配额 (新)'!$A$1:$C$65536,3,0) -> 华冠 | E647: 0 | F647: 399 | G647: 0 | H647: 0 | I647: 0 | J647: 630 | K647: 265 | L647: 0 | M647: 0 | N647: 0 | O647: 0 | P647: 0 | Q647: 90
A648: 一厂 | B648: 001A4000105 | C648: =VLOOKUP(B:B,[6]配额0227!$A:$B,2,0) -> 端子排-N/A | D648: =VLOOKUP(B:B,'[7]厂家配额 (新)'!$A$1:$C$65536,3,0) -> 凯都/华冠// | E648: 0 | F648: 108 | G648: 1501 | H648: 0 | I648: 0 | J648: 0 | K648: 0 | L648: 500 | M648: 250 | N648: 0 | O648: 0 | P648: 0 | Q648: 540
A649: 一厂 | B649: 001A4000107 | C649: =VLOOKUP(B:B,[6]配额0227!$A:$B,2,0) -> 端子排-N/A | D649: =VLOOKUP(B:B,'[7]厂家配额 (新)'!$A$1:$C$65536,3,0) -> 凯都 | E649: 0 | F649: 100 | G649: 106 | H649: 0 | I649: 0 | J649: 0 | K649: 1 | L649: 1 | M649: 0 | N649: 149 | O649: 119 | P649: 0 | Q649: 450
A650: 一厂 | B650: 001A4000110 | C650: =VLOOKUP(B:B,[6]配额0227!$A:$B,2,0) -> ROHS-电源接线排(JXW-3-R/600V/30A/5.5MM) | D650: =VLOOKUP(B:B,'[7]厂家配额 (新)'!$A$1:$C$65536,3,0) -> 凯都/华冠// | E650: 0 | F650: 0 | G650: 826 | H650: 0 | I650: 0 | J650: 0 | K650: 1 | L650: 0 | M650: 0 | N650: 149 | O650: 0 | P650: 0 | Q650: 0
A651: 一厂 | B651: 001A4000158 | C651: =VLOOKUP(B:B,[6]配额0227!$A:$B,2,0) -> ROHS-端子排-N/A | D651: =VLOOKUP(B:B,'[7]厂家配额 (新)'!$A$1:$C$65536,3,0) -> 凯都 | E651: 0 | F651: 0 | G651: 0 | H651: 0 | I651: 4 | J651: 0 | K651: 0 | L651: 0 | M651: 0 | N651: 0 | O651: 0 | P651: 0 | Q651: 0
A652: 一厂 | B652: 0064000418 | C652: =VLOOKUP(B:B,[6]配额0227!$A:$B,2,0) -> 磁敏开关-N/A | D652: =VLOOKUP(B:B,'[7]厂家配额 (新)'!$A$1:$C$65536,3,0) -> 部品 | E652: 1565 | F652: 2614 | G652: 3198 | H652: 4214 | I652: 1830 | J652: 2706 | K652: 1950 | L652: 2932 | M652: 1180 | N652: 1935 | O652: 1795 | P652: 0 | Q652: 20957
