Workbook

Sheet Sheet1
A1: 物料编码 | B1: 物料描述 | C1: 厂家 | D1: 4月需求 | E1: 5月需求 | F1: 6月需求 | G1: 7月需求
A2: 1579194 | B2: 电源线\X03120022\大南非插\1.5m\灰 | C2: =VLOOKUP(A2,[1]主控板线束!$A:$C,3,0) -> 浙江跃华电讯有限公司 | D2: 7869 | E2: 5679 | F2: 13681 | G2: 4758
A3: 1579673 | B3: 电源线\X03120024\日本插\2.55m\黑/白/黄绿 | C3: =VLOOKUP(A3,[1]主控板线束!$A:$C,3,0) -> 浙江跃华电讯有限公司 | D3: 5927 | E3: 7389 | F3: 9038 | G3: 9491
A4: 1878003 | B4: 电源线\X03120102\南非大三圆插\1.7\ | C4: =VLOOKUP(A4,[1]主控板线束!$A:$C,3,0) -> 浙江跃华电讯有限公司 | D4: 5497 | E4: 2134 | F4: 9622 | G4: 1734
A5: 1921724 | B5: 电源线\X03120131\英三方插\1.2\棕/蓝/黄绿 | C5: =VLOOKUP(A5,[1]主控板线束!$A:$C,3,0) -> 浙江跃华电讯有限公司 | D5: 1664 | E5: 0 | F5: 1248 | G5: 1248
A6: 1945508 | B6: 电源线\X03120145\日本插\1.95\灰 | C6: =VLOOKUP(A6,[1]主控板线束!$A:$C,3,0) -> 浙江跃华电讯有限公司 | D6: 3064 | E6: 2572 | F6: 3376 | G6: 4296
A7: 1996867 | B7: 电源线\X03120156\澳洲三插\1.7\灰 | C7: =VLOOKUP(A7,[1]主控板线束!$A:$C,3,0) -> 浙江跃华电讯有限公司 | D7: 216 | E7: 500 | F7: 700 | G7: 700
A8: 2122504 | B8: 电源线\X03120166\阿根廷插头\1.5\灰 | C8: =VLOOKUP(A8,[1]主控板线束!$A:$C,3,0) -> 浙江跃华电讯有限公司 | D8: 5781 | E8: 12391 | F8: 17701 | G8: 8280
A9: 2157399 | B9: 电源线\X03120170\印尼双圆插\2\灰色 | C9: =VLOOKUP(A9,[1]主控板线束!$A:$C,3,0) -> 浙江跃华电讯有限公司 | D9: 624 | E9: 2704 | F9: 0 | G9: 0
A10: 2272875 | B10: 电源线\X03120191\巴西插\1500\灰 | C10: =VLOOKUP(A10,[1]主控板线束!$A:$C,3,0) -> 浙江跃华电讯有限公司 | D10: 12513 | E10: 7053 | F10: 12276 | G10: 17289
A11: 2413766 | B11: 电源线\X03120203\阿根廷插\1.5\灰 | C11: =VLOOKUP(A11,[1]主控板线束!$A:$C,3,0) -> 浙江跃华电讯有限公司 | D11: 0 | E11: 0 | F11: 306 | G11: 0
A12: 2433998 | B12: 电源线\X03120209\美式三插\1700\黑色 | C12: =VLOOKUP(A12,[1]主控板线束!$A:$C,3,0) -> 浙江跃华电讯有限公司 | D12: 1596 | E12: 0 | F12: 318 | G12: 159
A13: 2185356 | B13: 连接管\X04030464\7.94×0.7×500\TP2M | C13: =VLOOKUP(A13,[1]压缩机蒸发器!$A:$C,3,0) -> 浙江同星科技股份有限公司 | D13: 6155 | E13: 4979 | F13: 10704 | G13: 8430
A14: 2350276 | B14: 翅片冷凝器部件\X10290158 | C14: =VLOOKUP(A14,[1]压缩机蒸发器!$A:$C,3,0) -> 浙江同星科技股份有限公司 | D14: 4057 | E14: 5481 | F14: 5164 | G14: 4348
A15: 2364970 | B15: 翅片冷凝器部件\X10290172 | C15: =VLOOKUP(A15,[1]压缩机蒸发器!$A:$C,3,0) -> 浙江同星科技股份有限公司 | D15: 17019 | E15: 12641 | F15: 21008 | G15: 18248
A16: 2434357 | B16: 翅片冷凝器部件\X102590247 | C16: =VLOOKUP(A16,[1]压缩机蒸发器!$A:$C,3,0) -> 浙江同星科技股份有限公司 | D16: 159 | E16: 477 | F16: 498 | G16: 1767
A17: 2436102 | B17: 连接管\X10290250\7×0.7×1500\TP2M | C17: =VLOOKUP(A17,[1]压缩机蒸发器!$A:$C,3,0) -> 浙江同星科技股份有限公司 | D17: 1289 | E17: 1320 | F17: 2100 | G17: 1700
A18: 2441880 | B18: 连接管\X10290253\8×0.7×1500\TP2M | C18: =VLOOKUP(A18,[1]压缩机蒸发器!$A:$C,3,0) -> 浙江同星科技股份有限公司 | D18: 1289 | E18: 1320 | F18: 2100 | G18: 1700
A19: 2454641 | B19: 翅片冷凝器部件\X10290271 | C19: =VLOOKUP(A19,[1]压缩机蒸发器!$A:$C,3,0) -> 浙江同星科技股份有限公司 | D19: 3080 | E19: 2479 | F19: 4565 | G19: 5871
A20: 2455277 | B20: 翅片冷凝器部件\X10290288 | C20: =VLOOKUP(A20,[1]压缩机蒸发器!$A:$C,3,0) -> 浙江同星科技股份有限公司 | D20: 4632 | E20: 3814 | F20: 6760 | G20: 9917
A21: 2468092 | B21: 翅片冷凝器部件\X10290301 | C21: =VLOOKUP(A21,[1]压缩机蒸发器!$A:$C,3,0) -> 浙江同星科技股份有限公司 | D21: 1660 | E21: 11598 | F21: 6726 | G21: 8872
A22: 2482746 | B22: 连接管\X10290320\8×0.7×1500\TP2M | C22: =VLOOKUP(A22,[1]压缩机蒸发器!$A:$C,3,0) -> 浙江同星科技股份有限公司 | D22: 3304 | E22: 3619 | F22: 3751 | G22: 4162
A23: 2486212 | B23: 翅片冷凝器部件\X10290329 | C23: =VLOOKUP(A23,[1]压缩机蒸发器!$A:$C,3,0) -> 浙江同星科技股份有限公司 | D23: 2337 | E23: 7661 | F23: 11677 | G23: 17612
A24: 20167145 | B24: 铜配管组件\N3050001231V01\70L\连接管组件 | C24: =VLOOKUP(A24,[1]压缩机蒸发器!$A:$C,3,0) -> 浙江同星科技股份有限公司 | D24: 12085 | E24: 4700 | F24: 5000 | G24: 6400
... A30: 2442947 | B30: 定速压缩机\RJSN82N01TZJ3 | C30: =VLOOKUP(A30,[1]压缩机蒸发器!$A:$C,3,0) -> 浙江美芝压缩机有限公司 | D30: 1115 | E30: 0 | F30: 318 | G30: 159
A31: 2241044 | B31: 主板组件\WDQY8014-PVW004\X01080676 | C31: =VLOOKUP(A31,[1]主控板线束!$A:$C,3,0) -> 浙江昌德成电器有限公司 | D31: 1259 | E31: 887 | F31: 0 | G31: 4318
A32: 2290154 | B32: 电源板组件\WF7S1245DW控制板\X01070439 | C32: =VLOOKUP(A32,[1]主控板线束!$A:$C,3,0) -> 浙江昌德成电器有限公司 | D32: 1365 | E32: 1365 | F32: 2501 | G32: 2157
A33: 2395517 | B33: 电源板组件\滚筒\X01070518 | C33: =VLOOKUP(A33,[1]主控板线束!$A:$C,3,0) -> 浙江昌德成电器有限公司 | D33: 318 | E33: 159 | F33: 159 | G33: 159
A34: 2410831 | B34: 控制板部件\X01081932\WG100R5 | C34: =VLOOKUP(A34,[1]主控板线束!$A:$C,3,0) -> 浙江昌德成电器有限公司 | D34: 100 | E34: 30 | F34: 60 | G34: 100
A35: 2415241 | B35: 控制板部件\X01080873\WDRM1114-SVE001-000 | C35: =VLOOKUP(A35,[1]主控板线束!$A:$C,3,0) -> 浙江昌德成电器有限公司 | D35: 161 | E35: 30 | F35: 412 | G35: 480
A36: 2416937 | B36: 控制板部件\X01081216\WDSE1114-SVB001-000 | C36: =VLOOKUP(A36,[1]主控板线束!$A:$C,3,0) -> 浙江昌德成电器有限公司 | D36: 318 | E36: 0 | F36: 0 | G36: 159
A37: 2416940 | B37: 控制板部件\X01081216\WFSE1114-SVB003-000 | C37: =VLOOKUP(A37,[1]主控板线束!$A:$C,3,0) -> 浙江昌德成电器有限公司 | D37: 318 | E37: 0 | F37: 0 | G37: 0
A38: 2428250 | B38: 显示板组件\WFSE1214\Hisense\X01081882 | C38: =VLOOKUP(A38,[1]主控板线束!$A:$C,3,0) -> 浙江昌德成电器有限公司 | D38: 1592 | E38: 0 | F38: 318 | G38: 159
A39: 2429449 | B39: 控制板部件\X01080904\WFMK7014-NVW005-000 | C39: =VLOOKUP(A39,[1]主控板线束!$A:$C,3,0) -> 浙江昌德成电器有限公司 | D39: 0 | E39: 0 | F39: 249 | G39: 0
A40: 2437888 | B40: 显示板组件\DHSE10-BVW109-000\Hisense | C40: =VLOOKUP(A40,[1]主控板线束!$A:$C,3,0) -> 浙江昌德成电器有限公司 | D40: 1115 | E40: 0 | F40: 318 | G40: 159
A41: 2443787 | B41: 电源板组件\滚筒\X01070588 | C41: =VLOOKUP(A41,[1]主控板线束!$A:$C,3,0) -> 浙江昌德成电器有限公司 | D41: 0 | E41: 159 | F41: 0 | G41: 159
A42: 2463143 | B42: 显示板部件\X01082300\WF80N1 | C42: =VLOOKUP(A42,[1]主控板线束!$A:$C,3,0) -> 浙江昌德成电器有限公司 | D42: 230 | E42: 262 | F42: 442 | G42: 654
... A315: 20218282 | B315: 驱动板组件\Hisense\N1360006880V01 | C315: =VLOOKUP(A315,[1]主控板线束!$A:$C,3,0) -> 上海绿联智能科技股份有限公司 | D315: 0 | E315: 1400 | F315: 0 | G315: 0
A316: 2364193 | B316: 定速压缩机\35Q0J3I | C316: =VLOOKUP(A316,[1]压缩机蒸发器!$A:$C,3,0) -> 青岛瑞智机电销售有限公司 | D316: 4057 | E316: 5481 | F316: 5164 | G316: 4348
A317: 2387001 | B317: 定速压缩机\35q073I | C317: =VLOOKUP(A317,[1]压缩机蒸发器!$A:$C,3,0) -> 青岛瑞智机电销售有限公司 | D317: 15763 | E317: 11729 | F317: 19781 | G317: 17744
A318: 2392936 | B318: 定速压缩机\39Q083K | C318: =VLOOKUP(A318,[1]压缩机蒸发器!$A:$C,3,0) -> 青岛瑞智机电销售有限公司 | D318: 2182 | E318: 1074 | F318: 2852 | G318: 2300
A319: 20177165 | B319: 转子压缩机\N3010000084QM063S340-D02\R290 | C319: =VLOOKUP(A319,[1]压缩机蒸发器!$A:$C,3,0) -> 青岛瑞智机电销售有限公司 | D319: 0 | E319: 710 | F319: 0 | G319: 743
A320: 20192898 | B320: 转子压缩机\N3010000102V01\QM075SJ70\R290 | C320: =VLOOKUP(A320,[1]压缩机蒸发器!$A:$C,3,0) -> 青岛瑞智机电销售有限公司 | D320: 300 | E320: 0 | F320: 609 | G320: 450
A321: 2504046 | B321: 显示板部件\X01082635\WD1i1014-PVT001-001 | C321: =VLOOKUP(A321,[1]主控板线束!$A:$C,3,0) -> 青岛和而泰智能控制技术有限公司（转） | D321: 1696 | E321: 1908 | F321: 1272 | G321: 1272
A322: 2504047 | B322: 显示板部件\X01082635\WD1i1114-SVW001-000 | C322: =VLOOKUP(A322,[1]主控板线束!$A:$C,3,0) -> 青岛和而泰智能控制技术有限公司（转） | D322: 3360 | E322: 2856 | F322: 4872 | G322: 7728
A323: 2504049 | B323: 显示板部件\X01082635\WD1i1114-SVW001-001 | C323: =VLOOKUP(A323,[1]主控板线束!$A:$C,3,0) -> 青岛和而泰智能控制技术有限公司（转） | D323: 1680 | E323: 1176 | F323: 1680 | G323: 3360
A324: 20112792 | B324: 显示板组件\WD1i1114-LVW002-000\X01082635 | C324: =VLOOKUP(A324,[1]主控板线束!$A:$C,3,0) -> 青岛和而泰智能控制技术有限公司（转） | D324: 2331 | E324: 496 | F324: 900 | G324: 318
A325: 20112793 | B325: 显示板组件\法国\Hisense\X01082635V05 | C325: =VLOOKUP(A325,[1]主控板线束!$A:$C,3,0) -> 青岛和而泰智能控制技术有限公司（转） | D325: 672 | E325: 1642 | F325: 1082 | G325: 1678
A326: 20204793 | B326: 显示板组件\WF1i1214-LVK001-000\泰国\Hise | C326: 青岛和而泰智能控制技术有限公司 | D326: 0 | E326: 0 | F326: 209 | G326: 0
A327: 20239305 | B327: 显示板组件\DH1i70-EEW001-000\Hisense | C327: 青岛和而泰智能控制技术有限公司 | D327: 0 | E327: 0 | F327: 424 | G327: 1060
A328: 20239308 | B328: 显示板组件\DH080G2D-EEWA01\欧洲\Hisense | C328: 青岛和而泰智能控制技术有限公司 | D328: 0 | E328: 0 | F328: 3393 | G328: 2297
A329: 2389091 | B329: 控制板部件\X01081787\WFQP7012 | C329: =VLOOKUP(A329,[1]主控板线束!$A:$C,3,0) -> 青岛和而泰智能控制技术有限公司 | D329: 249 | E329: 747 | F329: 0 | G329: 0
A330: 2397168 | B330: 控制板部件\X01081787\WFQP8014降本 | C330: =VLOOKUP(A330,[1]主控板线束!$A:$C,3,0) -> 青岛和而泰智能控制技术有限公司 | D330: 9559 | E330: 3436 | F330: 1332 | G330: 1416
A331: 2397172 | B331: 控制板部件\X01081787\WFLEP7014降本 | C331: =VLOOKUP(A331,[1]主控板线束!$A:$C,3,0) -> 青岛和而泰智能控制技术有限公司 | D331: 2454 | E331: 0 | F331: 747 | G331: 0
A332: 2397243 | B332: 控制板部件\X01081787\WFQP6012降本 | C332: =VLOOKUP(A332,[1]主控板线束!$A:$C,3,0) -> 青岛和而泰智能控制技术有限公司 | D332: 249 | E332: 498 | F332: 0 | G332: 0
A333: 2397246 | B333: 控制板部件\X01081787\WFLE7012降本 | C333: =VLOOKUP(A333,[1]主控板线束!$A:$C,3,0) -> 青岛和而泰智能控制技术有限公司 | D333: 747 | E333: 0 | F333: 0 | G333: 0
A334: 2397248 | B334: 控制板部件\X01081787\WFLE6012降本 | C334: =VLOOKUP(A334,[1]主控板线束!$A:$C,3,0) -> 青岛和而泰智能控制技术有限公司 | D334: 996 | E334: 249 | F334: 0 | G334: 0
A335: 2397250 | B335: 控制板部件\X01081853\WFMY7012降本 | C335: =VLOOKUP(A335,[1]主控板线束!$A:$C,3,0) -> 青岛和而泰智能控制技术有限公司 | D335: 249 | E335: 498 | F335: 498 | G335: 0
A336: 2416131 | B336: 控制板部件\X01081787\WFQP9014-PVW003-000 | C336: =VLOOKUP(A336,[1]主控板线束!$A:$C,3,0) -> 青岛和而泰智能控制技术有限公司 | D336: 5359 | E336: 2908 | F336: 2756 | G336: 3356
A337: 2417151 | B337: 控制板部件\X01081981\WFN1S1112-SVD002 | C337: =VLOOKUP(A337,[1]主控板线束!$A:$C,3,0) -> 青岛和而泰智能控制技术有限公司 | D337: 180 | E337: 0 | F337: 120 | G337: 120
A338: 2417973 | B338: 显示板部件\X01081990\WT5i151-CDT001-000 | C338: =VLOOKUP(A338,[1]主控板线束!$A:$C,3,0) -> 青岛和而泰智能控制技术有限公司 | D338: 102 | E338: 0 | F338: 0 | G338: 0
A339: 2418237 | B339: 显示板部件\X01081990\WT5I162-CDB002 | C339: =VLOOKUP(A339,[1]主控板线束!$A:$C,3,0) -> 青岛和而泰智能控制技术有限公司 | D339: 2856 | E339: 4386 | F339: 3162 | G339: 3672
A340: 2419357 | B340: 控制板部件\X01081787\WFQP9012 | C340: =VLOOKUP(A340,[1]主控板线束!$A:$C,3,0) -> 青岛和而泰智能控制技术有限公司 | D340: 212 | E340: 0 | F340: 212 | G340: 424
... A389: 20246774 | B389: 显示板组件\WF1i8014-PVW001-000\欧洲\Hise | C389: =VLOOKUP(A389,[1]主控板线束!$A:$C,3,0) -> 青岛和而泰智能控制技术有限公司 | D389: 6690 | E389: 12416 | F389: 4294 | G389: 8534
A390: 2261344 | B390: 290-A++铜管翅片换热器组件 | C390: =VLOOKUP(A390,[1]压缩机蒸发器!$A:$C,3,0) -> 青岛常蒸蒸发器科技有限公司 | D390: 4869 | E390: 3864 | F390: 9545 | G390: 6185
A391: 2261348 | B391: 翅片冷凝器部件\X10290129 | C391: =VLOOKUP(A391,[1]压缩机蒸发器!$A:$C,3,0) -> 青岛常蒸蒸发器科技有限公司 | D391: 1604 | E391: 1115 | F391: 1399 | G391: 2245
A392: 2377377 | B392: 翅片蒸发器部件\X10290181 | C392: =VLOOKUP(A392,[1]压缩机蒸发器!$A:$C,3,0) -> 青岛常蒸蒸发器科技有限公司 | D392: 207 | E392: 200 | F392: 400 | G392: 400
A393: 2392947 | B393: 翅片冷凝器部件\X10290194 | C393: =VLOOKUP(A393,[1]压缩机蒸发器!$A:$C,3,0) -> 青岛常蒸蒸发器科技有限公司 | D393: 6789 | E393: 4938 | F393: 16292 | G393: 14056
A394: 2393491 | B394: 翅片冷凝器部件\X10290198 | C394: =VLOOKUP(A394,[1]压缩机蒸发器!$A:$C,3,0) -> 青岛常蒸蒸发器科技有限公司 | D394: 2000 | E394: 1800 | F394: 1550 | G394: 1950
A395: 2419193 | B395: 翅片冷凝器部件\X10290224 | C395: =VLOOKUP(A395,[1]压缩机蒸发器!$A:$C,3,0) -> 青岛常蒸蒸发器科技有限公司 | D395: 2371 | E395: 1306 | F395: 2963 | G395: 3205
A396: 2434853 | B396: 翅片冷凝器部件\X10290248 | C396: =VLOOKUP(A396,[1]压缩机蒸发器!$A:$C,3,0) -> 青岛常蒸蒸发器科技有限公司 | D396: 1289 | E396: 1320 | F396: 2100 | G396: 1700
A397: 2478255 | B397: 翅片冷凝器部件\X10290309 | C397: =VLOOKUP(A397,[1]压缩机蒸发器!$A:$C,3,0) -> 青岛常蒸蒸发器科技有限公司 | D397: 1115 | E397: 0 | F397: 318 | G397: 159
A398: 2478969 | B398: 翅片蒸发器部件\X10290311 | C398: =VLOOKUP(A398,[1]压缩机蒸发器!$A:$C,3,0) -> 青岛常蒸蒸发器科技有限公司 | D398: 2250 | E398: 3100 | F398: 2550 | G398: 3300
A399: 20121647 | B399: 换热节流组件\4PC\7PC\2.7*1.0*1000 | C399: =VLOOKUP(A399,[1]压缩机蒸发器!$A:$C,3,0) -> 青岛常蒸蒸发器科技有限公司 | D399: 200 | E399: 400 | F399: 400 | G399: 500
A400: 20192895 | B400: 换热节流组件\4PC\7PC\2.0*1.0*850 | C400: =VLOOKUP(A400,[1]压缩机蒸发器!$A:$C,3,0) -> 青岛常蒸蒸发器科技有限公司 | D400: 300 | E400: 0 | F400: 609 | G400: 450
A401: 2398069 | B401: 定速压缩机\PSD063DV-F3ED2B_B | C401: =VLOOKUP(A401,[1]压缩机蒸发器!$A:$C,3,0) -> 南昌海立冷暖技术有限公司 | D401: 1286 | E401: 1115 | F401: 1159 | G401: 2245
... A409: 20167415 | B409: 转子压缩机\N3010000072V01\ | C409: =VLOOKUP(A409,[1]压缩机蒸发器!$A:$C,3,0) -> 南昌海立冷暖技术有限公司 | D409: 12085 | E409: 4700 | F409: 5000 | G409: 6400
A410: 1929482 | B410: 控制板部件\X01080405\HW-G75A | C410: =VLOOKUP(A410,[1]主控板线束!$A:$C,3,0) -> 江苏新安电器股份有限公司 | D410: 320 | E410: 0 | F410: 0 | G410: 160
A411: 2305175 | B411: 电源板组件\滚筒\X01070447 | C411: =VLOOKUP(A411,[1]主控板线束!$A:$C,3,0) -> 江苏新安电器股份有限公司 | D411: 550 | E411: 840 | F411: 850 | G411: 450
A412: 2323328 | B412: 控制板部件\X01080405\HW-G80 | C412: =VLOOKUP(A412,[1]主控板线束!$A:$C,3,0) -> 江苏新安电器股份有限公司 | D412: 1600 | E412: 0 | F412: 800 | G412: 800
A413: 2346237 | B413: 控制板部件\X01081427\WFMK7014 | C413: =VLOOKUP(A413,[1]主控板线束!$A:$C,3,0) -> 江苏新安电器股份有限公司 | D413: 247 | E413: 0 | F413: 1000 | G413: 1000
A414: 2358460 | B414: 控制板部件\X01081598\DHQE80-DEW002-000 | C414: =VLOOKUP(A414,[1]主控板线束!$A:$C,3,0) -> 江苏新安电器股份有限公司 | D414: 168 | E414: 0 | F414: 672 | G414: 504
A415: 2358715 | B415: 电源板部件\X01081600\东盟309 | C415: =VLOOKUP(A415,[1]主控板线束!$A:$C,3,0) -> 江苏新安电器股份有限公司 | D415: 0 | E415: 60 | F415: 0 | G415: 0
A416: 2361961 | B416: 变频板组件\滚筒\X01070485 | C416: =VLOOKUP(A416,[1]主控板线束!$A:$C,3,0) -> 江苏新安电器股份有限公司 | D416: 2301 | E416: 1647 | F416: 3554 | G416: 4005
A417: 2363499 | B417: 控制板部件\X01081649\WT3K701-AEW001-000 | C417: =VLOOKUP(A417,[1]主控板线束!$A:$C,3,0) -> 江苏新安电器股份有限公司 | D417: 946 | E417: 1675 | F417: 1437 | G417: 1199
A418: 2369867 | B418: 控制板部件\X01080405\日本升级DG75C改外观 | C418: =VLOOKUP(A418,[1]主控板线束!$A:$C,3,0) -> 江苏新安电器股份有限公司 | D418: 960 | E418: 960 | F418: 800 | G418: 1120
A419: 2377401 | B419: 显示板部件\X01081725\WG100I5 | C419: =VLOOKUP(A419,[1]主控板线束!$A:$C,3,0) -> 江苏新安电器股份有限公司 | D419: 100 | E419: 300 | F419: 400 | G419: 450
A420: 2380413 | B420: 显示板部件\X01081725\DG100I5 | C420: =VLOOKUP(A420,[1]主控板线束!$A:$C,3,0) -> 江苏新安电器股份有限公司 | D420: 200 | E420: 300 | F420: 350 | G420: 400
A421: 2380576 | B421: 电源板组件\WD100HI3\Hisense\X01070471 | C421: =VLOOKUP(A421,[1]主控板线束!$A:$C,3,0) -> 江苏新安电器股份有限公司 | D421: 122 | E421: 414 | F421: 732 | G421: 636
... A791: 2459174 | B791: 控制板部件\X01081237\WF3G6012-NVW001 | C791: =VLOOKUP(A791,[1]主控板线束!$A:$C,3,0) -> 江苏广中20%、昌德成80% | D791: 4631 | E791: 4233 | F791: 2988 | G791: 7470
A792: 2488318 | B792: 换热节流组件\6PC\4PC | C792: =VLOOKUP(A792,[1]压缩机蒸发器!$A:$C,3,0) -> 合肥太通制冷科技有限公司 | D792: 1054 | E792: 519 | F792: 1201 | G792: 862
A793: 20144454 | B793: 换热节流组件\4PC\4PC\900mm | C793: =VLOOKUP(A793,[1]压缩机蒸发器!$A:$C,3,0) -> 合肥太通制冷科技有限公司 | D793: 12085 | E793: 4700 | F793: 5000 | G793: 6400
A794: 2297595 | B794: 控制面板组件\7S\WF7S1214-\X01044802\白 | C794: =VLOOKUP(A794,[1]主控板线束!$A:$C,3,0) -> 海信家电集团股份有限公司青岛分公司 | D794: 418 | E794: 477 | F794: 636 | G794: 795
A795: 2348569 | B795: 控制面板组件\注塑件\DH7\X01045254\天青墨 | C795: =VLOOKUP(A795,[1]主控板线束!$A:$C,3,0) -> 海信家电集团股份有限公司青岛分公司 | D795: 0 | E795: 400 | F795: 300 | G795: 400
A796: 2348588 | B796: 控制面板组件\注塑件\X01044802\天青墨 | C796: =VLOOKUP(A796,[1]主控板线束!$A:$C,3,0) -> 海信家电集团股份有限公司青岛分公司 | D796: 947 | E796: 888 | F796: 1865 | G796: 1362
A797: 2399506 | B797: 控制面板组件\7s外观76L\WD7S1214-MVB001\ | C797: =VLOOKUP(A797,[1]主控板线束!$A:$C,3,0) -> 海信家电集团股份有限公司青岛分公司 | D797: 318 | E797: 159 | F797: 159 | G797: 159
A798: 2405506 | B798: 显示板组件\TFT组件\X01047111 | C798: =VLOOKUP(A798,[1]主控板线束!$A:$C,3,0) -> 海信家电集团股份有限公司青岛分公司 | D798: 5547 | E798: 2606 | F798: 2833 | G798: 4150
A799: 2405507 | B799: 显示板组件\5i洗烘-8KGTFT组件\X01047111 | C799: =VLOOKUP(A799,[1]主控板线束!$A:$C,3,0) -> 海信家电集团股份有限公司青岛分公司 | D799: 3613 | E799: 2494 | F799: 4048 | G799: 4599
A800: 2405508 | B800: 显示板组件\5i单洗-10KG-TFT组件\X01047111 | C800: =VLOOKUP(A800,[1]主控板线束!$A:$C,3,0) -> 海信家电集团股份有限公司青岛分公司 | D800: 4950 | E800: 1752 | F800: 3426 | G800: 4332
A801: 2405509 | B801: 显示板组件\5i洗烘-10KG-TFT组件\X01047111 | C801: =VLOOKUP(A801,[1]主控板线束!$A:$C,3,0) -> 海信家电集团股份有限公司青岛分公司 | D801: 2604 | E801: 987 | F801: 1503 | G801: 1848
...

Sheet Sheet2
A1: 物料编码 | B1: 物料描述 | C1: 厂家 | D1: 4月需求 | E1: 5月需求 | F1: 6月需求 | G1: 7月需求
A2: 2416141 | B2: 控制板部件\X01081787\WFQP1014-SVW001-000 | C2: =VLOOKUP(A2,[1]主控板线束!$A:$C,3,0) -> 深圳信扬国际经贸股份有限公司 | D2: 2688 | E2: 1344 | F2: 1848 | G2: 2184
A3: 2416216 | B3: 控制板部件\X01081787\WFQP8014-PVW103-000 | C3: =VLOOKUP(A3,[1]主控板线束!$A:$C,3,0) -> 深圳信扬国际经贸股份有限公司 | D3: 8090 | E3: 3546 | F3: 2908 | G3: 6564
A4: 2504046 | B4: 显示板部件\X01082635\WD1i1014-PVT001-001 | C4: =VLOOKUP(A4,[1]主控板线束!$A:$C,3,0) -> 青岛和而泰智能控制技术有限公司（转） | D4: 1696 | E4: 1908 | F4: 1272 | G4: 1272
A5: 2504047 | B5: 显示板部件\X01082635\WD1i1114-SVW001-000 | C5: =VLOOKUP(A5,[1]主控板线束!$A:$C,3,0) -> 青岛和而泰智能控制技术有限公司（转） | D5: 3360 | E5: 2856 | F5: 4872 | G5: 7728
A6: 2504049 | B6: 显示板部件\X01082635\WD1i1114-SVW001-001 | C6: =VLOOKUP(A6,[1]主控板线束!$A:$C,3,0) -> 青岛和而泰智能控制技术有限公司（转） | D6: 1680 | E6: 1176 | F6: 1680 | G6: 3360
A7: 20112792 | B7: 显示板组件\WD1i1114-LVW002-000\X01082635 | C7: =VLOOKUP(A7,[1]主控板线束!$A:$C,3,0) -> 青岛和而泰智能控制技术有限公司（转） | D7: 2331 | E7: 496 | F7: 900 | G7: 318
A8: 20112793 | B8: 显示板组件\法国\Hisense\X01082635V05 | C8: =VLOOKUP(A8,[1]主控板线束!$A:$C,3,0) -> 青岛和而泰智能控制技术有限公司（转） | D8: 672 | E8: 1642 | F8: 1082 | G8: 1678
A9: 20204793 | B9: 显示板组件\WF1i1214-LVK001-000\泰国\Hise | C9: 青岛和而泰智能控制技术有限公司 | D9: 0 | E9: 0 | F9: 209 | G9: 0
A10: 20239305 | B10: 显示板组件\DH1i70-EEW001-000\Hisense | C10: 青岛和而泰智能控制技术有限公司 | D10: 0 | E10: 0 | F10: 424 | G10: 1060
A11: 20239308 | B11: 显示板组件\DH080G2D-EEWA01\欧洲\Hisense | C11: 青岛和而泰智能控制技术有限公司 | D11: 0 | E11: 0 | F11: 3393 | G11: 2297
