Workbook

Sheet DIP计划
B1: 青岛工厂DIP计划（QR-QW-PMC-01-01-QD生产计划表V01）
B2: 工序 | C2: 成品编码 | D2: 整机工单号 | E2: 新系统工单号 | F2: 物料描述 | G2: 工单数量 | H2: 剩余数量 | I2: 拼板数 | J2: 上线时间 | K2: UPH | L2: 人力 | M2: 46142 | N2: =M2 -> 46142 | O2: =M2+1+3 -> 46146 | P2: =O2 -> 46146 | Q2: =O2+1 -> 46147 | R2: =Q2 -> 46147 | S2: =Q2+1 -> 46148 | T2: =S2 -> 46148 | U2: =T2+1 -> 46149 | V2: =U2 -> 46149 | W2: =U2+1 -> 46150 | X2: =W2 -> 46150 | Y2: =W2+1 -> 46151 | Z2: =Y2 -> 46151 | AA2: =Y2+1 -> 46152 | AB2: =AA2 -> 46152 | AC2: =AA2+1 -> 46153 | AD2: =AC2 -> 46153 | AE2: =AC2+1 -> 46154 | AF2: =AE2 -> 46154 | AG2: 已排数量 | AH2: 未排数量 | AI2: 备注 | AJ2: 定稿工单 | AK2: 客户 | AL2: 类型
B3: 生产时长 | M3: 8 | N3: 夜班 | O3: 12 | P3: 夜班 | Q3: 12 | R3: 夜班 | S3: 12 | T3: 夜班 | U3: 12 | V3: 夜班 | W3: 12 | X3: 夜班 | Y3: 12 | Z3: 夜班 | AA3: 12 | AB3: 夜班 | AC3: 12 | AD3: 夜班 | AE3: 12 | AF3: 夜班
B4: 开工线体 | M4: 9.5 | O4: 9.5 | P4: 1 | Q4: 9.5 | R4: 2 | S4: 9.5 | T4: 2 | U4: 9.5 | V4: 1 | W4: 9.5 | X4: 2 | Y4: 9.5 | Z4: 2 | AA4: 9.5 | AB4: 2 | AC4: 9.5 | AD4: 2 | AE4: 9.5 | AF4: 2
A5: =VLOOKUP(C5,'[1]青岛4 (2)'!$C:$D,2,0) -> 日立测出风 | B5: 包装 | C5: 10880036207 | D5: 110001302850 | E5: 110001302850 | F5: 697-C2504B G0020 1201684 H7A09158A/PV22& | G5: 750 | H5: 750 | I5: =VLOOKUP(C5,'[2]IE model 海尔产品'!$A$1:$D$65536,4,0) -> 1 | J5: {=INDEX($A$2:$AF$2,MIN(IF(M5:AF5<>0,COLUMN(M5:AF5))))} -> 46142 | K5: =VLOOKUP(C5,'[2]IE model 海尔产品'!$A$1:$H$65536,8,0) -> 90 | L5: =VLOOKUP(C5,'[2]IE model 海尔产品'!$A$1:$I$65536,9,0) -> 62 | M5: 750 | AG5: =SUM(M5:AF5) -> 750 | AH5: =+H5-AG5 -> 0 | AI5: =_xlfn.XLOOKUP(D5,'[3]青岛4 (2)'!$G:$G,'[3]青岛4 (2)'!$J:$J) -> 46141 | AJ5: =+H5-AI5 -> -45391 | AM5: =_xlfn.XLOOKUP(C5,'[4]4-30'!$F:$F,'[4]4-30'!$S:$S) -> #N/A
A6: =VLOOKUP(C6,'[1]青岛4 (2)'!$C:$D,2,0) -> #N/A | B6: 插件 | C6: 10400030197 | D6: 110001302880 | E6: 110001302881 | F6: 1886-C2512A-K 干洗衣机按键旋钮板 | G6: 90 | H6: 90 | I6: =VLOOKUP(C6,'[2]IE model 海尔产品'!$A$1:$D$65536,4,0) -> 0 | J6: {=INDEX($A$2:$AF$2,MIN(IF(M6:AF6<>0,COLUMN(M6:AF6))))} -> 46142 | K6: =VLOOKUP(C6,'[2]IE model 海尔产品'!$A$1:$H$65536,8,0) -> 1200 | L6: =VLOOKUP(C6,'[2]IE model 海尔产品'!$A$1:$I$65536,9,0) -> 12 | M6: 90 | AG6: =SUM(M6:AF6) -> 90 | AH6: =+H6-AG6 -> 0 | AJ6: =+H6-AI6 -> 90 | AM6: =_xlfn.XLOOKUP(C6,'[4]4-30'!$F:$F,'[4]4-30'!$S:$S) -> #N/A
A7: =VLOOKUP(C7,'[1]青岛4 (2)'!$C:$D,2,0) -> #N/A | B7: 插件 | C7: 10400034245 | D7: 110001302880 | E7: 110001302882 | F7: 1886-C2512F-X 20239594 7i干衣机通用板 新能效天青墨 | G7: 90 | H7: 90 | I7: =VLOOKUP(C7,'[2]IE model 海尔产品'!$A$1:$D$65536,4,0) -> 0 | J7: {=INDEX($A$2:$AF$2,MIN(IF(M7:AF7<>0,COLUMN(M7:AF7))))} -> 46142 | K7: =VLOOKUP(C7,'[2]IE model 海尔产品'!$A$1:$H$65536,8,0) -> 600 | L7: =VLOOKUP(C7,'[2]IE model 海尔产品'!$A$1:$I$65536,9,0) -> 30 | M7: 90 | AG7: =SUM(M7:AF7) -> 90 | AH7: =+H7-AG7 -> 0 | AJ7: =+H7-AI7 -> 90 | AM7: =_xlfn.XLOOKUP(C7,'[4]4-30'!$F:$F,'[4]4-30'!$S:$S) -> #N/A
A8: =VLOOKUP(C8,'[1]青岛4 (2)'!$C:$D,2,0) -> #N/A | B8: 插件 | C8: 10880030545 | D8: 110001302795 | E8: 110001302796 | F8: 201-A2378A-O HLP5602-GWM.01 | G8: 300 | H8: 300 | I8: =VLOOKUP(C8,'[2]IE model 海尔产品'!$A$1:$D$65536,4,0) -> 0 | J8: {=INDEX($A$2:$AF$2,MIN(IF(M8:AF8<>0,COLUMN(M8:AF8))))} -> 46142 | K8: =VLOOKUP(C8,'[2]IE model 海尔产品'!$A$1:$H$65536,8,0) -> 600 | L8: =VLOOKUP(C8,'[2]IE model 海尔产品'!$A$1:$I$65536,9,0) -> 12 | M8: 300 | AG8: =SUM(M8:AF8) -> 300 | AH8: =+H8-AG8 -> 0 | AM8: =_xlfn.XLOOKUP(C8,'[4]4-30'!$F:$F,'[4]4-30'!$S:$S) -> #N/A
A9: =VLOOKUP(C9,'[1]青岛4 (2)'!$C:$D,2,0) -> #N/A | B9: 插件 | C9: 10880031020 | D9: 110001302795 | E9: 110001302797 | F9: 201-A2379B-X 7S5602(天青墨) | G9: 300 | H9: 300 | I9: =VLOOKUP(C9,'[2]IE model 海尔产品'!$A$1:$D$65536,4,0) -> 0 | J9: {=INDEX($A$2:$AF$2,MIN(IF(M9:AF9<>0,COLUMN(M9:AF9))))} -> 46142 | K9: =VLOOKUP(C9,'[2]IE model 海尔产品'!$A$1:$H$65536,8,0) -> 600 | L9: =VLOOKUP(C9,'[2]IE model 海尔产品'!$A$1:$I$65536,9,0) -> 12 | M9: 300 | AG9: =SUM(M9:AF9) -> 300 | AH9: =+H9-AG9 -> 0 | AM9: =_xlfn.XLOOKUP(C9,'[4]4-30'!$F:$F,'[4]4-30'!$S:$S) -> #N/A
A10: =VLOOKUP(C10,'[1]青岛4 (2)'!$C:$D,2,0) -> #N/A | B10: 插件 | C10: 10880030545 | D10: 110001302790 | E10: 110001302791 | F10: 201-A2378A-O HLP5602-GWM.01 | G10: 180 | H10: 180 | I10: =VLOOKUP(C10,'[2]IE model 海尔产品'!$A$1:$D$65536,4,0) -> 0 | J10: {=INDEX($A$2:$AF$2,MIN(IF(M10:AF10<>0,COLUMN(M10:AF10))))} -> 46142 | K10: =VLOOKUP(C10,'[2]IE model 海尔产品'!$A$1:$H$65536,8,0) -> 600 | L10: =VLOOKUP(C10,'[2]IE model 海尔产品'!$A$1:$I$65536,9,0) -> 12 | M10: 180 | AG10: =SUM(M10:AF10) -> 180 | AH10: =+H10-AG10 -> 0 | AM10: =_xlfn.XLOOKUP(C10,'[4]4-30'!$F:$F,'[4]4-30'!$S:$S) -> #N/A
A11: =VLOOKUP(C11,'[1]青岛4 (2)'!$C:$D,2,0) -> #N/A | B11: 插件 | C11: 10880031020 | D11: 110001302790 | E11: 110001302792 | F11: 201-A2379B-X 7S5602(天青墨) | G11: 180 | H11: 180 | I11: =VLOOKUP(C11,'[2]IE model 海尔产品'!$A$1:$D$65536,4,0) -> 0 | J11: {=INDEX($A$2:$AF$2,MIN(IF(M11:AF11<>0,COLUMN(M11:AF11))))} -> 46142 | K11: =VLOOKUP(C11,'[2]IE model 海尔产品'!$A$1:$H$65536,8,0) -> 600 | L11: =VLOOKUP(C11,'[2]IE model 海尔产品'!$A$1:$I$65536,9,0) -> 12 | M11: 180 | AG11: =SUM(M11:AF11) -> 180 | AH11: =+H11-AG11 -> 0 | AM11: =_xlfn.XLOOKUP(C11,'[4]4-30'!$F:$F,'[4]4-30'!$S:$S) -> #N/A
A12: =VLOOKUP(C12,'[1]青岛4 (2)'!$C:$D,2,0) -> 海信家电7I | B12: 包装 | C12: 10880038810 | D12: 110001302880 | E12: 110001302880 | F12: 1886-C2512F G0020 20239594 7i干衣机面板 新能效天& | G12: 90 | H12: 90 | I12: =VLOOKUP(C12,'[2]IE model 海尔产品'!$A$1:$D$65536,4,0) -> 通用板:1*2 旋钮板:1*10 MIC板1*30 | J12: {=INDEX($A$2:$AF$2,MIN(IF(M12:AF12<>0,COLUMN(M12:AF12))))} -> 46146 | K12: =VLOOKUP(C12,'[2]IE model 海尔产品'!$A$1:$H$65536,8,0) -> 60 | L12: =VLOOKUP(C12,'[2]IE model 海尔产品'!$A$1:$I$65536,9,0) -> 58 | O12: 90 | AG12: =SUM(M12:AF12) -> 90 | AH12: =+H12-AG12 -> 0 | AI12: =_xlfn.XLOOKUP(D12,'[3]青岛4 (2)'!$G:$G,'[3]青岛4 (2)'!$J:$J) -> 46142 | AJ12: =+H12-AI12 -> -46052 | AM12: =_xlfn.XLOOKUP(C12,'[4]4-30'!$F:$F,'[4]4-30'!$S:$S) -> #N/A
A13: =VLOOKUP(C13,'[1]青岛4 (2)'!$C:$D,2,0) -> 海信家电 | B13: 包装 | C13: 10880031760 | D13: 110001302795 | E13: 110001302795 | F13: 201-A2381C-X 2297595 冼衣机面板(全球白) | G13: 300 | H13: 300 | I13: =VLOOKUP(C13,'[2]IE model 海尔产品'!$A$1:$D$65536,4,0) -> 通用板:1*4 按键旋钮板:1*3 | J13: {=INDEX($A$2:$AF$2,MIN(IF(M13:AF13<>0,COLUMN(M13:AF13))))} -> 46146 | K13: =VLOOKUP(C13,'[2]IE model 海尔产品'!$A$1:$H$65536,8,0) -> 60 | L13: =VLOOKUP(C13,'[2]IE model 海尔产品'!$A$1:$I$65536,9,0) -> 46 | O13: 300 | AG13: =SUM(M13:AF13) -> 300 | AH13: =+H13-AG13 -> 0 | AI13: =_xlfn.XLOOKUP(D13,'[3]青岛4 (2)'!$G:$G,'[3]青岛4 (2)'!$J:$J) -> 46142 | AM13: =_xlfn.XLOOKUP(C13,'[4]4-30'!$F:$F,'[4]4-30'!$S:$S) -> #N/A
A14: =VLOOKUP(C14,'[1]青岛4 (2)'!$C:$D,2,0) -> 海信家电 | B14: 包装 | C14: 10880031011 | D14: 110001302790 | E14: 110001302790 | F14: 201-A2381B-X HLP5602-GWM(天青墨) | G14: 180 | H14: 180 | I14: =VLOOKUP(C14,'[2]IE model 海尔产品'!$A$1:$D$65536,4,0) -> 通用板:1*4 按键旋钮板:1*3 | J14: {=INDEX($A$2:$AF$2,MIN(IF(M14:AF14<>0,COLUMN(M14:AF14))))} -> 46146 | K14: =VLOOKUP(C14,'[2]IE model 海尔产品'!$A$1:$H$65536,8,0) -> 60 | L14: =VLOOKUP(C14,'[2]IE model 海尔产品'!$A$1:$I$65536,9,0) -> 46 | O14: 180 | AG14: =SUM(M14:AF14) -> 180 | AH14: =+H14-AG14 -> 0 | AI14: =_xlfn.XLOOKUP(D14,'[3]青岛4 (2)'!$G:$G,'[3]青岛4 (2)'!$J:$J) -> 46142 | AM14: =_xlfn.XLOOKUP(C14,'[4]4-30'!$F:$F,'[4]4-30'!$S:$S) -> #N/A
A15: =VLOOKUP(C15,'[1]青岛4 (2)'!$C:$D,2,0) -> #N/A | B15: 插件 | C15: 10400030194 | D15: 110001266519 | E15: 110001266520 | F15: 1886-C2512A-X 20116662 干衣机通用板 | G15: 160 | H15: 160 | I15: =VLOOKUP(C15,'[2]IE model 海尔产品'!$A$1:$D$65536,4,0) -> 0 | J15: {=INDEX($A$2:$AF$2,MIN(IF(M15:AF15<>0,COLUMN(M15:AF15))))} -> 46146 | K15: =VLOOKUP(C15,'[2]IE model 海尔产品'!$A$1:$H$65536,8,0) -> 600 | L15: =VLOOKUP(C15,'[2]IE model 海尔产品'!$A$1:$I$65536,9,0) -> 30 | O15: 160 | AG15: =SUM(M15:AF15) -> 160 | AH15: =+H15-AG15 -> 0 | AJ15: =+H15-AI15 -> 160 | AM15: =_xlfn.XLOOKUP(C15,'[4]4-30'!$F:$F,'[4]4-30'!$S:$S) -> #N/A
A16: =VLOOKUP(C16,'[1]青岛4 (2)'!$C:$D,2,0) -> #N/A | B16: 插件 | C16: 10400031098 | D16: 110001307410 | E16: 110001307411 | F16: 697-C2504C-DRV H7A09502B/PV2229H | G16: 429 | H16: 429 | I16: =VLOOKUP(C16,'[2]IE model 海尔产品'!$A$1:$D$65536,4,0) -> #N/A | J16: {=INDEX($A$2:$AF$2,MIN(IF(M16:AF16<>0,COLUMN(M16:AF16))))} -> 46151 | K16: =VLOOKUP(C16,'[2]IE model 海尔产品'!$A$1:$H$65536,8,0) -> #N/A | L16: =VLOOKUP(C16,'[2]IE model 海尔产品'!$A$1:$I$65536,9,0) -> #N/A | Y16: 429 | AG16: =SUM(M16:AF16) -> 429 | AH16: =+H16-AG16 -> 0 | AM16: =_xlfn.XLOOKUP(C16,'[4]4-30'!$F:$F,'[4]4-30'!$S:$S) -> #N/A
A17: =VLOOKUP(C17,'[1]青岛4 (2)'!$C:$D,2,0) -> 日立测出风 | B17: 包装 | C17: 10880036493 | D17: 110001307420 | E17: 110001307420 | F17: 697-C2503E G0020 1220212 H7A09529B/PV22& | G17: 190 | H17: 190 | I17: =VLOOKUP(C17,'[2]IE model 海尔产品'!$A$1:$D$65536,4,0) -> 1 | J17: {=INDEX($A$2:$AF$2,MIN(IF(M17:AF17<>0,COLUMN(M17:AF17))))} -> 46151 | K17: =VLOOKUP(C17,'[2]IE model 海尔产品'!$A$1:$H$65536,8,0) -> 90 | L17: =VLOOKUP(C17,'[2]IE model 海尔产品'!$A$1:$I$65536,9,0) -> 62 | Y17: 190 | AG17: =SUM(M17:AF17) -> 190 | AH17: =+H17-AG17 -> 0 | AI17: =_xlfn.XLOOKUP(D17,'[3]青岛4 (2)'!$G:$G,'[3]青岛4 (2)'!$J:$J) -> 46151 | AJ17: =+H17-AI17 -> -45961 | AM17: =_xlfn.XLOOKUP(C17,'[4]4-30'!$F:$F,'[4]4-30'!$S:$S) -> #N/A
B18: 包装 | C18: 10880036503 | D18: 110001307192 | E18: 110001307192 | F18: 500268-C2501E G0020 1242656 H7A10566E-D& | G18: 250 | H18: 250 | I18: =VLOOKUP(C18,'[2]IE model 海尔产品'!$A$1:$D$65536,4,0) -> #N/A | J18: {=INDEX($A$2:$AF$2,MIN(IF(M18:AF18<>0,COLUMN(M18:AF18))))} -> 46151 | K18: =VLOOKUP(C18,'[2]IE model 海尔产品'!$A$1:$H$65536,8,0) -> #N/A | L18: =VLOOKUP(C18,'[2]IE model 海尔产品'!$A$1:$I$65536,9,0) -> #N/A | Y18: 100 | AA18: 150 | AG18: =SUM(M18:AF18) -> 250 | AH18: =+H18-AG18 -> 0 | AI18: =_xlfn.XLOOKUP(D18,'[3]青岛4 (2)'!$G:$G,'[3]青岛4 (2)'!$J:$J) -> 46151 | AM18: =_xlfn.XLOOKUP(C18,'[4]4-30'!$F:$F,'[4]4-30'!$S:$S) -> #N/A
A19: =VLOOKUP(C19,'[1]青岛4 (2)'!$C:$D,2,0) -> 日立测出风 | B19: 包装 | C19: 10880036479 | D19: 110001307410 | E19: 110001307410 | F19: 697-C2504C G0020 1201685 H7A09158B/PV22& | G19: 429 | H19: 429 | I19: =VLOOKUP(C19,'[2]IE model 海尔产品'!$A$1:$D$65536,4,0) -> 1 | J19: {=INDEX($A$2:$AF$2,MIN(IF(M19:AF19<>0,COLUMN(M19:AF19))))} -> 46152 | K19: =VLOOKUP(C19,'[2]IE model 海尔产品'!$A$1:$H$65536,8,0) -> 90 | L19: =VLOOKUP(C19,'[2]IE model 海尔产品'!$A$1:$I$65536,9,0) -> 62 | AA19: 429 | AG19: =SUM(M19:AF19) -> 429 | AH19: =+H19-AG19 -> 0 | AI19: =_xlfn.XLOOKUP(D19,'[3]青岛4 (2)'!$G:$G,'[3]青岛4 (2)'!$J:$J) -> 46151 | AM19: =_xlfn.XLOOKUP(C19,'[4]4-30'!$F:$F,'[4]4-30'!$S:$S) -> #N/A
A20: =VLOOKUP(C20,'[1]青岛4 (2)'!$C:$D,2,0) -> #N/A | B20: 测试 | C20: 10400029072 | D20: 110001307415 | E20: 110001307417 | F20: 500268-C2501A-C H7A09528C PE2306Q | G20: 98 | H20: 98 | I20: =VLOOKUP(C20,'[2]IE model 海尔产品'!$A$1:$D$65536,4,0) -> #N/A | J20: {=INDEX($A$2:$AF$2,MIN(IF(M20:AF20<>0,COLUMN(M20:AF20))))} -> #VALUE! | K20: =VLOOKUP(C20,'[2]IE model 海尔产品'!$A$1:$H$65536,8,0) -> #N/A | L20: =VLOOKUP(C20,'[2]IE model 海尔产品'!$A$1:$I$65536,9,0) -> #N/A | AG20: =SUM(M20:AF20) -> 0 | AH20: =+H20-AG20 -> 98 | AJ20: =+H20-AI20 -> 98 | AM20: =_xlfn.XLOOKUP(C20,'[4]4-30'!$F:$F,'[4]4-30'!$S:$S) -> #N/A
A21: =VLOOKUP(C21,'[1]青岛4 (2)'!$C:$D,2,0) -> #N/A | B21: 插件 | C21: 10400031101 | D21: 110001307415 | E21: 110001307416 | F21: 697-C2504D-DRV H7A09502G/PV2229H | G21: 98 | H21: 98 | I21: =VLOOKUP(C21,'[2]IE model 海尔产品'!$A$1:$D$65536,4,0) -> #N/A | J21: {=INDEX($A$2:$AF$2,MIN(IF(M21:AF21<>0,COLUMN(M21:AF21))))} -> #VALUE! | K21: =VLOOKUP(C21,'[2]IE model 海尔产品'!$A$1:$H$65536,8,0) -> #N/A | L21: =VLOOKUP(C21,'[2]IE model 海尔产品'!$A$1:$I$65536,9,0) -> #N/A | AG21: =SUM(M21:AF21) -> 0 | AH21: =+H21-AG21 -> 98 | AJ21: =+H21-AI21 -> 98 | AM21: =_xlfn.XLOOKUP(C21,'[4]4-30'!$F:$F,'[4]4-30'!$S:$S) -> #N/A
A22: =VLOOKUP(C22,'[1]青岛4 (2)'!$C:$D,2,0) -> 日立测出风 | B22: 包装 | C22: 10880036481 | D22: 110001307415 | E22: 110001307415 | F22: 697-C2504D G0020 1239203 H7A09158E/PV22& | G22: 98 | H22: 98 | I22: =VLOOKUP(C22,'[2]IE model 海尔产品'!$A$1:$D$65536,4,0) -> 1 | J22: {=INDEX($A$2:$AF$2,MIN(IF(M22:AF22<>0,COLUMN(M22:AF22))))} -> #VALUE! | K22: =VLOOKUP(C22,'[2]IE model 海尔产品'!$A$1:$H$65536,8,0) -> 90 | L22: =VLOOKUP(C22,'[2]IE model 海尔产品'!$A$1:$I$65536,9,0) -> 62 | AG22: =SUM(M22:AF22) -> 0 | AH22: =+H22-AG22 -> 98 | AI22: =_xlfn.XLOOKUP(D22,'[3]青岛4 (2)'!$G:$G,'[3]青岛4 (2)'!$J:$J) -> 46157 | AJ22: =+H22-AI22 -> -46059 | AM22: =_xlfn.XLOOKUP(C22,'[4]4-30'!$F:$F,'[4]4-30'!$S:$S) -> #N/A
A23: =VLOOKUP(C23,'[1]青岛4 (2)'!$C:$D,2,0) -> 海信家电 | B23: 包装 | C23: 10880031760 | D23: 110001292147 | E23: 110001292147 | F23: 201-A2381C-X 2297595 冼衣机面板(全球白) | G23: 430 | H23: 430 | I23: =VLOOKUP(C23,'[2]IE model 海尔产品'!$A$1:$D$65536,4,0) -> 通用板:1*4 按键旋钮板:1*3 | J23: {=INDEX($A$2:$AF$2,MIN(IF(M23:AF23<>0,COLUMN(M23:AF23))))} -> #VALUE! | K23: =VLOOKUP(C23,'[2]IE model 海尔产品'!$A$1:$H$65536,8,0) -> 60 | L23: =VLOOKUP(C23,'[2]IE model 海尔产品'!$A$1:$I$65536,9,0) -> 46 | AG23: =SUM(M23:AF23) -> 0 | AH23: =+H23-AG23 -> 430 | AI23: 齐套300齐套 | AJ23: =+H23-AI23 -> #VALUE! | AK23: 齐套300齐套 | AM23: =_xlfn.XLOOKUP(C23,'[4]4-30'!$F:$F,'[4]4-30'!$S:$S) -> #N/A
A24: =VLOOKUP(C24,'[1]青岛4 (2)'!$C:$D,2,0) -> #N/A | B24: 插件 | C24: 10880030545 | D24: 110001292147 | E24: 110001292148 | F24: 201-A2378A-O HLP5602-GWM.01 | G24: 430 | H24: 430 | I24: =VLOOKUP(C24,'[2]IE model 海尔产品'!$A$1:$D$65536,4,0) -> 0 | J24: {=INDEX($A$2:$AF$2,MIN(IF(M24:AF24<>0,COLUMN(M24:AF24))))} -> #VALUE! | K24: =VLOOKUP(C24,'[2]IE model 海尔产品'!$A$1:$H$65536,8,0) -> 600 | L24: =VLOOKUP(C24,'[2]IE model 海尔产品'!$A$1:$I$65536,9,0) -> 12 | AG24: =SUM(M24:AF24) -> 0 | AH24: =+H24-AG24 -> 430 | AI24: 齐套300齐套 | AJ24: =+H24-AI24 -> #VALUE! | AK24: 齐套300齐套 | AM24: =_xlfn.XLOOKUP(C24,'[4]4-30'!$F:$F,'[4]4-30'!$S:$S) -> #N/A
A25: =VLOOKUP(C25,'[1]青岛4 (2)'!$C:$D,2,0) -> #N/A | B25: 插件 | C25: 10880031020 | D25: 110001292147 | E25: 110001292149 | F25: 201-A2379B-X 7S5602(天青墨) | G25: 430 | H25: 430 | I25: =VLOOKUP(C25,'[2]IE model 海尔产品'!$A$1:$D$65536,4,0) -> 0 | J25: {=INDEX($A$2:$AF$2,MIN(IF(M25:AF25<>0,COLUMN(M25:AF25))))} -> #VALUE! | K25: =VLOOKUP(C25,'[2]IE model 海尔产品'!$A$1:$H$65536,8,0) -> 600 | L25: =VLOOKUP(C25,'[2]IE model 海尔产品'!$A$1:$I$65536,9,0) -> 12 | AG25: =SUM(M25:AF25) -> 0 | AH25: =+H25-AG25 -> 430 | AI25: 齐套300齐套 | AJ25: =+H25-AI25 -> #VALUE! | AK25: 齐套300齐套 | AM25: =_xlfn.XLOOKUP(C25,'[4]4-30'!$F:$F,'[4]4-30'!$S:$S) -> #N/A
A26: =VLOOKUP(C26,'[1]青岛4 (2)'!$C:$D,2,0) -> #N/A | B26: 海信DIPL01，拉长任宁宁 | M26: =SUM(M5:M25) -> 1890 | N26: =SUM(N5:N25) -> 0 | O26: =SUM(O5:O25) -> 730 | P26: =SUM(P5:P25) -> 0 | Q26: =SUM(Q5:Q25) -> 0 | R26: =SUM(R5:R25) -> 0 | S26: =SUM(S5:S25) -> 0 | T26: =SUM(T5:T25) -> 0 | ... AF26: =SUM(AF5:AF25) -> 0 | AJ26: =VLOOKUP(E26,[5]Data!$D:$D,1,0) -> #N/A | AK26: =VLOOKUP(AJ26,[5]Data!$D:$I,6,0) -> #N/A | AM26: =_xlfn.XLOOKUP(C26,'[4]4-30'!$F:$F,'[4]4-30'!$S:$S) -> 备注
A27: =VLOOKUP(C27,'[1]青岛4 (2)'!$C:$D,2,0) -> #N/A | B27: DIPL02 | C27: 10880033487 | D27: 110001283801 | E27: 110001283801 | F27: 500323-C24F6A-PC 0041801140 | G27: 600 | H27: 300 | I27: =VLOOKUP(C27,'[2]IE model 海尔产品'!$A$1:$D$65536,4,0) -> 1*3 | J27: {=INDEX($A$2:$AF$2,MIN(IF(M27:AF27<>0,COLUMN(M27:AF27))))} -> 46142 | K27: =VLOOKUP(C27,'[2]IE model 海尔产品'!$A$1:$H$65536,8,0) -> 360 | L27: =VLOOKUP(C27,'[2]IE model 海尔产品'!$A$1:$I$65536,9,0) -> 36 | M27: 300 | AG27: =SUM(M27:AF27) -> 300 | AH27: =+H27-AG27 -> 0 | AI27: 30号入库，可放节后 | AM27: =_xlfn.XLOOKUP(C27,'[4]4-30'!$F:$F,'[4]4-30'!$S:$S) -> #N/A
A28: =VLOOKUP(C28,'[1]青岛4 (2)'!$C:$D,2,0) -> #N/A | B28: DIPL02 | C28: 10880033329 | D28: 110001296370 | E28: 110001296370 | F28: 500323-C24A9A-PC 0011801490S | G28: 5000 | H28: 5000 | I28: =VLOOKUP(C28,'[2]IE model 海尔产品'!$A$1:$D$65536,4,0) -> 1*2 | J28: {=INDEX($A$2:$AF$2,MIN(IF(M28:AF28<>0,COLUMN(M28:AF28))))} -> 46142 | K28: =VLOOKUP(C28,'[2]IE model 海尔产品'!$A$1:$H$65536,8,0) -> 350 | L28: =VLOOKUP(C28,'[2]IE model 海尔产品'!$A$1:$I$65536,9,0) -> 33 | M28: 2500 | O28: 2500 | AG28: =SUM(M28:AF28) -> 5000 | AH28: =+H28-AG28 -> 0 | AI28: =VLOOKUP(E28,[6]Data!$D:$H,5,0) -> 46142 | AM28: =_xlfn.XLOOKUP(C28,'[4]4-30'!$F:$F,'[4]4-30'!$S:$S) -> #N/A
A29: =VLOOKUP(C29,'[1]青岛4 (2)'!$C:$D,2,0) -> #N/A | B29: DIPL02 | C29: 10880037377 | D29: 110001299917 | E29: 110001299917 | F29: 600766-A2504A-PC G0044 0011801490M | G29: 5800 | H29: 5800 | I29: =VLOOKUP(C29,'[2]IE model 海尔产品'!$A$1:$D$65536,4,0) -> 1*2 | J29: {=INDEX($A$2:$AF$2,MIN(IF(M29:AF29<>0,COLUMN(M29:AF29))))} -> 46146 | K29: =VLOOKUP(C29,'[2]IE model 海尔产品'!$A$1:$H$65536,8,0) -> 350 | L29: =VLOOKUP(C29,'[2]IE model 海尔产品'!$A$1:$I$65536,9,0) -> 33 | O29: 1600 | Q29: 4200 | AG29: =SUM(M29:AF29) -> 5800 | AH29: =+H29-AG29 -> 0 | AI29: =VLOOKUP(E29,[6]Data!$D:$H,5,0) -> 46148 | AM29: =_xlfn.XLOOKUP(C29,'[4]4-30'!$F:$F,'[4]4-30'!$S:$S) -> #N/A
A30: DIPL02 | B30: DIPL02 | C30: 10880033585 | D30: 110001311379 | E30: 110001311379 | F30: 500323-B24A6H-PC 0011801490Y | G30: 1000 | H30: 1000 | I30: =VLOOKUP(C30,'[2]IE model 海尔产品'!$A$1:$D$65536,4,0) -> 1*2 | J30: {=INDEX($A$2:$AF$2,MIN(IF(M30:AF30<>0,COLUMN(M30:AF30))))} -> 46148 | K30: =VLOOKUP(C30,'[2]IE model 海尔产品'!$A$1:$H$65536,8,0) -> 350 | L30: =VLOOKUP(C30,'[2]IE model 海尔产品'!$A$1:$I$65536,9,0) -> 33 | S30: 1000 | AG30: =SUM(M30:AF30) -> 1000 | AH30: =+H30-AG30 -> 0 | AI30: =VLOOKUP(E30,[6]Data!$D:$H,5,0) -> 46148 | AM30: =_xlfn.XLOOKUP(C30,'[4]4-30'!$F:$F,'[4]4-30'!$S:$S) -> #N/A
A31: DIPL02 | B31: DIPL02 | C31: 10880036434 | D31: 110001296286 | E31: 110001296286 | F31: 693-C2576B-PC G0044 0011801490BS | G31: 200 | H31: 200 | I31: =VLOOKUP(C31,'[2]IE model 海尔产品'!$A$1:$D$65536,4,0) -> #N/A | J31: {=INDEX($A$2:$AF$2,MIN(IF(M31:AF31<>0,COLUMN(M31:AF31))))} -> 46148 | K31: 350 | L31: =VLOOKUP(C31,'[2]IE model 海尔产品'!$A$1:$I$65536,9,0) -> #N/A | S31: 200 | AG31: =SUM(M31:AF31) -> 200 | AH31: =+H31-AG31 -> 0 | AI31: 46148 | AM31: =_xlfn.XLOOKUP(C31,'[4]4-30'!$F:$F,'[4]4-30'!$S:$S) -> 在制200--5/6入库
A32: DIPL02 | B32: DIPL02 | C32: 10880030608 | D32: 110001299839 | E32: 110001299839 | F32: 693-B23G7B-PC 0011801048AF | G32: 200 | H32: 200 | I32: =VLOOKUP(C32,'[2]IE model 海尔产品'!$A$1:$D$65536,4,0) -> 1*1 | J32: {=INDEX($A$2:$AF$2,MIN(IF(M32:AF32<>0,COLUMN(M32:AF32))))} -> 46148 | K32: =VLOOKUP(C32,'[2]IE model 海尔产品'!$A$1:$H$65536,8,0) -> 300 | L32: =VLOOKUP(C32,'[2]IE model 海尔产品'!$A$1:$I$65536,9,0) -> 38 | S32: 200 | AG32: =SUM(M32:AF32) -> 200 | AH32: =+H32-AG32 -> 0 | AI32: 46148 | AM32: =_xlfn.XLOOKUP(C32,'[4]4-30'!$F:$F,'[4]4-30'!$S:$S) -> 在制200--5/6入库
A33: DIPL02 | B33: DIPL02 | C33: 10880030977 | D33: 110001308387 | E33: 110001308387 | F33: 693-C23I2A-PC 0011801657 | G33: 200 | H33: 200 | I33: =VLOOKUP(C33,'[2]IE model 海尔产品'!$A$1:$D$65536,4,0) -> 1*2 | J33: {=INDEX($A$2:$AF$2,MIN(IF(M33:AF33<>0,COLUMN(M33:AF33))))} -> 46150 | K33: =VLOOKUP(C33,'[2]IE model 海尔产品'!$A$1:$H$65536,8,0) -> 60 | L33: =VLOOKUP(C33,'[2]IE model 海尔产品'!$A$1:$I$65536,9,0) -> 26 | W33: 200 | AG33: =SUM(M33:AF33) -> 200 | AH33: =+H33-AG33 -> 0 | AI33: 46153 | AM33: =_xlfn.XLOOKUP(C33,'[4]4-30'!$F:$F,'[4]4-30'!$S:$S) -> 在制200--5/11入库
A34: DIPL02 | B34: DIPL02 | C34: 10880030784 | D34: 110001288315 | E34: 110001288315 | F34: 693-C23I1A-PC 0011801652A | G34: 200 | H34: 200 | I34: =VLOOKUP(C34,'[2]IE model 海尔产品'!$A$1:$D$65536,4,0) -> 1*2 | J34: {=INDEX($A$2:$AF$2,MIN(IF(M34:AF34<>0,COLUMN(M34:AF34))))} -> 46150 | K34: =VLOOKUP(C34,'[2]IE model 海尔产品'!$A$1:$H$65536,8,0) -> 430 | L34: =VLOOKUP(C34,'[2]IE model 海尔产品'!$A$1:$I$65536,9,0) -> 30 | W34: 200 | AG34: =SUM(M34:AF34) -> 200 | AH34: =+H34-AG34 -> 0 | AI34: 46153 | AM34: =_xlfn.XLOOKUP(C34,'[4]4-30'!$F:$F,'[4]4-30'!$S:$S) -> 在制200--5/11入库
A35: DIPL02 | B35: DIPL02 | C35: 10880029957 | D35: 110001299831 | E35: 110001299831 | F35: 1323-C2306A-PC 0011801652 | G35: 2000 | H35: 2000 | I35: =VLOOKUP(C35,'[2]IE model 海尔产品'!$A$1:$D$65536,4,0) -> 1*2 | J35: {=INDEX($A$2:$AF$2,MIN(IF(M35:AF35<>0,COLUMN(M35:AF35))))} -> 46150 | K35: =VLOOKUP(C35,'[2]IE model 海尔产品'!$A$1:$H$65536,8,0) -> 430 | L35: =VLOOKUP(C35,'[2]IE model 海尔产品'!$A$1:$I$65536,9,0) -> 30 | W35: 1500 | Y35: 500 | AG35: =SUM(M35:AF35) -> 2000 | AH35: =+H35-AG35 -> 0 | AI35: 46153 | AM35: =_xlfn.XLOOKUP(C35,'[4]4-30'!$F:$F,'[4]4-30'!$S:$S) -> 在制2000--5/11入库
A36: DIPL02 | B36: DIPL02 | C36: 10880038446 | D36: 110001311099 | E36: 110001311099 | F36: 693-C2608B-PC G0044 0011801656D | G36: 250 | H36: 250 | I36: =VLOOKUP(C36,'[2]IE model 海尔产品'!$A$1:$D$65536,4,0) -> 1*2 | J36: {=INDEX($A$2:$AF$2,MIN(IF(M36:AF36<>0,COLUMN(M36:AF36))))} -> #VALUE! | K36: =VLOOKUP(C36,'[2]IE model 海尔产品'!$A$1:$H$65536,8,0) -> 300 | L36: =VLOOKUP(C36,'[2]IE model 海尔产品'!$A$1:$I$65536,9,0) -> 37 | AG36: =SUM(M36:AF36) -> 0 | AH36: =+H36-AG36 -> 250 | AI36: 46153 | AM36: =_xlfn.XLOOKUP(C36,'[4]4-30'!$F:$F,'[4]4-30'!$S:$S) -> 0
A37: DIPL02 | B37: DIPL02 | C37: 10880038782 | D37: 110001307361 | E37: 110001307361 | F37: 500323-C2491D-PC G0044 0011801656B | G37: 650 | H37: 650 | I37: =VLOOKUP(C37,'[2]IE model 海尔产品'!$A$1:$D$65536,4,0) -> 1*2 | J37: {=INDEX($A$2:$AF$2,MIN(IF(M37:AF37<>0,COLUMN(M37:AF37))))} -> #VALUE! | K37: =VLOOKUP(C37,'[2]IE model 海尔产品'!$A$1:$H$65536,8,0) -> 300 | L37: =VLOOKUP(C37,'[2]IE model 海尔产品'!$A$1:$I$65536,9,0) -> 37 | AG37: =SUM(M37:AF37) -> 0 | AH37: =+H37-AG37 -> 650 | AI37: 46153 | AM37: =_xlfn.XLOOKUP(C37,'[4]4-30'!$F:$F,'[4]4-30'!$S:$S) -> 0
A38: =VLOOKUP(C38,'[1]青岛4 (2)'!$C:$D,2,0) -> #N/A | B38: 海尔DIPL02，拉长张玲丽 | M38: =SUM(M27:M37) -> 2800 | N38: =SUM(N27:N37) -> 0 | O38: =SUM(O27:O37) -> 4100 | P38: =SUM(P27:P37) -> 0 | Q38: =SUM(Q27:Q37) -> 4200 | R38: =SUM(R27:R37) -> 0 | S38: =SUM(S27:S37) -> 1400 | T38: =SUM(T27:T37) -> 0 | ... AF38: =SUM(AF27:AF37) -> 0 | AJ38: =VLOOKUP(E38,[5]Data!$D:$D,1,0) -> #N/A | AK38: =VLOOKUP(AJ38,[5]Data!$D:$I,6,0) -> #N/A | AM38: =_xlfn.XLOOKUP(C38,'[4]4-30'!$F:$F,'[4]4-30'!$S:$S) -> 备注
A39: =VLOOKUP(C39,'[1]青岛4 (2)'!$C:$D,2,0) -> #N/A | B39: DIPL03 | C39: 10880030334 | D39: 110001285756 | E39: 110001285756 | F39: 693-C23B7A-PC 0151800228CA | G39: 1016 | H39: 1016 | I39: =VLOOKUP(C39,'[2]IE model 海尔产品'!$A$1:$D$65536,4,0) -> 1*2 | J39: {=INDEX($A$2:$AF$2,MIN(IF(M39:AF39<>0,COLUMN(M39:AF39))))} -> 46142 | K39: =VLOOKUP(C39,'[2]IE model 海尔产品'!$A$1:$H$65536,8,0) -> 260 | L39: =VLOOKUP(C39,'[2]IE model 海尔产品'!$A$1:$I$65536,9,0) -> 41 | M39: 1016 | AG39: =SUM(M39:AF39) -> 1016 | AH39: =+H39-AG39 -> 0 | AI39: 备库 | AM39: =_xlfn.XLOOKUP(C39,'[4]4-30'!$F:$F,'[4]4-30'!$S:$S) -> #N/A
A40: =VLOOKUP(C40,'[1]青岛4 (2)'!$C:$D,2,0) -> #N/A | B40: DIPL03 | C40: 10880020640 | D40: 110001308381 | E40: 110001308381 | F40: 693-B2201M-PC 0011801424Z | G40: 1200 | H40: 1200 | I40: =VLOOKUP(C40,'[2]IE model 海尔产品'!$A$1:$D$65536,4,0) -> 1*2 | J40: {=INDEX($A$2:$AF$2,MIN(IF(M40:AF40<>0,COLUMN(M40:AF40))))} -> 46142 | K40: =VLOOKUP(C40,'[2]IE model 海尔产品'!$A$1:$H$65536,8,0) -> 330 | L40: =VLOOKUP(C40,'[2]IE model 海尔产品'!$A$1:$I$65536,9,0) -> 35 | M40: 1200 | AG40: =SUM(M40:AF40) -> 1200 | AH40: =+H40-AG40 -> 0 | AI40: 46150 | AM40: =_xlfn.XLOOKUP(C40,'[4]4-30'!$F:$F,'[4]4-30'!$S:$S) -> 在制1200--5/8入库
A41: =VLOOKUP(C41,'[1]青岛4 (2)'!$C:$D,2,0) -> #N/A | B41: DIPL03 | C41: 10880036299 | D41: 110001263567 | E41: 110001263567 | F41: 693-C2556A-D G0044 0031800517 | G41: 1400 | H41: 1400 | I41: =VLOOKUP(C41,'[2]IE model 海尔产品'!$A$1:$D$65536,4,0) -> 1*5 | J41: {=INDEX($A$2:$AF$2,MIN(IF(M41:AF41<>0,COLUMN(M41:AF41))))} -> 46146 | K41: =VLOOKUP(C41,'[2]IE model 海尔产品'!$A$1:$H$65536,8,0) -> 100 | L41: =VLOOKUP(C41,'[2]IE model 海尔产品'!$A$1:$I$65536,9,0) -> 28 | O41: 1200 | Q41: 200 | AG41: =SUM(M41:AF41) -> 1400 | AH41: =+H41-AG41 -> 0 | AI41: 5/6消耗掉--旧支架10270024553 | AM41: =_xlfn.XLOOKUP(C41,'[4]4-30'!$F:$F,'[4]4-30'!$S:$S) -> #N/A
B42: DIPL03 | C42: 10880037782 | D42: 880000120390 | E42: 880000120390 | F42: 693-C2556B-D G0044 0031800517A | G42: 200 | H42: 200 | I42: =VLOOKUP(C42,'[2]IE model 海尔产品'!$A$1:$D$65536,4,0) -> #N/A | J42: {=INDEX($A$2:$AF$2,MIN(IF(M42:AF42<>0,COLUMN(M42:AF42))))} -> 46147 | K42: =VLOOKUP(C42,'[2]IE model 海尔产品'!$A$1:$H$65536,8,0) -> #N/A | L42: =VLOOKUP(C42,'[2]IE model 海尔产品'!$A$1:$I$65536,9,0) -> #N/A | Q42: 200 | AG42: =SUM(M42:AF42) -> 200 | AH42: =+H42-AG42 -> 0 | AI42: 衍生新品，通知杨明跟线 | AM42: =_xlfn.XLOOKUP(C42,'[4]4-30'!$F:$F,'[4]4-30'!$S:$S) -> #N/A
B43: DIPL03 | C43: 10880034946 | D43: 110001311077 | E43: 110001311077 | F43: 500323-C2501A-PC 0011801843D | G43: 1000 | H43: 1000 | I43: =VLOOKUP(C43,'[2]IE model 海尔产品'!$A$1:$D$65536,4,0) -> 1*2 | J43: {=INDEX($A$2:$AF$2,MIN(IF(M43:AF43<>0,COLUMN(M43:AF43))))} -> #VALUE! | K43: =VLOOKUP(C43,'[2]IE model 海尔产品'!$A$1:$H$65536,8,0) -> 320 | L43: =VLOOKUP(C43,'[2]IE model 海尔产品'!$A$1:$I$65536,9,0) -> 36 | AG43: =SUM(M43:AF43) -> 0 | AH43: =+H43-AG43 -> 1000 | AI43: 46150 | AM43: =_xlfn.XLOOKUP(C43,'[4]4-30'!$F:$F,'[4]4-30'!$S:$S) -> 0
A44: =VLOOKUP(C44,'[1]青岛4 (2)'!$C:$D,2,0) -> #N/A | B44: DIPL03 | C44: 10880036299 | D44: 110001282642 | E44: 110001282642 | F44: 693-C2556A-D G0044 0031800517 | G44: 2600 | H44: 2600 | I44: =VLOOKUP(C44,'[2]IE model 海尔产品'!$A$1:$D$65536,4,0) -> 1*5 | J44: {=INDEX($A$2:$AF$2,MIN(IF(M44:AF44<>0,COLUMN(M44:AF44))))} -> #VALUE! | K44: =VLOOKUP(C44,'[2]IE model 海尔产品'!$A$1:$H$65536,8,0) -> 100 | L44: =VLOOKUP(C44,'[2]IE model 海尔产品'!$A$1:$I$65536,9,0) -> 28 | AG44: =SUM(M44:AF44) -> 0 | AH44: =+H44-AG44 -> 2600 | AI44: 46149 | AM44: =_xlfn.XLOOKUP(C44,'[4]4-30'!$F:$F,'[4]4-30'!$S:$S) -> #N/A
A45: =VLOOKUP(C45,'[1]青岛4 (2)'!$C:$D,2,0) -> #N/A | B45: 海尔DIPL03，拉长邢树理 | M45: =SUM(M39:M44) -> 2216 | N45: =SUM(N39:N44) -> 0 | O45: =SUM(O39:O44) -> 1200 | P45: =SUM(P39:P44) -> 0 | Q45: =SUM(Q39:Q44) -> 400 | R45: =SUM(R39:R44) -> 0 | S45: =SUM(S39:S44) -> 0 | T45: =SUM(T39:T44) -> 0 | ... AF45: =SUM(AF39:AF44) -> 0 | AJ45: =VLOOKUP(E45,[5]Data!$D:$D,1,0) -> #N/A | AK45: =VLOOKUP(AJ45,[5]Data!$D:$I,6,0) -> #N/A | AM45: =_xlfn.XLOOKUP(C45,'[4]4-30'!$F:$F,'[4]4-30'!$S:$S) -> 备注
A46: =VLOOKUP(C46,'[1]青岛4 (2)'!$C:$D,2,0) -> #N/A | B46: DIPL04 | C46: 10880038832 | D46: 110001311633 | E46: 110001311633 | F46: 2189-B2505AM G0020 20120050 | G46: 1500 | H46: 900 | I46: =VLOOKUP(C46,'[2]IE model 海尔产品'!$A$1:$D$65536,4,0) -> 1*3 | J46: {=INDEX($A$2:$AF$2,MIN(IF(M46:AF46<>0,COLUMN(M46:AF46))))} -> 46142 | K46: =VLOOKUP(C46,'[2]IE model 海尔产品'!$A$1:$H$65536,8,0) -> 200 | L46: =VLOOKUP(C46,'[2]IE model 海尔产品'!$A$1:$I$65536,9,0) -> 30 | M46: 900 | AG46: =SUM(M46:AF46) -> 900 | AH46: =+H46-AG46 -> 0 | AI46: 30号入库1500 | AM46: =_xlfn.XLOOKUP(C46,'[4]4-30'!$F:$F,'[4]4-30'!$S:$S) -> #N/A
A47: =VLOOKUP(C47,'[1]青岛4 (2)'!$C:$D,2,0) -> #N/A | B47: DIPL04 | C47: 10400034266 | D47: 110001311633 | E47: 110001311635 | F47: 2189-B2505AM-D 20120050 | G47: 1500 | H47: 900 | I47: =VLOOKUP(C47,'[2]IE model 海尔产品'!$A$1:$D$65536,4,0) -> #N/A | J47: {=INDEX($A$2:$AF$2,MIN(IF(M47:AF47<>0,COLUMN(M47:AF47))))} -> 46142 | K47: =VLOOKUP(C47,'[2]IE model 海尔产品'!$A$1:$H$65536,8,0) -> #N/A | L47: =VLOOKUP(C47,'[2]IE model 海尔产品'!$A$1:$I$65536,9,0) -> #N/A | M47: 900 | AG47: =SUM(M47:AF47) -> 900 | AH47: =+H47-AG47 -> 0 | AM47: =_xlfn.XLOOKUP(C47,'[4]4-30'!$F:$F,'[4]4-30'!$S:$S) -> #N/A
A48: =VLOOKUP(C48,'[1]青岛4 (2)'!$C:$D,2,0) -> #N/A | B48: DIPL04 | C48: 10880031096 | D48: 110001310945 | E48: 110001310945 | F48: 2006-C2301B-PC 888001414 | G48: 2000 | H48: 2000 | I48: =VLOOKUP(C48,'[2]IE model 海尔产品'!$A$1:$D$65536,4,0) -> 1*10 | J48: {=INDEX($A$2:$AF$2,MIN(IF(M48:AF48<>0,COLUMN(M48:AF48))))} -> 46142 | K48: =VLOOKUP(C48,'[2]IE model 海尔产品'!$A$1:$H$65536,8,0) -> 360 | L48: =VLOOKUP(C48,'[2]IE model 海尔产品'!$A$1:$I$65536,9,0) -> 30 | M48: 2000 | AG48: =SUM(M48:AF48) -> 2000 | AH48: =+H48-AG48 -> 0 | AI48: 备库 | AM48: =_xlfn.XLOOKUP(C48,'[4]4-30'!$F:$F,'[4]4-30'!$S:$S) -> #N/A
B49: 旋钮板 | C49: 10400033234 | D49: 110001311629 | E49: 110001311630 | F49: 2189-B2505A-KN 2489739 | G49: 1800 | H49: 1800 | I49: =VLOOKUP(C49,'[2]IE model 海尔产品'!$A$1:$D$65536,4,0) -> #N/A | J49: {=INDEX($A$2:$AF$2,MIN(IF(M49:AF49<>0,COLUMN(M49:AF49))))} -> 46142 | K49: =VLOOKUP(C49,'[2]IE model 海尔产品'!$A$1:$H$65536,8,0) -> #N/A | L49: =VLOOKUP(C49,'[2]IE model 海尔产品'!$A$1:$I$65536,9,0) -> #N/A | M49: 1800 | AG49: =SUM(M49:AF49) -> 1800 | AH49: =+H49-AG49 -> 0 | AM49: =_xlfn.XLOOKUP(C49,'[4]4-30'!$F:$F,'[4]4-30'!$S:$S) -> #N/A
B50: 旋钮板 | C50: 10400033234 | D50: 110001292399 | E50: 110001292401 | F50: 2189-B2505A-KN 2489739 | G50: 1600 | H50: 1600 | I50: =VLOOKUP(C50,'[2]IE model 海尔产品'!$A$1:$D$65536,4,0) -> #N/A | J50: {=INDEX($A$2:$AF$2,MIN(IF(M50:AF50<>0,COLUMN(M50:AF50))))} -> 46142 | K50: =VLOOKUP(C50,'[2]IE model 海尔产品'!$A$1:$H$65536,8,0) -> #N/A | L50: =VLOOKUP(C50,'[2]IE model 海尔产品'!$A$1:$I$65536,9,0) -> #N/A | M50: 1600 | AG50: =SUM(M50:AF50) -> 1600 | AH50: =+H50-AG50 -> 0 | AM50: =_xlfn.XLOOKUP(C50,'[4]4-30'!$F:$F,'[4]4-30'!$S:$S) -> #N/A
B51: 旋钮板 | C51: 10400033234 | D51: 110001292671 | E51: 110001292672 | F51: 2189-B2505A-KN 2489739 | G51: 2000 | H51: 2000 | I51: =VLOOKUP(C51,'[2]IE model 海尔产品'!$A$1:$D$65536,4,0) -> #N/A | J51: {=INDEX($A$2:$AF$2,MIN(IF(M51:AF51<>0,COLUMN(M51:AF51))))} -> 46146 | K51: =VLOOKUP(C51,'[2]IE model 海尔产品'!$A$1:$H$65536,8,0) -> #N/A | L51: =VLOOKUP(C51,'[2]IE model 海尔产品'!$A$1:$I$65536,9,0) -> #N/A | O51: 2000 | AG51: =SUM(M51:AF51) -> 2000 | AH51: =+H51-AG51 -> 0 | AM51: =_xlfn.XLOOKUP(C51,'[4]4-30'!$F:$F,'[4]4-30'!$S:$S) -> #N/A
B52: 旋钮板 | C52: 10400033234 | D52: 110001299891 | E52: 110001299893 | F52: 2189-B2505A-KN 2489739 | G52: 1500 | H52: 1500 | I52: =VLOOKUP(C52,'[2]IE model 海尔产品'!$A$1:$D$65536,4,0) -> #N/A | J52: {=INDEX($A$2:$AF$2,MIN(IF(M52:AF52<>0,COLUMN(M52:AF52))))} -> 46146 | K52: =VLOOKUP(C52,'[2]IE model 海尔产品'!$A$1:$H$65536,8,0) -> #N/A | L52: =VLOOKUP(C52,'[2]IE model 海尔产品'!$A$1:$I$65536,9,0) -> #N/A | O52: 1500 | AG52: =SUM(M52:AF52) -> 1500 | AH52: =+H52-AG52 -> 0 | AM52: =_xlfn.XLOOKUP(C52,'[4]4-30'!$F:$F,'[4]4-30'!$S:$S) -> #N/A
B53: DIPL04 | C53: 10880037022 | D53: 110001299891 | E53: 110001299891 | F53: 2189-B2505F G0020 20107993 | G53: 1500 | H53: 1500 | I53: =VLOOKUP(C53,'[2]IE model 海尔产品'!$A$1:$D$65536,4,0) -> 1*3 | J53: {=INDEX($A$2:$AF$2,MIN(IF(M53:AF53<>0,COLUMN(M53:AF53))))} -> 46146 | K53: =VLOOKUP(C53,'[2]IE model 海尔产品'!$A$1:$H$65536,8,0) -> 480 | L53: =VLOOKUP(C53,'[2]IE model 海尔产品'!$A$1:$I$65536,9,0) -> 43 | P53: 1500 | AG53: =SUM(M53:AF53) -> 1500 | AH53: =+H53-AG53 -> 0 | AI53: 5号入库 | AM53: =_xlfn.XLOOKUP(C53,'[4]4-30'!$F:$F,'[4]4-30'!$S:$S) -> #N/A
B54: DIPL04 | C54: 10400031867 | D54: 110001299891 | E54: 110001299892 | F54: 2189-B2505F-D 20107993 | G54: 1500 | H54: 1500 | I54: =VLOOKUP(C54,'[2]IE model 海尔产品'!$A$1:$D$65536,4,0) -> #N/A | J54: {=INDEX($A$2:$AF$2,MIN(IF(M54:AF54<>0,COLUMN(M54:AF54))))} -> 46146 | K54: =VLOOKUP(C54,'[2]IE model 海尔产品'!$A$1:$H$65536,8,0) -> #N/A | L54: =VLOOKUP(C54,'[2]IE model 海尔产品'!$A$1:$I$65536,9,0) -> #N/A | P54: 1500 | AG54: =SUM(M54:AF54) -> 1500 | AH54: =+H54-AG54 -> 0 | AM54: =_xlfn.XLOOKUP(C54,'[4]4-30'!$F:$F,'[4]4-30'!$S:$S) -> #N/A
A55: =VLOOKUP(C55,'[1]青岛4 (2)'!$C:$D,2,0) -> #N/A | B55: 旋钮板 | C55: 10400033234 | D55: 110001292501 | E55: 110001292503 | F55: 2189-B2505A-KN 2489739 | G55: 2001 | H55: 2001 | I55: =VLOOKUP(C55,'[2]IE model 海尔产品'!$A$1:$D$65536,4,0) -> #N/A | J55: {=INDEX($A$2:$AF$2,MIN(IF(M55:AF55<>0,COLUMN(M55:AF55))))} -> 46146 | K55: =VLOOKUP(C55,'[2]IE model 海尔产品'!$A$1:$H$65536,8,0) -> #N/A | L55: =VLOOKUP(C55,'[2]IE model 海尔产品'!$A$1:$I$65536,9,0) -> #N/A | P55: 2001 | AG55: =SUM(M55:AF55) -> 2001 | AH55: =+H55-AG55 -> 0 | AM55: =_xlfn.XLOOKUP(C55,'[4]4-30'!$F:$F,'[4]4-30'!$S:$S) -> #N/A
B56: 旋钮板 | C56: 10400033234 | D56: 110001294940 | E56: 110001294962 | F56: 2189-B2505A-KN 2489739 | G56: 1800 | H56: 1800 | I56: =VLOOKUP(C56,'[2]IE model 海尔产品'!$A$1:$D$65536,4,0) -> #N/A | J56: {=INDEX($A$2:$AF$2,MIN(IF(M56:AF56<>0,COLUMN(M56:AF56))))} -> 46147 | K56: =VLOOKUP(C56,'[2]IE model 海尔产品'!$A$1:$H$65536,8,0) -> #N/A | L56: =VLOOKUP(C56,'[2]IE model 海尔产品'!$A$1:$I$65536,9,0) -> #N/A | Q56: 1800 | AG56: =SUM(M56:AF56) -> 1800 | AH56: =+H56-AG56 -> 0 | AM56: =_xlfn.XLOOKUP(C56,'[4]4-30'!$F:$F,'[4]4-30'!$S:$S) -> #N/A
B57: 旋钮板 | C57: 10400033234 | D57: 110001315161 | E57: 110001315163 | F57: 2189-B2505A-KN 2489739 | G57: 310 | H57: 310 | I57: =VLOOKUP(C57,'[2]IE model 海尔产品'!$A$1:$D$65536,4,0) -> #N/A | J57: {=INDEX($A$2:$AF$2,MIN(IF(M57:AF57<>0,COLUMN(M57:AF57))))} -> 46147 | K57: =VLOOKUP(C57,'[2]IE model 海尔产品'!$A$1:$H$65536,8,0) -> #N/A | L57: =VLOOKUP(C57,'[2]IE model 海尔产品'!$A$1:$I$65536,9,0) -> #N/A | Q57: 310 | AG57: =SUM(M57:AF57) -> 310 | AH57: =+H57-AG57 -> 0 | AM57: =_xlfn.XLOOKUP(C57,'[4]4-30'!$F:$F,'[4]4-30'!$S:$S) -> #N/A
B58: 旋钮板 | C58: 10400033234 | D58: 880000121535 | E58: 880000121536 | F58: 2189-B2505A-KN 2489739 | G58: 250 | H58: 250 | I58: =VLOOKUP(C58,'[2]IE model 海尔产品'!$A$1:$D$65536,4,0) -> #N/A | J58: {=INDEX($A$2:$AF$2,MIN(IF(M58:AF58<>0,COLUMN(M58:AF58))))} -> 46147 | K58: =VLOOKUP(C58,'[2]IE model 海尔产品'!$A$1:$H$65536,8,0) -> #N/A | L58: =VLOOKUP(C58,'[2]IE model 海尔产品'!$A$1:$I$65536,9,0) -> #N/A | Q58: 250 | AG58: =SUM(M58:AF58) -> 250 | AH58: =+H58-AG58 -> 0 | AM58: =_xlfn.XLOOKUP(C58,'[4]4-30'!$F:$F,'[4]4-30'!$S:$S) -> #N/A
B59: 旋钮板 | C59: 10400033234 | D59: 110001290452 | E59: 110001290453 | F59: 2189-B2505A-KN 2489739 | G59: 2400 | H59: 2400 | I59: =VLOOKUP(C59,'[2]IE model 海尔产品'!$A$1:$D$65536,4,0) -> #N/A | J59: {=INDEX($A$2:$AF$2,MIN(IF(M59:AF59<>0,COLUMN(M59:AF59))))} -> 46147 | K59: =VLOOKUP(C59,'[2]IE model 海尔产品'!$A$1:$H$65536,8,0) -> #N/A | L59: =VLOOKUP(C59,'[2]IE model 海尔产品'!$A$1:$I$65536,9,0) -> #N/A | Q59: 2400 | AG59: =SUM(M59:AF59) -> 2400 | AH59: =+H59-AG59 -> 0 | AM59: =_xlfn.XLOOKUP(C59,'[4]4-30'!$F:$F,'[4]4-30'!$S:$S) -> #N/A
B60: 旋钮板 | C60: 10400033234 | D60: 110001311533 | E60: 110001311534 | F60: 2189-B2505A-KN 2489739 | G60: 250 | H60: 250 | I60: =VLOOKUP(C60,'[2]IE model 海尔产品'!$A$1:$D$65536,4,0) -> #N/A | J60: {=INDEX($A$2:$AF$2,MIN(IF(M60:AF60<>0,COLUMN(M60:AF60))))} -> 46147 | K60: =VLOOKUP(C60,'[2]IE model 海尔产品'!$A$1:$H$65536,8,0) -> #N/A | L60: =VLOOKUP(C60,'[2]IE model 海尔产品'!$A$1:$I$65536,9,0) -> #N/A | Q60: 250 | AG60: =SUM(M60:AF60) -> 250 | AH60: =+H60-AG60 -> 0 | AM60: =_xlfn.XLOOKUP(C60,'[4]4-30'!$F:$F,'[4]4-30'!$S:$S) -> #N/A
B61: DIPL04 | C61: 10880038727 | D61: 880000121535 | E61: 880000121535 | F61: 2189-B2507R G0020 20127549 | G61: 250 | H61: 250 | I61: =VLOOKUP(C61,'[2]IE model 海尔产品'!$A$1:$D$65536,4,0) -> 1*3 | J61: {=INDEX($A$2:$AF$2,MIN(IF(M61:AF61<>0,COLUMN(M61:AF61))))} -> 46147 | K61: =VLOOKUP(C61,'[2]IE model 海尔产品'!$A$1:$H$65536,8,0) -> 480 | L61: =VLOOKUP(C61,'[2]IE model 海尔产品'!$A$1:$I$65536,9,0) -> 43 | Q61: 250 | AG61: =SUM(M61:AF61) -> 250 | AH61: =+H61-AG61 -> 0 | AI61: 衍生新品，通知王志法跟线 | AM61: =_xlfn.XLOOKUP(C61,'[4]4-30'!$F:$F,'[4]4-30'!$S:$S) -> #N/A
B62: DIPL04 | C62: 10400034094 | D62: 880000121535 | E62: 880000121537 | F62: 2189-B2507R-D 20127549 | G62: 250 | H62: 250 | I62: =VLOOKUP(C62,'[2]IE model 海尔产品'!$A$1:$D$65536,4,0) -> #N/A | J62: {=INDEX($A$2:$AF$2,MIN(IF(M62:AF62<>0,COLUMN(M62:AF62))))} -> 46147 | K62: =VLOOKUP(C62,'[2]IE model 海尔产品'!$A$1:$H$65536,8,0) -> #N/A | L62: =VLOOKUP(C62,'[2]IE model 海尔产品'!$A$1:$I$65536,9,0) -> #N/A | Q62: 250 | AG62: =SUM(M62:AF62) -> 250 | AH62: =+H62-AG62 -> 0 | AM62: =_xlfn.XLOOKUP(C62,'[4]4-30'!$F:$F,'[4]4-30'!$S:$S) -> #N/A
B63: DIPL04 | C63: 10880037297 | D63: 110001296308 | E63: 110001296308 | F63: 2189-B2505I G0020 20126172 | G63: 400 | H63: 400 | I63: =VLOOKUP(C63,'[2]IE model 海尔产品'!$A$1:$D$65536,4,0) -> 1*3 | J63: {=INDEX($A$2:$AF$2,MIN(IF(M63:AF63<>0,COLUMN(M63:AF63))))} -> 46147 | K63: =VLOOKUP(C63,'[2]IE model 海尔产品'!$A$1:$H$65536,8,0) -> 480 | L63: =VLOOKUP(C63,'[2]IE model 海尔产品'!$A$1:$I$65536,9,0) -> 43 | Q63: 400 | AG63: =SUM(M63:AF63) -> 400 | AH63: =+H63-AG63 -> 0 | AI63: 5号入库 | AM63: =_xlfn.XLOOKUP(C63,'[4]4-30'!$F:$F,'[4]4-30'!$S:$S) -> #N/A
B64: DIPL04 | C64: 10400032222 | D64: 110001296308 | E64: 110001296309 | F64: 2189-B2505I-D 20126172 | G64: 400 | H64: 400 | I64: =VLOOKUP(C64,'[2]IE model 海尔产品'!$A$1:$D$65536,4,0) -> #N/A | J64: {=INDEX($A$2:$AF$2,MIN(IF(M64:AF64<>0,COLUMN(M64:AF64))))} -> 46147 | K64: =VLOOKUP(C64,'[2]IE model 海尔产品'!$A$1:$H$65536,8,0) -> #N/A | L64: =VLOOKUP(C64,'[2]IE model 海尔产品'!$A$1:$I$65536,9,0) -> #N/A | Q64: 400 | AG64: =SUM(M64:AF64) -> 400 | AH64: =+H64-AG64 -> 0 | AM64: =_xlfn.XLOOKUP(C64,'[4]4-30'!$F:$F,'[4]4-30'!$S:$S) -> #N/A
B65: DIPL04 | C65: 10880036364 | D65: 110001315161 | E65: 110001315161 | F65: 2189-B2505B G0020 2504028 | G65: 310 | H65: 310 | I65: =VLOOKUP(C65,'[2]IE model 海尔产品'!$A$1:$D$65536,4,0) -> 1*3 | J65: {=INDEX($A$2:$AF$2,MIN(IF(M65:AF65<>0,COLUMN(M65:AF65))))} -> 46147 | K65: =VLOOKUP(C65,'[2]IE model 海尔产品'!$A$1:$H$65536,8,0) -> 480 | L65: =VLOOKUP(C65,'[2]IE model 海尔产品'!$A$1:$I$65536,9,0) -> 43 | Q65: 310 | AG65: =SUM(M65:AF65) -> 310 | AH65: =+H65-AG65 -> 0 | AI65: 5号入库 | AM65: =_xlfn.XLOOKUP(C65,'[4]4-30'!$F:$F,'[4]4-30'!$S:$S) -> #N/A
B66: DIPL04 | C66: 10400030956 | D66: 110001315161 | E66: 110001315162 | F66: 2189-B2505B-D 2504028 | G66: 310 | H66: 310 | I66: =VLOOKUP(C66,'[2]IE model 海尔产品'!$A$1:$D$65536,4,0) -> #N/A | J66: {=INDEX($A$2:$AF$2,MIN(IF(M66:AF66<>0,COLUMN(M66:AF66))))} -> 46147 | K66: =VLOOKUP(C66,'[2]IE model 海尔产品'!$A$1:$H$65536,8,0) -> #N/A | L66: =VLOOKUP(C66,'[2]IE model 海尔产品'!$A$1:$I$65536,9,0) -> #N/A | Q66: 310 | AG66: =SUM(M66:AF66) -> 310 | AH66: =+H66-AG66 -> 0 | AM66: =_xlfn.XLOOKUP(C66,'[4]4-30'!$F:$F,'[4]4-30'!$S:$S) -> #N/A
B67: DIPL04 | C67: 10880038445 | D67: 110001294980 | E67: 110001294980 | F67: 2189-B2507F G0020 20224797 | G67: 1000 | H67: 1000 | I67: =VLOOKUP(C67,'[2]IE model 海尔产品'!$A$1:$D$65536,4,0) -> 1*3 | J67: {=INDEX($A$2:$AF$2,MIN(IF(M67:AF67<>0,COLUMN(M67:AF67))))} -> 46147 | K67: =VLOOKUP(C67,'[2]IE model 海尔产品'!$A$1:$H$65536,8,0) -> 480 | L67: =VLOOKUP(C67,'[2]IE model 海尔产品'!$A$1:$I$65536,9,0) -> 43 | Q67: 1000 | AG67: =SUM(M67:AF67) -> 1000 | AH67: =+H67-AG67 -> 0 | AI67: 5号晚上入库 | AM67: =_xlfn.XLOOKUP(C67,'[4]4-30'!$F:$F,'[4]4-30'!$S:$S) -> #N/A
B68: DIPL04 | C68: 10880038833 | D68: 110001311645 | E68: 110001311645 | F68: 2189-B2505AL G0020 20120049 | G68: 750 | H68: 750 | I68: =VLOOKUP(C68,'[2]IE model 海尔产品'!$A$1:$D$65536,4,0) -> 1*3 | J68: {=INDEX($A$2:$AF$2,MIN(IF(M68:AF68<>0,COLUMN(M68:AF68))))} -> 46148 | K68: =VLOOKUP(C68,'[2]IE model 海尔产品'!$A$1:$H$65536,8,0) -> 200 | L68: =VLOOKUP(C68,'[2]IE model 海尔产品'!$A$1:$I$65536,9,0) -> 30 | S68: 750 | AG68: =SUM(M68:AF68) -> 750 | AH68: =+H68-AG68 -> 0 | AI68: 7号入库 | AM68: =_xlfn.XLOOKUP(C68,'[4]4-30'!$F:$F,'[4]4-30'!$S:$S) -> #N/A
B69: DIPL04 | C69: 10400034268 | D69: 110001311645 | E69: 110001311647 | F69: 2189-B2505AL-D 20120049 | G69: 750 | H69: 750 | I69: =VLOOKUP(C69,'[2]IE model 海尔产品'!$A$1:$D$65536,4,0) -> #N/A | J69: {=INDEX($A$2:$AF$2,MIN(IF(M69:AF69<>0,COLUMN(M69:AF69))))} -> 46148 | K69: =VLOOKUP(C69,'[2]IE model 海尔产品'!$A$1:$H$65536,8,0) -> #N/A | L69: =VLOOKUP(C69,'[2]IE model 海尔产品'!$A$1:$I$65536,9,0) -> #N/A | S69: 750 | AG69: =SUM(M69:AF69) -> 750 | AH69: =+H69-AG69 -> 0 | AM69: =_xlfn.XLOOKUP(C69,'[4]4-30'!$F:$F,'[4]4-30'!$S:$S) -> #N/A
B70: 旋钮板 | C70: 10400033234 | D70: 110001292573 | E70: 110001292574 | F70: 2189-B2505A-KN 2489739 | G70: 800 | H70: 800 | I70: =VLOOKUP(C70,'[2]IE model 海尔产品'!$A$1:$D$65536,4,0) -> #N/A | J70: {=INDEX($A$2:$AF$2,MIN(IF(M70:AF70<>0,COLUMN(M70:AF70))))} -> 46148 | K70: =VLOOKUP(C70,'[2]IE model 海尔产品'!$A$1:$H$65536,8,0) -> #N/A | L70: =VLOOKUP(C70,'[2]IE model 海尔产品'!$A$1:$I$65536,9,0) -> #N/A | T70: 800 | AG70: =SUM(M70:AF70) -> 800 | AH70: =+H70-AG70 -> 0 | AM70: =_xlfn.XLOOKUP(C70,'[4]4-30'!$F:$F,'[4]4-30'!$S:$S) -> #N/A
B71: 旋钮板 | C71: 10400033234 | D71: 110001292589 | E71: 110001292590 | F71: 2189-B2505A-KN 2489739 | G71: 500 | H71: 500 | I71: =VLOOKUP(C71,'[2]IE model 海尔产品'!$A$1:$D$65536,4,0) -> #N/A | J71: {=INDEX($A$2:$AF$2,MIN(IF(M71:AF71<>0,COLUMN(M71:AF71))))} -> 46148 | K71: =VLOOKUP(C71,'[2]IE model 海尔产品'!$A$1:$H$65536,8,0) -> #N/A | L71: =VLOOKUP(C71,'[2]IE model 海尔产品'!$A$1:$I$65536,9,0) -> #N/A | T71: 500 | AG71: =SUM(M71:AF71) -> 500 | AH71: =+H71-AG71 -> 0 | AM71: =_xlfn.XLOOKUP(C71,'[4]4-30'!$F:$F,'[4]4-30'!$S:$S) -> #N/A
B72: 旋钮板 | C72: 10400033234 | D72: 110001292473 | E72: 110001292475 | F72: 2189-B2505A-KN 2489739 | G72: 1000 | H72: 1000 | I72: =VLOOKUP(C72,'[2]IE model 海尔产品'!$A$1:$D$65536,4,0) -> #N/A | J72: {=INDEX($A$2:$AF$2,MIN(IF(M72:AF72<>0,COLUMN(M72:AF72))))} -> 46148 | K72: =VLOOKUP(C72,'[2]IE model 海尔产品'!$A$1:$H$65536,8,0) -> #N/A | L72: =VLOOKUP(C72,'[2]IE model 海尔产品'!$A$1:$I$65536,9,0) -> #N/A | T72: 1000 | AG72: =SUM(M72:AF72) -> 1000 | AH72: =+H72-AG72 -> 0 | AM72: =_xlfn.XLOOKUP(C72,'[4]4-30'!$F:$F,'[4]4-30'!$S:$S) -> #N/A
B73: 旋钮板 | C73: 10400033234 | D73: 110001292553 | E73: 110001292554 | F73: 2189-B2505A-KN 2489739 | G73: 700 | H73: 700 | I73: =VLOOKUP(C73,'[2]IE model 海尔产品'!$A$1:$D$65536,4,0) -> #N/A | J73: {=INDEX($A$2:$AF$2,MIN(IF(M73:AF73<>0,COLUMN(M73:AF73))))} -> 46148 | K73: =VLOOKUP(C73,'[2]IE model 海尔产品'!$A$1:$H$65536,8,0) -> #N/A | L73: =VLOOKUP(C73,'[2]IE model 海尔产品'!$A$1:$I$65536,9,0) -> #N/A | T73: 700 | AG73: =SUM(M73:AF73) -> 700 | AH73: =+H73-AG73 -> 0 | AM73: =_xlfn.XLOOKUP(C73,'[4]4-30'!$F:$F,'[4]4-30'!$S:$S) -> #N/A
B74: 旋钮板 | C74: 10400033234 | D74: 110001303185 | E74: 110001303186 | F74: 2189-B2505A-KN 2489739 | G74: 300 | H74: 300 | I74: =VLOOKUP(C74,'[2]IE model 海尔产品'!$A$1:$D$65536,4,0) -> #N/A | J74: {=INDEX($A$2:$AF$2,MIN(IF(M74:AF74<>0,COLUMN(M74:AF74))))} -> 46148 | K74: =VLOOKUP(C74,'[2]IE model 海尔产品'!$A$1:$H$65536,8,0) -> #N/A | L74: =VLOOKUP(C74,'[2]IE model 海尔产品'!$A$1:$I$65536,9,0) -> #N/A | T74: 300 | AG74: =SUM(M74:AF74) -> 300 | AH74: =+H74-AG74 -> 0 | AM74: =_xlfn.XLOOKUP(C74,'[4]4-30'!$F:$F,'[4]4-30'!$S:$S) -> #N/A
B75: 旋钮板 | C75: 10400033234 | D75: 110001303065 | E75: 110001303067 | F75: 2189-B2505A-KN 2489739 | G75: 2000 | H75: 2000 | I75: =VLOOKUP(C75,'[2]IE model 海尔产品'!$A$1:$D$65536,4,0) -> #N/A | J75: {=INDEX($A$2:$AF$2,MIN(IF(M75:AF75<>0,COLUMN(M75:AF75))))} -> 46148 | K75: =VLOOKUP(C75,'[2]IE model 海尔产品'!$A$1:$H$65536,8,0) -> #N/A | L75: =VLOOKUP(C75,'[2]IE model 海尔产品'!$A$1:$I$65536,9,0) -> #N/A | T75: 2000 | AG75: =SUM(M75:AF75) -> 2000 | AH75: =+H75-AG75 -> 0 | AM75: =_xlfn.XLOOKUP(C75,'[4]4-30'!$F:$F,'[4]4-30'!$S:$S) -> #N/A
B76: DIPL04 | C76: 10880037688 | D76: 110001299933 | E76: 110001299933 | F76: 2189-B2507C G0020 20135510 | G76: 2000 | H76: 2000 | I76: =VLOOKUP(C76,'[2]IE model 海尔产品'!$A$1:$D$65536,4,0) -> 1*3 | J76: {=INDEX($A$2:$AF$2,MIN(IF(M76:AF76<>0,COLUMN(M76:AF76))))} -> 46148 | K76: =VLOOKUP(C76,'[2]IE model 海尔产品'!$A$1:$H$65536,8,0) -> 480 | L76: =VLOOKUP(C76,'[2]IE model 海尔产品'!$A$1:$I$65536,9,0) -> 43 | T76: 2000 | AG76: =SUM(M76:AF76) -> 2000 | AH76: =+H76-AG76 -> 0 | AI76: 7号入库 | AM76: =_xlfn.XLOOKUP(C76,'[4]4-30'!$F:$F,'[4]4-30'!$S:$S) -> #N/A
B77: DIPL04 | C77: 10400032759 | D77: 110001299933 | E77: 110001299934 | F77: 2189-B2507C-D 20135510 | G77: 2000 | H77: 2000 | I77: =VLOOKUP(C77,'[2]IE model 海尔产品'!$A$1:$D$65536,4,0) -> #N/A | J77: {=INDEX($A$2:$AF$2,MIN(IF(M77:AF77<>0,COLUMN(M77:AF77))))} -> 46148 | K77: =VLOOKUP(C77,'[2]IE model 海尔产品'!$A$1:$H$65536,8,0) -> #N/A | L77: =VLOOKUP(C77,'[2]IE model 海尔产品'!$A$1:$I$65536,9,0) -> #N/A | T77: 2000 | AG77: =SUM(M77:AF77) -> 2000 | AH77: =+H77-AG77 -> 0 | AM77: =_xlfn.XLOOKUP(C77,'[4]4-30'!$F:$F,'[4]4-30'!$S:$S) -> #N/A
B78: DIPL04 | C78: 10880038443 | D78: 110001292553 | E78: 110001292553 | F78: 2189-B2507I G0020 20224800 | G78: 700 | H78: 700 | I78: =VLOOKUP(C78,'[2]IE model 海尔产品'!$A$1:$D$65536,4,0) -> 1*3 | J78: {=INDEX($A$2:$AF$2,MIN(IF(M78:AF78<>0,COLUMN(M78:AF78))))} -> 46148 | K78: =VLOOKUP(C78,'[2]IE model 海尔产品'!$A$1:$H$65536,8,0) -> 480 | L78: =VLOOKUP(C78,'[2]IE model 海尔产品'!$A$1:$I$65536,9,0) -> 43 | T78: 700 | AG78: =SUM(M78:AF78) -> 700 | AH78: =+H78-AG78 -> 0 | AI78: 7号入库 | AM78: =_xlfn.XLOOKUP(C78,'[4]4-30'!$F:$F,'[4]4-30'!$S:$S) -> #N/A
B79: DIPL04 | C79: 10400033745 | D79: 110001292553 | E79: 110001292555 | F79: 2189-B2507I-D 20224800 | G79: 700 | H79: 700 | I79: =VLOOKUP(C79,'[2]IE model 海尔产品'!$A$1:$D$65536,4,0) -> #N/A | J79: {=INDEX($A$2:$AF$2,MIN(IF(M79:AF79<>0,COLUMN(M79:AF79))))} -> 46148 | K79: =VLOOKUP(C79,'[2]IE model 海尔产品'!$A$1:$H$65536,8,0) -> #N/A | L79: =VLOOKUP(C79,'[2]IE model 海尔产品'!$A$1:$I$65536,9,0) -> #N/A | T79: 700 | AG79: =SUM(M79:AF79) -> 700 | AH79: =+H79-AG79 -> 0 | AM79: =_xlfn.XLOOKUP(C79,'[4]4-30'!$F:$F,'[4]4-30'!$S:$S) -> #N/A
B80: DIPL04 | C80: 10880038444 | D80: 110001303185 | E80: 110001303185 | F80: 2189-B2507J G0020 20224801 | G80: 300 | H80: 300 | I80: =VLOOKUP(C80,'[2]IE model 海尔产品'!$A$1:$D$65536,4,0) -> 1*3 | J80: {=INDEX($A$2:$AF$2,MIN(IF(M80:AF80<>0,COLUMN(M80:AF80))))} -> 46148 | K80: =VLOOKUP(C80,'[2]IE model 海尔产品'!$A$1:$H$65536,8,0) -> 480 | L80: =VLOOKUP(C80,'[2]IE model 海尔产品'!$A$1:$I$65536,9,0) -> 43 | T80: 300 | AG80: =SUM(M80:AF80) -> 300 | AH80: =+H80-AG80 -> 0 | AI80: 7号入库 | AM80: =_xlfn.XLOOKUP(C80,'[4]4-30'!$F:$F,'[4]4-30'!$S:$S) -> #N/A
B81: DIPL04 | C81: 10400033747 | D81: 110001303185 | E81: 110001303187 | F81: 2189-B2507J-D 20224801 | G81: 300 | H81: 300 | I81: =VLOOKUP(C81,'[2]IE model 海尔产品'!$A$1:$D$65536,4,0) -> #N/A | J81: {=INDEX($A$2:$AF$2,MIN(IF(M81:AF81<>0,COLUMN(M81:AF81))))} -> 46148 | K81: =VLOOKUP(C81,'[2]IE model 海尔产品'!$A$1:$H$65536,8,0) -> #N/A | L81: =VLOOKUP(C81,'[2]IE model 海尔产品'!$A$1:$I$65536,9,0) -> #N/A | T81: 300 | AG81: =SUM(M81:AF81) -> 300 | AH81: =+H81-AG81 -> 0 | AM81: =_xlfn.XLOOKUP(C81,'[4]4-30'!$F:$F,'[4]4-30'!$S:$S) -> #N/A
B82: DIPL04 | C82: 10880038598 | D82: 110001292573 | E82: 110001292573 | F82: 2189-B2505AH G0020 2504046 | G82: 800 | H82: 800 | I82: =VLOOKUP(C82,'[2]IE model 海尔产品'!$A$1:$D$65536,4,0) -> 1*3 | J82: {=INDEX($A$2:$AF$2,MIN(IF(M82:AF82<>0,COLUMN(M82:AF82))))} -> 46149 | K82: =VLOOKUP(C82,'[2]IE model 海尔产品'!$A$1:$H$65536,8,0) -> 240 | L82: =VLOOKUP(C82,'[2]IE model 海尔产品'!$A$1:$I$65536,9,0) -> 33 | U82: 800 | AG82: =SUM(M82:AF82) -> 800 | AH82: =+H82-AG82 -> 0 | AI82: 7号入库 | AM82: =_xlfn.XLOOKUP(C82,'[4]4-30'!$F:$F,'[4]4-30'!$S:$S) -> #N/A
B83: DIPL04 | C83: 10400033935 | D83: 110001292573 | E83: 110001292575 | F83: 2189-B2505AH-D 2504046 | G83: 800 | H83: 800 | I83: =VLOOKUP(C83,'[2]IE model 海尔产品'!$A$1:$D$65536,4,0) -> #N/A | J83: {=INDEX($A$2:$AF$2,MIN(IF(M83:AF83<>0,COLUMN(M83:AF83))))} -> 46149 | K83: =VLOOKUP(C83,'[2]IE model 海尔产品'!$A$1:$H$65536,8,0) -> #N/A | L83: =VLOOKUP(C83,'[2]IE model 海尔产品'!$A$1:$I$65536,9,0) -> #N/A | U83: 800 | AG83: =SUM(M83:AF83) -> 800 | AH83: =+H83-AG83 -> 0 | AM83: =_xlfn.XLOOKUP(C83,'[4]4-30'!$F:$F,'[4]4-30'!$S:$S) -> #N/A
B84: DIPL04 | C84: 10880038600 | D84: 110001292589 | E84: 110001292589 | F84: 2189-B2505AI G0020 2504047 | G84: 500 | H84: 500 | I84: =VLOOKUP(C84,'[2]IE model 海尔产品'!$A$1:$D$65536,4,0) -> 1*3 | J84: {=INDEX($A$2:$AF$2,MIN(IF(M84:AF84<>0,COLUMN(M84:AF84))))} -> 46149 | K84: =VLOOKUP(C84,'[2]IE model 海尔产品'!$A$1:$H$65536,8,0) -> 240 | L84: =VLOOKUP(C84,'[2]IE model 海尔产品'!$A$1:$I$65536,9,0) -> 33 | U84: 500 | AG84: =SUM(M84:AF84) -> 500 | AH84: =+H84-AG84 -> 0 | AI84: 7号入库 | AM84: =_xlfn.XLOOKUP(C84,'[4]4-30'!$F:$F,'[4]4-30'!$S:$S) -> #N/A
B85: DIPL04 | C85: 10400033939 | D85: 110001292589 | E85: 110001292591 | F85: 2189-B2505AI-D 2504047 | G85: 500 | H85: 500 | I85: =VLOOKUP(C85,'[2]IE model 海尔产品'!$A$1:$D$65536,4,0) -> #N/A | J85: {=INDEX($A$2:$AF$2,MIN(IF(M85:AF85<>0,COLUMN(M85:AF85))))} -> 46149 | K85: =VLOOKUP(C85,'[2]IE model 海尔产品'!$A$1:$H$65536,8,0) -> #N/A | L85: =VLOOKUP(C85,'[2]IE model 海尔产品'!$A$1:$I$65536,9,0) -> #N/A | U85: 500 | AG85: =SUM(M85:AF85) -> 500 | AH85: =+H85-AG85 -> 0 | AM85: =_xlfn.XLOOKUP(C85,'[4]4-30'!$F:$F,'[4]4-30'!$S:$S) -> #N/A
B86: DIPL04 | C86: 10880037661 | D86: 110001292473 | E86: 110001292473 | F86: 2189-B2505M G0020 20159286 | G86: 1000 | H86: 1000 | I86: =VLOOKUP(C86,'[2]IE model 海尔产品'!$A$1:$D$65536,4,0) -> 1*3 | J86: {=INDEX($A$2:$AF$2,MIN(IF(M86:AF86<>0,COLUMN(M86:AF86))))} -> 46149 | K86: =VLOOKUP(C86,'[2]IE model 海尔产品'!$A$1:$H$65536,8,0) -> 480 | L86: =VLOOKUP(C86,'[2]IE model 海尔产品'!$A$1:$I$65536,9,0) -> 43 | U86: 1000 | AG86: =SUM(M86:AF86) -> 1000 | AH86: =+H86-AG86 -> 0 | AI86: 8号入库 | AM86: =_xlfn.XLOOKUP(C86,'[4]4-30'!$F:$F,'[4]4-30'!$S:$S) -> #N/A
B87: DIPL04 | C87: 10400032702 | D87: 110001292473 | E87: 110001292474 | F87: 2189-B2505M-D 20159286 | G87: 1000 | H87: 1000 | I87: =VLOOKUP(C87,'[2]IE model 海尔产品'!$A$1:$D$65536,4,0) -> #N/A | J87: {=INDEX($A$2:$AF$2,MIN(IF(M87:AF87<>0,COLUMN(M87:AF87))))} -> 46149 | K87: =VLOOKUP(C87,'[2]IE model 海尔产品'!$A$1:$H$65536,8,0) -> #N/A | L87: =VLOOKUP(C87,'[2]IE model 海尔产品'!$A$1:$I$65536,9,0) -> #N/A | U87: 1000 | AG87: =SUM(M87:AF87) -> 1000 | AH87: =+H87-AG87 -> 0 | AM87: =_xlfn.XLOOKUP(C87,'[4]4-30'!$F:$F,'[4]4-30'!$S:$S) -> #N/A
B88: DIPL04 | C88: 10880037023 | D88: 110001303065 | E88: 110001303065 | F88: 2189-B2505G G0020 20112794 | G88: 2000 | H88: 2000 | I88: =VLOOKUP(C88,'[2]IE model 海尔产品'!$A$1:$D$65536,4,0) -> 1*3 | J88: {=INDEX($A$2:$AF$2,MIN(IF(M88:AF88<>0,COLUMN(M88:AF88))))} -> 46149 | K88: =VLOOKUP(C88,'[2]IE model 海尔产品'!$A$1:$H$65536,8,0) -> 480 | L88: =VLOOKUP(C88,'[2]IE model 海尔产品'!$A$1:$I$65536,9,0) -> 43 | U88: 1400 | V88: 600 | AG88: =SUM(M88:AF88) -> 2000 | AH88: =+H88-AG88 -> 0 | AM88: =_xlfn.XLOOKUP(C88,'[4]4-30'!$F:$F,'[4]4-30'!$S:$S) -> #N/A
B89: DIPL04 | C89: 10400031868 | D89: 110001303065 | E89: 110001303066 | F89: 2189-B2505G-D 20112794 | G89: 2000 | H89: 2000 | I89: =VLOOKUP(C89,'[2]IE model 海尔产品'!$A$1:$D$65536,4,0) -> #N/A | J89: {=INDEX($A$2:$AF$2,MIN(IF(M89:AF89<>0,COLUMN(M89:AF89))))} -> 46149 | K89: =VLOOKUP(C89,'[2]IE model 海尔产品'!$A$1:$H$65536,8,0) -> #N/A | L89: =VLOOKUP(C89,'[2]IE model 海尔产品'!$A$1:$I$65536,9,0) -> #N/A | V89: 2000 | AG89: =SUM(M89:AF89) -> 2000 | AH89: =+H89-AG89 -> 0 | AM89: =_xlfn.XLOOKUP(C89,'[4]4-30'!$F:$F,'[4]4-30'!$S:$S) -> #N/A
A90: =VLOOKUP(C90,'[1]青岛4 (2)'!$C:$D,2,0) -> #N/A | B90: DIPL04 | C90: 10880038683 | D90: 110001303237 | E90: 110001303237 | F90: 2189-B2507N G0020 20239309 | G90: 1010 | H90: 1010 | I90: =VLOOKUP(C90,'[2]IE model 海尔产品'!$A$1:$D$65536,4,0) -> 1*3 | J90: {=INDEX($A$2:$AF$2,MIN(IF(M90:AF90<>0,COLUMN(M90:AF90))))} -> 46150 | K90: =VLOOKUP(C90,'[2]IE model 海尔产品'!$A$1:$H$65536,8,0) -> 200 | L90: =VLOOKUP(C90,'[2]IE model 海尔产品'!$A$1:$I$65536,9,0) -> 30 | W90: 1010 | AG90: =SUM(M90:AF90) -> 1010 | AH90: =+H90-AG90 -> 0 | AI90: =VLOOKUP(E90,[6]Data!$D:$H,5,0) -> 46147 | AM90: =_xlfn.XLOOKUP(C90,'[4]4-30'!$F:$F,'[4]4-30'!$S:$S) -> #N/A
A91: =VLOOKUP(C91,'[1]青岛4 (2)'!$C:$D,2,0) -> #N/A | B91: DIPL04 | C91: 10880037662 | D91: 110001294968 | E91: 110001294968 | F91: 2189-B2507A G0020 20127550 | G91: 2500 | H91: 2500 | I91: =VLOOKUP(C91,'[2]IE model 海尔产品'!$A$1:$D$65536,4,0) -> 1*3 | J91: {=INDEX($A$2:$AF$2,MIN(IF(M91:AF91<>0,COLUMN(M91:AF91))))} -> 46150 | K91: =VLOOKUP(C91,'[2]IE model 海尔产品'!$A$1:$H$65536,8,0) -> 480 | L91: =VLOOKUP(C91,'[2]IE model 海尔产品'!$A$1:$I$65536,9,0) -> 43 | W91: 2500 | AG91: =SUM(M91:AF91) -> 2500 | AH91: =+H91-AG91 -> 0 | AI91: =VLOOKUP(E91,[6]Data!$D:$H,5,0) -> 46147 | AM91: =_xlfn.XLOOKUP(C91,'[4]4-30'!$F:$F,'[4]4-30'!$S:$S) -> #N/A
A92: =VLOOKUP(C92,'[1]青岛4 (2)'!$C:$D,2,0) -> #N/A | B92: 海尔DIPL04，拉长邢树理 | M92: =SUM(M46:M91) -> 7200 | N92: =SUM(N46:N91) -> 0 | O92: =SUM(O46:O91) -> 3500 | P92: =SUM(P46:P91) -> 5001 | Q92: =SUM(Q46:Q91) -> 7930 | R92: =SUM(R46:R91) -> 0 | S92: =SUM(S46:S91) -> 1500 | T92: =SUM(T46:T91) -> 11300 | ... AF92: =SUM(AF46:AF91) -> 0 | AJ92: =VLOOKUP(E92,[5]Data!$D:$D,1,0) -> #N/A | AK92: =VLOOKUP(AJ92,[5]Data!$D:$I,6,0) -> #N/A | AM92: =_xlfn.XLOOKUP(C92,'[4]4-30'!$F:$F,'[4]4-30'!$S:$S) -> 备注
A93: =VLOOKUP(C93,'[1]青岛4 (2)'!$C:$D,2,0) -> #N/A | B93: DIPL05 | C93: 10880033535 | D93: 110001303001 | E93: 110001303001 | F93: 500493-B2402E-D 2418237 | G93: 2000 | H93: 2000 | I93: =VLOOKUP(C93,'[2]IE model 海尔产品'!$A$1:$D$65536,4,0) -> 2 | J93: {=INDEX($A$2:$AF$2,MIN(IF(M93:AF93<>0,COLUMN(M93:AF93))))} -> 46142 | K93: =VLOOKUP(C93,'[2]IE model 海尔产品'!$A$1:$H$65536,8,0) -> 400 | L93: =VLOOKUP(C93,'[2]IE model 海尔产品'!$A$1:$I$65536,9,0) -> 29 | M93: 2000 | AG93: =SUM(M93:AF93) -> 2000 | AH93: =+H93-AG93 -> 0 | AI93: =VLOOKUP(E93,[6]Data!$D:$H,5,0) -> 46139 | AM93: =_xlfn.XLOOKUP(C93,'[4]4-30'!$F:$F,'[4]4-30'!$S:$S) -> #N/A
A94: =VLOOKUP(C94,'[1]青岛4 (2)'!$C:$D,2,0) -> #N/A | B94: DIPL05 | C94: 10880033535 | D94: 110001288361 | E94: 110001288361 | F94: 500493-B2402E-D 2418237 | G94: 1500 | H94: 1500 | I94: =VLOOKUP(C94,'[2]IE model 海尔产品'!$A$1:$D$65536,4,0) -> 2 | J94: {=INDEX($A$2:$AF$2,MIN(IF(M94:AF94<>0,COLUMN(M94:AF94))))} -> 46142 | K94: =VLOOKUP(C94,'[2]IE model 海尔产品'!$A$1:$H$65536,8,0) -> 400 | L94: =VLOOKUP(C94,'[2]IE model 海尔产品'!$A$1:$I$65536,9,0) -> 29 | M94: 1500 | AG94: =SUM(M94:AF94) -> 1500 | AH94: =+H94-AG94 -> 0 | AI94: 30号入库 | AM94: =_xlfn.XLOOKUP(C94,'[4]4-30'!$F:$F,'[4]4-30'!$S:$S) -> #N/A
A95: =VLOOKUP(C95,'[1]青岛4 (2)'!$C:$D,2,0) -> #N/A | B95: DIPL05 | C95: 10880035235 | D95: 110001267297 | E95: 110001267297 | F95: 500493-C2504A-CB 2468085 | G95: 784 | H95: 784 | I95: =VLOOKUP(C95,'[2]IE model 海尔产品'!$A$1:$D$65536,4,0) -> 1*56 | J95: {=INDEX($A$2:$AF$2,MIN(IF(M95:AF95<>0,COLUMN(M95:AF95))))} -> 46146 | K95: =VLOOKUP(C95,'[2]IE model 海尔产品'!$A$1:$H$65536,8,0) -> 360 | L95: =VLOOKUP(C95,'[2]IE model 海尔产品'!$A$1:$I$65536,9,0) -> 21 | O95: 784 | AG95: =SUM(M95:AF95) -> 784 | AH95: =+H95-AG95 -> 0 | AI95: =VLOOKUP(E95,[6]Data!$D:$H,5,0) -> 46149 | AM95: =_xlfn.XLOOKUP(C95,'[4]4-30'!$F:$F,'[4]4-30'!$S:$S) -> #N/A
A96: =VLOOKUP(C96,'[1]青岛4 (2)'!$C:$D,2,0) -> #N/A | B96: DIPL05 | C96: 10880034669 | D96: 110001304437 | E96: 110001304437 | F96: 693-C2413A-PC 0181800103 加水泥电阻 | G96: 20004 | H96: 20004 | I96: =VLOOKUP(C96,'[2]IE model 海尔产品'!$A$1:$D$65536,4,0) -> 1*6 | J96: {=INDEX($A$2:$AF$2,MIN(IF(M96:AF96<>0,COLUMN(M96:AF96))))} -> 46146 | K96: =VLOOKUP(C96,'[2]IE model 海尔产品'!$A$1:$H$65536,8,0) -> 800 | L96: =VLOOKUP(C96,'[2]IE model 海尔产品'!$A$1:$I$65536,9,0) -> 43 | O96: 7404 | Q96: 9600 | S96: 3000 | AG96: =SUM(M96:AF96) -> 20004 | AH96: =+H96-AG96 -> 0 | AI96: =VLOOKUP(E96,[6]Data!$D:$H,5,0) -> 46148 | AM96: =_xlfn.XLOOKUP(C96,'[4]4-30'!$F:$F,'[4]4-30'!$S:$S) -> #N/A
B97: DIPL05 | C97: 10880014363 | D97: 110001315930 | E97: 110001315930 | F97: 693-C2038A-D 0190400112A | G97: 200 | H97: 200 | I97: =VLOOKUP(C97,'[2]IE model 海尔产品'!$A$1:$D$65536,4,0) -> 1*5 | J97: {=INDEX($A$2:$AF$2,MIN(IF(M97:AF97<>0,COLUMN(M97:AF97))))} -> 46148 | K97: =VLOOKUP(C97,'[2]IE model 海尔产品'!$A$1:$H$65536,8,0) -> 400 | L97: =VLOOKUP(C97,'[2]IE model 海尔产品'!$A$1:$I$65536,9,0) -> 33 | S97: 200 | AG97: =SUM(M97:AF97) -> 200 | AH97: =+H97-AG97 -> 0 | AI97: 46148 | AM97: =_xlfn.XLOOKUP(C97,'[4]4-30'!$F:$F,'[4]4-30'!$S:$S) -> #N/A
A98: =VLOOKUP(C98,'[1]青岛4 (2)'!$C:$D,2,0) -> #N/A | B98: DIPL05 | C98: 10880028834 | D98: 110001288287 | E98: 110001288287 | F98: 1323-B2307A-D 0011801713 | G98: 400 | H98: 400 | I98: =VLOOKUP(C98,'[2]IE model 海尔产品'!$A$1:$D$65536,4,0) -> 1*2 | J98: {=INDEX($A$2:$AF$2,MIN(IF(M98:AF98<>0,COLUMN(M98:AF98))))} -> 46148 | K98: =VLOOKUP(C98,'[2]IE model 海尔产品'!$A$1:$H$65536,8,0) -> 700 | L98: =VLOOKUP(C98,'[2]IE model 海尔产品'!$A$1:$I$65536,9,0) -> 30 | S98: 400 | AG98: =SUM(M98:AF98) -> 400 | AH98: =+H98-AG98 -> 0 | AI98: 46155 | AM98: =_xlfn.XLOOKUP(C98,'[4]4-30'!$F:$F,'[4]4-30'!$S:$S) -> 在制400--5/13入库
A99: =VLOOKUP(C99,'[1]青岛4 (2)'!$C:$D,2,0) -> #N/A | B99: DIPL05 | C99: 10880031072 | D99: 110001310943 | E99: 110001310943 | F99: 2006-C2301A-PC 888000908 | G99: 3000 | H99: 3000 | I99: =VLOOKUP(C99,'[2]IE model 海尔产品'!$A$1:$D$65536,4,0) -> 1*10 | J99: {=INDEX($A$2:$AF$2,MIN(IF(M99:AF99<>0,COLUMN(M99:AF99))))} -> 46148 | K99: =VLOOKUP(C99,'[2]IE model 海尔产品'!$A$1:$H$65536,8,0) -> 360 | L99: =VLOOKUP(C99,'[2]IE model 海尔产品'!$A$1:$I$65536,9,0) -> 27 | S99: 3000 | AG99: =SUM(M99:AF99) -> 3000 | AH99: =+H99-AG99 -> 0 | AM99: =_xlfn.XLOOKUP(C99,'[4]4-30'!$F:$F,'[4]4-30'!$S:$S) -> #N/A
A100: =VLOOKUP(C100,'[1]青岛4 (2)'!$C:$D,2,0) -> #N/A | B100: DIPL05 | C100: 10880032885 | D100: 110001305153 | E100: 110001305153 | F100: 693-C2434A-PC 0031800138R | G100: 2300 | H100: 2300 | I100: =VLOOKUP(C100,'[2]IE model 海尔产品'!$A$1:$D$65536,4,0) -> 1*1 | J100: {=INDEX($A$2:$AF$2,MIN(IF(M100:AF100<>0,COLUMN(M100:AF100))))} -> 46149 | K100: =VLOOKUP(C100,'[2]IE model 海尔产品'!$A$1:$H$65536,8,0) -> 120 | L100: =VLOOKUP(C100,'[2]IE model 海尔产品'!$A$1:$I$65536,9,0) -> 34 | U100: 2300 | AG100: =SUM(M100:AF100) -> 2300 | AH100: =+H100-AG100 -> 0 | AI100: =VLOOKUP(E100,[6]Data!$D:$H,5,0) -> 46146 | AM100: =_xlfn.XLOOKUP(C100,'[4]4-30'!$F:$F,'[4]4-30'!$S:$S) -> #N/A
...

Sheet 配料明细
A1: 下达日期 | B1: 完成插件 | C1: 物料编码 | D1: 整机工单 | E1: 订单 | F1: 物料描述 | G1: 数量 | H1: 上线 | I1: 配料日期 | J1: 备注
A2: 46129 | B2: =VLOOKUP(C2,[7]完成订单!$D:$D,1,0) -> 10880036366 | C2: 10880036366 | D2: 110001288423 | E2: 110001288423 | F2: 2189-B2505C G0020 2504029 | G2: 552 | H2: 46132 | I2: =A2 -> 46129 | J2: =VLOOKUP(D2,#REF!,4,0) -> #REF!
A3: 46129 | B3: =VLOOKUP(C3,[7]完成订单!$D:$D,1,0) -> 10400030958 | C3: 10400030958 | D3: 110001288423 | E3: 110001288424 | F3: 2189-B2505C-D 2504029 | G3: 552 | H3: 46132 | I3: =A3 -> 46129 | J3: =VLOOKUP(D3,#REF!,4,0) -> #REF!
A4: 46129 | B4: =VLOOKUP(C4,[7]完成订单!$D:$D,1,0) -> 10400033234 | C4: 10400033234 | D4: 110001288423 | E4: 110001288425 | F4: 2189-B2505A-KN 2489739 | G4: 552 | H4: 46131 | I4: =A4 -> 46129 | J4: =VLOOKUP(D4,#REF!,4,0) -> #REF!
A5: 46129 | B5: =VLOOKUP(C5,[7]完成订单!$D:$D,1,0) -> #N/A | C5: 10400030959 | D5: 110001288423 | E5: 110001288426 | F5: 2189-B2505C-D 2504029 | G5: 552 | H5: 46129 | I5: =A5 -> 46129 | J5: =VLOOKUP(D5,#REF!,4,0) -> #REF!
A6: 46129 | B6: =VLOOKUP(C6,[7]完成订单!$D:$D,1,0) -> 10880036058 | C6: 10880036058 | D6: 110001290288 | E6: 110001290288 | F6: 2189-B2505A G0020 2489739 | G6: 798 | H6: 46132 | I6: =A6 -> 46129 | J6: =VLOOKUP(D6,#REF!,4,0) -> #REF!
A7: 46129 | B7: =VLOOKUP(C7,[7]完成订单!$D:$D,1,0) -> 10400030543 | C7: 10400030543 | D7: 110001290288 | E7: 110001290289 | F7: 2189-B2505A-D 2489739 | G7: 798 | H7: 46132 | I7: =A7 -> 46129 | J7: =VLOOKUP(D7,#REF!,4,0) -> #REF!
A8: 46129 | B8: =VLOOKUP(C8,[7]完成订单!$D:$D,1,0) -> 10400033234 | C8: 10400033234 | D8: 110001290288 | E8: 110001290290 | F8: 2189-B2505A-KN 2489739 | G8: 798 | H8: 46131 | I8: =A8 -> 46129 | J8: =VLOOKUP(D8,#REF!,4,0) -> #REF!
A9: 46129 | B9: =VLOOKUP(C9,[7]完成订单!$D:$D,1,0) -> #N/A | C9: 10400030539 | D9: 110001290288 | E9: 110001290291 | F9: 2189-B2505A-D 2489739 | G9: 798 | H9: 46129 | I9: =A9 -> 46129 | J9: =VLOOKUP(D9,#REF!,4,0) -> #REF!
A10: 46129 | B10: =VLOOKUP(C10,[7]完成订单!$D:$D,1,0) -> 10880037659 | C10: 10880037659 | D10: 110001290362 | E10: 110001290362 | F10: 2189-B2505L G0020 20159285 | G10: 1398 | H10: 46132 | I10: =A10 -> 46129 | J10: =VLOOKUP(D10,#REF!,4,0) -> #REF!
A11: 46129 | B11: =VLOOKUP(C11,[7]完成订单!$D:$D,1,0) -> 10400032699 | C11: 10400032699 | D11: 110001290362 | E11: 110001290363 | F11: 2189-B2505L-D 20159285 | G11: 1398 | H11: 46132 | I11: =A11 -> 46129 | J11: =VLOOKUP(D11,#REF!,4,0) -> #REF!
A12: 46129 | B12: =VLOOKUP(C12,[7]完成订单!$D:$D,1,0) -> 10400033234 | C12: 10400033234 | D12: 110001290362 | E12: 110001290364 | F12: 2189-B2505A-KN 2489739 | G12: 1398 | H12: 46131 | I12: =A12 -> 46129 | J12: =VLOOKUP(D12,#REF!,4,0) -> #REF!
A13: 46129 | B13: =VLOOKUP(C13,[7]完成订单!$D:$D,1,0) -> #N/A | C13: 10400032700 | D13: 110001290362 | E13: 110001290365 | F13: 2189-B2505L-D 20159285 | G13: 1398 | H13: 46129 | I13: =A13 -> 46129 | J13: =VLOOKUP(D13,#REF!,4,0) -> #REF!
... A111: 46129 | B111: =VLOOKUP(C111,[7]完成订单!$D:$D,1,0) -> #N/A | C111: 10400031424 | D111: 110001308405 | E111: 110001308406 | F111: 693-C24Q3E-PC 0011801977G | G111: 600 | H111: 46131 | I111: =A111 -> 46129 | J111: =VLOOKUP(D111,#REF!,4,0) -> #REF!
A112: 46130 | B112: =VLOOKUP(C112,[7]完成订单!$D:$D,1,0) -> 10880032942 | C112: 10880032942 | D112: 110001267235 | E112: 110001267235 | F112: 2189-B2401F-PC 2397248 | G112: 680 | H112: 46135 | I112: 46130 | J112: =VLOOKUP(D112,#REF!,4,0) -> #REF!
A113: 46130 | B113: =VLOOKUP(C113,[7]完成订单!$D:$D,1,0) -> #N/A | C113: 10400026579 | D113: 110001267235 | E113: 110001267236 | F113: 贴片部件 2189-B2401F-PC 2397248 | G113: 680 | H113: 46133 | I113: 46130 | J113: =VLOOKUP(D113,#REF!,4,0) -> #REF!
A114: 46130 | B114: =VLOOKUP(C114,[7]完成订单!$D:$D,1,0) -> 10880036432 | C114: 10880036432 | D114: 110001271444 | E114: 110001271444 | F114: 693-B2548A-PC G0044 0011801922 | G114: 4000 | H114: 46131 | I114: 46130 | J114: =VLOOKUP(D114,#REF!,4,0) -> #REF!
A115: 46130 | B115: =VLOOKUP(C115,[7]完成订单!$D:$D,1,0) -> #N/A | C115: 10400031033 | D115: 110001271444 | E115: 110001271445 | F115: 693-B2548A-PC 0011801922 | G115: 4000 | H115: 46129 | I115: 46130 | J115: =VLOOKUP(D115,#REF!,4,0) -> #REF!
A116: 46130 | B116: =VLOOKUP(C116,[7]完成订单!$D:$D,1,0) -> 10880020048 | C116: 10880020048 | D116: 110001288251 | E116: 110001288251 | F116: 693-C2203A-PC 0011801327 | G116: 1100 | H116: 46134 | I116: 46130 | J116: =VLOOKUP(D116,#REF!,4,0) -> #REF!
A117: 46130 | B117: =VLOOKUP(C117,[7]完成订单!$D:$D,1,0) -> #N/A | C117: 10400019509 | D117: 110001288251 | E117: 110001288252 | F117: 693-C2203A-PC 0011801327 | G117: 1100 | H117: 46132 | I117: 46130 | J117: =VLOOKUP(D117,#REF!,4,0) -> #REF!
A118: 46130 | B118: =VLOOKUP(C118,[7]完成订单!$D:$D,1,0) -> 10880032943 | C118: 10880032943 | D118: 110001288341 | E118: 110001288341 | F118: 2189-B2401D-PC 2397172 | G118: 500 | H118: 46135 | I118: 46130 | J118: =VLOOKUP(D118,#REF!,4,0) -> #REF!
A119: 46130 | B119: =VLOOKUP(C119,[7]完成订单!$D:$D,1,0) -> #N/A | C119: 10400026577 | D119: 110001288341 | E119: 110001288342 | F119: 贴片部件 2189-B2401D-PC 2397172 | G119: 500 | H119: 46133 | I119: 46130 | J119: =VLOOKUP(D119,#REF!,4,0) -> #REF!
A120: 46130 | B120: =VLOOKUP(C120,[7]完成订单!$D:$D,1,0) -> 10880035984 | C120: 10880035984 | D120: 110001288413 | E120: 110001288413 | F120: 500493-B2407C-D G0020 2488431 | G120: 1500 | H120: 46135 | I120: 46130 | J120: =VLOOKUP(D120,#REF!,4,0) -> #REF!
A121: 46130 | B121: =VLOOKUP(C121,[7]完成订单!$D:$D,1,0) -> #N/A | C121: 10400030451 | D121: 110001288413 | E121: 110001288414 | F121: 500493-B2407C-D 2488431 | G121: 1500 | H121: 46133 | I121: 46130 | J121: =VLOOKUP(D121,#REF!,4,0) -> #REF!
A122: 46130 | B122: =VLOOKUP(C122,[7]完成订单!$D:$D,1,0) -> 10880036423 | C122: 10880036423 | D122: 110001288431 | E122: 110001288431 | F122: 693-C2532B-PC G0044 0011802020A | G122: 1500 | H122: 46133 | I122: 46130 | J122: =VLOOKUP(D122,#REF!,4,0) -> #REF!
A123: 46130 | B123: =VLOOKUP(C123,[7]完成订单!$D:$D,1,0) -> #N/A | C123: 10400031020 | D123: 110001288431 | E123: 110001288432 | F123: 693-C2532B-PC 0011802020A | G123: 1500 | H123: 46131 | I123: 46130 | J123: =VLOOKUP(D123,#REF!,4,0) -> #REF!
... A153: 46131 | B153: =VLOOKUP(C153,[7]完成订单!$D:$D,1,0) -> #N/A | C153: 10400027588 | D153: 110001303404 | E153: 110001303405 | F153: 500323-C24D2B-D 0021800616C | G153: 2000 | H153: 46132 | I153: 46131 | J153: =VLOOKUP(D153,#REF!,4,0) -> #REF!
A154: 46132 | B154: =VLOOKUP(C154,[7]完成订单!$D:$D,1,0) -> 10880037377 | C154: 10880037377 | D154: 110001279039 | E154: 110001279039 | F154: 600766-A2504A-PC G0044 0011801490M | G154: 7500 | H154: 46136 | I154: 46132 | J154: 7500 | K154: =+J154-G154 -> 0
A155: 46132 | B155: =VLOOKUP(C155,[7]完成订单!$D:$D,1,0) -> #N/A | C155: 10400032318 | D155: 110001279039 | E155: 110001279044 | F155: 600766-A2504A-PC 0011801490M | G155: 7500 | H155: 46134 | I155: 46132 | J155: 7500 | K155: =+J155-G155 -> 0
A156: 46132 | B156: =VLOOKUP(C156,[7]完成订单!$D:$D,1,0) -> 10880037369 | C156: 10880037369 | D156: 110001288509 | E156: 110001288509 | F156: 600766-A2506B-PC G0044 0011800977JHR | G156: 5000 | H156: 46132 | I156: 46132 | J156: 5000 | K156: =+J156-G156 -> 0
A157: 46132 | B157: =VLOOKUP(C157,[7]完成订单!$D:$D,1,0) -> #N/A | C157: 10400032312 | D157: 110001288509 | E157: 110001288510 | F157: 600766-A2506B-PC 0011800977JHR | G157: 5000 | H157: 46130 | I157: 46132 | J157: 5000 | K157: =+J157-G157 -> 0
A158: 46132 | B158: =VLOOKUP(C158,[7]完成订单!$D:$D,1,0) -> 10880037369 | C158: 10880037369 | D158: 110001297727 | E158: 110001297727 | F158: 600766-A2506B-PC G0044 0011800977JHR | G158: 10000 | H158: 46132 | I158: 46132 | J158: 10000 | K158: =+J158-G158 -> 0
A159: 46132 | B159: =VLOOKUP(C159,[7]完成订单!$D:$D,1,0) -> #N/A | C159: 10400032312 | D159: 110001297727 | E159: 110001297728 | F159: 600766-A2506B-PC 0011800977JHR | G159: 10000 | H159: 46130 | I159: 46132 | J159: 10000 | K159: =+J159-G159 -> 0
A160: 46132 | B160: =VLOOKUP(C160,[7]完成订单!$D:$D,1,0) -> 10880037368 | C160: 10880037368 | D160: 110001299911 | E160: 110001299911 | F160: 600766-A2506A-PC G0044 0011800977HHR | G160: 11550 | H160: 46132 | I160: 46132 | J160: 11550 | K160: =+J160-G160 -> 0
A161: 46132 | B161: =VLOOKUP(C161,[7]完成订单!$D:$D,1,0) -> #N/A | C161: 10400032311 | D161: 110001299911 | E161: 110001299912 | F161: 600766-A2506A-PC 0011800977HHR | G161: 11550 | H161: 46130 | I161: 46132 | J161: 11550 | K161: =+J161-G161 -> 0
A162: 46132 | B162: =VLOOKUP(C162,[7]完成订单!$D:$D,1,0) -> 10880033535 | C162: 10880033535 | D162: 110001271653 | E162: 110001271653 | F162: 500493-B2402E-D 2418237 | G162: 3000 | H162: 46135 | I162: 46132 | J162: 3000 | K162: =+J162-G162 -> 0
A163: 46132 | B163: =VLOOKUP(C163,[7]完成订单!$D:$D,1,0) -> #N/A | C163: 10400027323 | D163: 110001271653 | E163: 110001271654 | F163: 500493-B2402E-D 2418237 | G163: 3000 | H163: 46133 | I163: 46132 | J163: 3000 | K163: =+J163-G163 -> 0
A164: 46132 | B164: =VLOOKUP(C164,[7]完成订单!$D:$D,1,0) -> 10880037671 | C164: 10880037671 | D164: 110001271829 | E164: 110001271829 | F164: 693-B25D2B-PC G0044 0011801330AK | G164: 1000 | H164: 46134 | I164: 46132 | J164: 1000 | K164: =+J164-G164 -> 0
A165: 46132 | B165: =VLOOKUP(C165,[7]完成订单!$D:$D,1,0) -> #N/A | C165: 10400032721 | D165: 110001271829 | E165: 110001271830 | F165: 693-B25D2B-PC 0011801330AK | G165: 1000 | H165: 46132 | I165: 46132 | J165: 1000 | K165: =+J165-G165 -> 0
... A185: 46132 | B185: =VLOOKUP(C185,[7]完成订单!$D:$D,1,0) -> #N/A | C185: 10400024768 | D185: 110001296254 | E185: 110001296255 | F185: 693-C23I3A-PC 0011801656 | G185: 2000 | H185: 46132 | I185: 46132 | J185: 2000 | K185: =+J185-G185 -> 0
A186: 46132 | B186: =VLOOKUP(C186,[7]完成订单!$D:$D,1,0) -> 10880022123 | C186: 10880022123 | D186: 110001296358 | E186: 110001296358 | F186: 693-B2286B-D 0021800442A | G186: 15000 | H186: 工序 | I186: 46132 | J186: 15000 | K186: =+J186-G186 -> 0
A187: 46132 | B187: =VLOOKUP(C187,[7]完成订单!$D:$D,1,0) -> #N/A | C187: 10400021683 | D187: 110001296358 | E187: 110001296359 | F187: 693-B2286B-D 0021800442A | G187: 15000 | H187: #VALUE! | I187: 46132 | J187: 15000 | K187: =+J187-G187 -> 0
A188: 46132 | B188: =VLOOKUP(C188,[7]完成订单!$D:$D,1,0) -> 10880031307 | C188: 10880031307 | D188: 110001297371 | E188: 110001297371 | F188: 693-B23G2D-PC 0011801330C | G188: 400 | H188: 46134 | I188: 46132 | J188: 400 | K188: =+J188-G188 -> 0
A189: 46132 | B189: =VLOOKUP(C189,[7]完成订单!$D:$D,1,0) -> #N/A | C189: 10400025083 | D189: 110001297371 | E189: 110001297372 | F189: 693-B23G2D-PC 0011801330C | G189: 400 | H189: 46132 | I189: 46132 | J189: 400 | K189: =+J189-G189 -> 0
A190: 46132 | B190: =VLOOKUP(C190,[7]完成订单!$D:$D,1,0) -> 10880037380 | C190: 10880037380 | D190: 110001299919 | E190: 110001299919 | F190: 600766-A2505B-PC G0044 0011801843G | G190: 5600 | H190: 46135 | I190: 46132 | J190: 5600 | K190: =+J190-G190 -> 0
A191: 46132 | B191: =VLOOKUP(C191,[7]完成订单!$D:$D,1,0) -> #N/A | C191: 10400032321 | D191: 110001299919 | E191: 110001299920 | F191: 600766-A2505B-PC 0011801843G | G191: 5600 | H191: 46133 | I191: 46132 | J191: 5600 | K191: =+J191-G191 -> 0
A192: 46132 | B192: =VLOOKUP(C192,[7]完成订单!$D:$D,1,0) -> 10880037495 | C192: 10880037495 | D192: 110001299927 | E192: 110001299927 | F192: 1911-B2503A-D G0044 0011801902D | G192: 560 | H192: 46134 | I192: 46132 | J192: 560 | K192: =+J192-G192 -> 0
A193: 46132 | B193: =VLOOKUP(C193,[7]完成订单!$D:$D,1,0) -> #N/A | C193: 10400032491 | D193: 110001299927 | E193: 110001299928 | F193: 1911-B2503A-D 0011801902D | G193: 560 | H193: 46132 | I193: 46132 | J193: 560 | K193: =+J193-G193 -> 0
A194: 46132 | B194: =VLOOKUP(C194,[7]完成订单!$D:$D,1,0) -> 10880038252 | C194: 10880038252 | D194: 110001300047 | E194: 110001300047 | F194: 1886-C2512D G0020 20170752 7i洗衣机面板 天青墨 | G194: 550 | H194: 46136 | I194: 46132 | J194: 550 | K194: =+J194-G194 -> 0
A195: 46132 | B195: =VLOOKUP(C195,[7]完成订单!$D:$D,1,0) -> 10400030197 | C195: 10400030197 | D195: 110001300047 | E195: 110001300048 | F195: 1886-C2512A-K 干洗衣机按键旋钮板 | G195: 550 | H195: 46135 | I195: 46132 | J195: 550 | K195: =+J195-G195 -> 0
A196: 46132 | B196: =VLOOKUP(C196,[7]完成订单!$D:$D,1,0) -> 10400033496 | C196: 10400033496 | D196: 110001300047 | E196: 110001300049 | F196: 1886-C2512D-X 20170752 7i洗衣机通用板 天青墨 | G196: 550 | H196: 46135 | I196: 46132 | J196: 550 | K196: =+J196-G196 -> 0
A197: 46132 | B197: =VLOOKUP(C197,[7]完成订单!$D:$D,1,0) -> #N/A | C197: 10400033497 | D197: 110001300047 | E197: 110001300050 | F197: 1886-C2512D-X 20170752 7i洗衣机通用板 天青墨 | G197: 550 | H197: 46133 | I197: 46132 | J197: 550 | K197: =+J197-G197 -> 0
A198: 46132 | B198: =VLOOKUP(C198,[7]完成订单!$D:$D,1,0) -> #N/A | C198: 10400025972 | D198: 110001300047 | E198: 110001300051 | F198: 201-A2412A-X DMIC-70-02-001 | G198: 550 | H198: 46133 | I198: 46132 | J198: 550 | K198: =+J198-G198 -> 0
A199: 46132 | B199: =VLOOKUP(C199,[7]完成订单!$D:$D,1,0) -> 10880037725 | C199: 10880037725 | D199: 110001301138 | E199: 110001301138 | F199: 501851-A2514A-D G0384 612101020026 | G199: 3996 | H199: 46135 | I199: 46132 | J199: 3996 | K199: =+J199-G199 -> 0
... A230: 46132 | B230: =VLOOKUP(C230,[7]完成订单!$D:$D,1,0) -> #N/A | C230: 10400029153 | D230: 880000121349 | E230: 880000121353 | F230: 500493-C2501A-P 20105971-P | G230: 240 | H230: 46134 | I230: 46132 | J230: 240 | K230: =+J230-G230 -> 0
A231: 46133 | B231: =VLOOKUP(C231,[7]完成订单!$D:$D,1,0) -> 10880036761 | C231: 10880036761 | D231: 110001288471 | E231: 110001288471 | F231: 500323-C24A2E-PC G0044 0011801675C 新 | G231: 400 | H231: 46136 | I231: 46133 | J231: 400 | K231: 0
A232: 46133 | B232: =VLOOKUP(C232,[7]完成订单!$D:$D,1,0) -> #N/A | C232: 10400031488 | D232: 110001288471 | E232: 110001288472 | F232: 500323-C24A2E-PC 0011801675C 新 | G232: 400 | H232: 46134 | I232: 46133 | J232: 400 | K232: 0
A233: 46133 | B233: =VLOOKUP(C233,[7]完成订单!$D:$D,1,0) -> 10880038236 | C233: 10880038236 | D233: 110001290420 | E233: 110001290420 | F233: 2189-B2505Y G0020 20217726 | G233: 1000 | H233: 46135 | I233: 46133 | J233: 1000 | K233: 0
A234: 46133 | B234: =VLOOKUP(C234,[7]完成订单!$D:$D,1,0) -> 10400033234 | C234: 10400033234 | D234: 110001290420 | E234: 110001290423 | F234: 2189-B2505A-KN 2489739 | G234: 1000 | H234: 46134 | I234: 46133 | J234: 1000 | K234: 0
A235: 46133 | B235: =VLOOKUP(C235,[7]完成订单!$D:$D,1,0) -> 10400033476 | C235: 10400033476 | D235: 110001290420 | E235: 110001290425 | F235: 2189-B2505Y-D 20217726 | G235: 1000 | H235: 46135 | I235: 46133 | J235: 1000 | K235: 0
A236: 46133 | B236: =VLOOKUP(C236,[7]完成订单!$D:$D,1,0) -> #N/A | C236: 10400033477 | D236: 110001290420 | E236: 110001290430 | F236: 2189-B2505Y-D 20217726 | G236: 1000 | H236: 46133 | I236: 46133 | J236: 1000 | K236: 0
A237: 46133 | B237: =VLOOKUP(C237,[7]完成订单!$D:$D,1,0) -> 10880038237 | C237: 10880038237 | D237: 110001290468 | E237: 110001290468 | F237: 2189-B2505Z G0020 20217734 | G237: 1200 | H237: 46136 | I237: 46133 | J237: 1200 | K237: 0
A238: 46133 | B238: =VLOOKUP(C238,[7]完成订单!$D:$D,1,0) -> 10400033234 | C238: 10400033234 | D238: 110001290468 | E238: 110001290469 | F238: 2189-B2505A-KN 2489739 | G238: 1200 | H238: 46134 | I238: 46133 | J238: 1200 | K238: 0
A239: 46133 | B239: =VLOOKUP(C239,[7]完成订单!$D:$D,1,0) -> 10400033478 | C239: 10400033478 | D239: 110001290468 | E239: 110001290470 | F239: 2189-B2505Z-D 20217734 | G239: 1200 | H239: 46136 | I239: 46133 | J239: 1200 | K239: 0
A240: 46133 | B240: =VLOOKUP(C240,[7]完成订单!$D:$D,1,0) -> #N/A | C240: 10400033479 | D240: 110001290468 | E240: 110001290471 | F240: 2189-B2505Z-D 20217734 | G240: 1200 | H240: 46134 | I240: 46133 | J240: 1200 | K240: 0
A241: 46133 | B241: =VLOOKUP(C241,[7]完成订单!$D:$D,1,0) -> 10880037688 | C241: 10880037688 | D241: 110001292493 | E241: 110001292493 | F241: 2189-B2507C G0020 20135510 | G241: 2000 | H241: 46135 | I241: 46133 | J241: 2000 | K241: 0
A242: 46133 | B242: =VLOOKUP(C242,[7]完成订单!$D:$D,1,0) -> 10400032759 | C242: 10400032759 | D242: 110001292493 | E242: 110001292494 | F242: 2189-B2507C-D 20135510 | G242: 2000 | H242: 46133 | I242: 46133 | J242: 2000 | K242: 0
... A272: 46133 | B272: =VLOOKUP(C272,[7]完成订单!$D:$D,1,0) -> #N/A | C272: 10400032758 | D272: 880000119626 | E272: 880000119629 | F272: 2189-B2507B-D 20126720 | G272: 300 | H272: 46132 | I272: 46133 | J272: 300 | K272: 0
A273: 46134 | B273: =VLOOKUP(C273,[7]完成订单!$D:$D,1,0) -> 10880018093 | C273: 10880018093 | D273: 110001279083 | E273: 110001279083 | F273: 693-A2182A-PC 0011800807 | G273: 2310 | H273: 46136 | I273: =A273 -> 46134 | J273: =VLOOKUP(D273,#REF!,4,0) -> #REF! | K273: =+J273-G273 -> #REF!
A274: 46134 | B274: =VLOOKUP(C274,[7]完成订单!$D:$D,1,0) -> #N/A | C274: 10400018059 | D274: 110001279083 | E274: 110001279084 | F274: 693-A2182A-PC 0011800807 | G274: 2310 | H274: 46134 | I274: =A274 -> 46134 | J274: =VLOOKUP(D274,#REF!,4,0) -> #REF! | K274: =+J274-G274 -> #REF!
A275: 46134 | B275: =VLOOKUP(C275,[7]完成订单!$D:$D,1,0) -> 10880036058 | C275: 10880036058 | D275: 110001290292 | E275: 110001290292 | F275: 2189-B2505A G0020 2489739 | G275: 2400 | H275: 46137 | I275: =A275 -> 46134 | J275: =VLOOKUP(D275,#REF!,4,0) -> #REF! | K275: =+J275-G275 -> #REF!
A276: 46134 | B276: =VLOOKUP(C276,[7]完成订单!$D:$D,1,0) -> 10400030543 | C276: 10400030543 | D276: 110001290292 | E276: 110001290293 | F276: 2189-B2505A-D 2489739 | G276: 2400 | H276: 46137 | I276: =A276 -> 46134 | J276: =VLOOKUP(D276,#REF!,4,0) -> #REF! | K276: =+J276-G276 -> #REF!
A277: 46134 | B277: =VLOOKUP(C277,[7]完成订单!$D:$D,1,0) -> 10400033234 | C277: 10400033234 | D277: 110001290292 | E277: 110001290294 | F277: 2189-B2505A-KN 2489739 | G277: 2400 | H277: 46136 | I277: =A277 -> 46134 | J277: =VLOOKUP(D277,#REF!,4,0) -> #REF! | K277: =+J277-G277 -> #REF!
A278: 46134 | B278: =VLOOKUP(C278,[7]完成订单!$D:$D,1,0) -> #N/A | C278: 10400030539 | D278: 110001290292 | E278: 110001290295 | F278: 2189-B2505A-D 2489739 | G278: 2400 | H278: 46134 | I278: =A278 -> 46134 | J278: =VLOOKUP(D278,#REF!,4,0) -> #REF! | K278: =+J278-G278 -> #REF!
A279: 46134 | B279: =VLOOKUP(C279,[7]完成订单!$D:$D,1,0) -> 10880037023 | C279: 10880037023 | D279: 110001290316 | E279: 110001290316 | F279: 2189-B2505G G0020 20112794 | G279: 2298 | H279: 46137 | I279: =A279 -> 46134 | J279: =VLOOKUP(D279,#REF!,4,0) -> #REF! | K279: =+J279-G279 -> #REF!
A280: 46134 | B280: =VLOOKUP(C280,[7]完成订单!$D:$D,1,0) -> 10400031868 | C280: 10400031868 | D280: 110001290316 | E280: 110001290317 | F280: 2189-B2505G-D 20112794 | G280: 2298 | H280: 46137 | I280: =A280 -> 46134 | J280: =VLOOKUP(D280,#REF!,4,0) -> #REF! | K280: =+J280-G280 -> #REF!
A281: 46134 | B281: =VLOOKUP(C281,[7]完成订单!$D:$D,1,0) -> 10400033234 | C281: 10400033234 | D281: 110001290316 | E281: 110001290318 | F281: 2189-B2505A-KN 2489739 | G281: 2298 | H281: 46136 | I281: =A281 -> 46134 | J281: =VLOOKUP(D281,#REF!,4,0) -> #REF! | K281: =+J281-G281 -> #REF!
A282: 46134 | B282: =VLOOKUP(C282,[7]完成订单!$D:$D,1,0) -> #N/A | C282: 10400031866 | D282: 110001290316 | E282: 110001290319 | F282: 2189-B2505G-D 20112794 | G282: 2298 | H282: 46134 | I282: =A282 -> 46134 | J282: =VLOOKUP(D282,#REF!,4,0) -> #REF! | K282: =+J282-G282 -> #REF!
A283: 46134 | B283: =VLOOKUP(C283,[7]完成订单!$D:$D,1,0) -> 10880037661 | C283: 10880037661 | D283: 110001290370 | E283: 110001290370 | F283: 2189-B2505M G0020 20159286 | G283: 798 | H283: 46136 | I283: =A283 -> 46134 | J283: =VLOOKUP(D283,#REF!,4,0) -> #REF! | K283: =+J283-G283 -> #REF!
A284: 46134 | B284: =VLOOKUP(C284,[7]完成订单!$D:$D,1,0) -> 10400032702 | C284: 10400032702 | D284: 110001290370 | E284: 110001290371 | F284: 2189-B2505M-D 20159286 | G284: 798 | H284: 46136 | I284: =A284 -> 46134 | J284: =VLOOKUP(D284,#REF!,4,0) -> #REF! | K284: =+J284-G284 -> #REF!
... A317: 46134 | B317: =VLOOKUP(C317,[7]完成订单!$D:$D,1,0) -> #N/A | C317: 10400028645 | D317: 110001296374 | E317: 110001296375 | F317: 693-C2413A-PC 0181800103 加水泥电阻 | G317: 20004 | H317: 46135 | I317: =A317 -> 46134 | J317: =VLOOKUP(D317,#REF!,4,0) -> #REF! | K317: =+J317-G317 -> #REF!
A318: 46135 | B318: 10880038602 | C318: 10880038602 | D318: 110001292663 | E318: 110001292663 | F318: 2189-B2505AK G0020 20246774 | G318: 2001 | H318: 46139 | I318: 46135 | J318: 2001 | K318: 0
A319: 46135 | B319: 10400033234 | C319: 10400033234 | D319: 110001292663 | E319: 110001292664 | F319: 2189-B2505A-KN 2489739 | G319: 2001 | H319: 46137 | I319: 46135 | J319: 2001 | K319: 0
A320: 46135 | B320: 10400033943 | C320: 10400033943 | D320: 110001292663 | E320: 110001292665 | F320: 2189-B2505AK-D 20246774 | G320: 2001 | H320: 46139 | I320: 46135 | J320: 2001 | K320: 0
A321: 46135 | B321: #N/A | C321: 10400033944 | D321: 110001292663 | E321: 110001292666 | F321: 2189-B2505AK-D 20246774 | G321: 2001 | H321: 46137 | I321: 46135 | J321: 2001 | K321: 0
A322: 46135 | B322: #N/A | C322: 10880037687 | D322: 110001292485 | E322: 110001292485 | F322: 2189-B2507B G0020 20126720 | G322: 1002 | H322: 46138 | I322: 46137 | J322: 1002 | K322: 0
A323: 46135 | B323: #N/A | C323: 10400032757 | D323: 110001292485 | E323: 110001292486 | F323: 2189-B2507B-D 20126720 | G323: 1002 | H323: 46138 | I323: 46137 | J323: 1002 | K323: 0
A324: 46135 | B324: 10400033234 | C324: 10400033234 | D324: 110001292485 | E324: 110001292487 | F324: 2189-B2505A-KN 2489739 | G324: 1002 | H324: 46136 | I324: 46137 | J324: 1002 | K324: 0
A325: 46135 | B325: #N/A | C325: 10400032758 | D325: 110001292485 | E325: 110001292488 | F325: 2189-B2507B-D 20126720 | G325: 1002 | H325: 46136 | I325: 46137 | J325: 1002 | K325: 0
A326: 46135 | B326: 10880036503 | C326: 10880036503 | D326: 110001274788 | E326: 110001274788 | F326: 500268-C2501E G0020 1242656 H7A10566E-D& | G326: 100 | H326: 46139 | I326: 46135 | J326: 100 | K326: 0
A327: 46135 | B327: 10400031134 | C327: 10400031134 | D327: 110001274788 | E327: 110001274789 | F327: 500268-C2501E-DRV H7A11297A/PV2229Y | G327: 100 | H327: 46138 | I327: 46135 | J327: 100 | K327: 0
A328: 46135 | B328: 10400029072 | C328: 10400029072 | D328: 110001274788 | E328: 110001274790 | F328: 500268-C2501A-C H7A09528C PE2306Q | G328: 100 | H328: 46137 | I328: 46135 | J328: 100 | K328: 0
A329: 46135 | B329: #N/A | C329: 10400031133 | D329: 110001274788 | E329: 110001274791 | F329: 500268-C2501E-DRV H7A11297A/PV2229Y | G329: 100 | H329: 46136 | I329: 46135 | J329: 100 | K329: 0
A330: 46135 | B330: #N/A | C330: 10400029073 | D330: 110001274788 | E330: 110001274792 | F330: 500268-C2501A-C H7A09528C PE2306Q | G330: 100 | H330: 46135 | I330: 46135 | J330: 100 | K330: 0
A331: 46135 | B331: 10880037659 | C331: 10880037659 | D331: 110001290366 | E331: 110001290366 | F331: 2189-B2505L G0020 20159285 | G331: 1302 | H331: 46138 | I331: 46135 | J331: 1302 | K331: 0
A332: 46135 | B332: 10400032699 | C332: 10400032699 | D332: 110001290366 | E332: 110001290367 | F332: 2189-B2505L-D 20159285 | G332: 1302 | H332: 46138 | I332: 46135 | J332: 1302 | K332: 0
A333: 46135 | B333: 10400033234 | C333: 10400033234 | D333: 110001290366 | E333: 110001290368 | F333: 2189-B2505A-KN 2489739 | G333: 1302 | H333: 46136 | I333: 46135 | J333: 1302 | K333: 0
A334: 46135 | B334: #N/A | C334: 10400032700 | D334: 110001290366 | E334: 110001290369 | F334: 2189-B2505L-D 20159285 | G334: 1302 | H334: 46136 | I334: 46135 | J334: 1302 | K334: 0
A335: 46135 | B335: 10880037688 | C335: 10880037688 | D335: 110001292497 | E335: 110001292497 | F335: 2189-B2507C G0020 20135510 | G335: 1998 | H335: 46138 | I335: 46135 | J335: 1998 | K335: 0
A336: 46135 | B336: 10400032759 | C336: 10400032759 | D336: 110001292497 | E336: 110001292498 | F336: 2189-B2507C-D 20135510 | G336: 1998 | H336: 46138 | I336: 46135 | J336: 1998 | K336: 0
...

Sheet 返工工单
A1: 线体 | B1: 销售订单 | C1: 物料 | D1: 订单 | E1: 物料描述 | F1: 工单数量 | G1: 下达时间 | H1: 完工日期 | I1: 返工原因 | J1: 责任归属 | K1: 备注
A2: DIP03 | B2: 30007090 | C2: 10880018097 | D2: 990000024386 | E2: 693-B2201B-PC 0011801424B | F2: 2386 | G2: 44856 | I2: PM通知693-B2201A-PC成品库存从胶州代理处发回青岛2650套，再加合肥的2561套，工厂库存969，全部改制成693-B2201B-PC. | J2: 青岛事业部
A3: DIP03 | B3: 30007091 | C3: 10880018097 | D3: 990000024387 | E3: 693-B2201B-PC 0011801424B | F3: 264 | G3: 44856 | I3: PM通知693-B2201A-PC成品库存从胶州代理处发回青岛2650套，再加合肥的2561套，工厂库存969，全部改制成693-B2201B-PC. | J3: 青岛事业部
A4: DIP03 | B4: 30007093 | C4: 10880018097 | D4: 990000024388 | E4: 693-B2201B-PC 0011801424B | F4: 2231 | G4: 44856 | I4: PM通知693-B2201A-PC成品库存从胶州代理处发回青岛2650套，再加合肥的2561套，工厂库存969，全部改制成693-B2201B-PC. | J4: 青岛事业部
A5: DIP03 | B5: 30007101 | C5: 10880018097 | D5: 990000024480 | E5: 693-B2201B-PC 0011801424B | F5: 969 | G5: 44858 | I5: PM通知693-B2201A-PC成品库存从胶州代理处发回青岛2650套，再加合肥的2561套，工厂库存969，全部改制成693-B2201B-PC. | J5: 青岛事业部
A6: DIP03 | B6: 1204808 | C6: 10880017536 | D6: 990000024584 | E6: 693-A2180G-PC 0011800646L | F6: 14 | G6: 44865 | I6: 针对客户端反馈2180G存在停电补偿失效（自锁）异常，近期出货的返工，通过同研发与测试商讨，产品重新烧录程序。QE提供数量：6962 PCS. | J6: 青岛事业部
A7: DIP03 | B7: 1204809 | C7: 10880017536 | D7: 990000024585 | E7: 693-A2180G-PC 0011800646L | F7: 200 | G7: 44865 | I7: 针对客户端反馈2180G存在停电补偿失效（自锁）异常，近期出货的返工，通过同研发与测试商讨，产品重新烧录程序。QE提供数量：6962 PCS. | J7: 青岛事业部
A8: DIP03 | B8: 1211747 | C8: 10880017536 | D8: 990000024586 | E8: 693-A2180G-PC 0011800646L | F8: 1174 | G8: 44865 | I8: 针对客户端反馈2180G存在停电补偿失效（自锁）异常，近期出货的返工，通过同研发与测试商讨，产品重新烧录程序。QE提供数量：6962 PCS. | J8: 青岛事业部
A9: DIP03 | B9: 1219155 | C9: 10880017536 | D9: 990000024587 | E9: 693-A2180G-PC 0011800646L | F9: 989 | G9: 44865 | I9: 针对客户端反馈2180G存在停电补偿失效（自锁）异常，近期出货的返工，通过同研发与测试商讨，产品重新烧录程序。QE提供数量：6962 PCS. | J9: 青岛事业部
A10: DIP03 | B10: 1217877 | C10: 10880017532 | D10: 990000024588 | E10: 693-A2180C-PC 0011800646F | F10: 997 | G10: 44865 | I10: 针对客户端反馈2180C存在停电补偿失效（自锁）异常，近期出货的返工，通过同研发与测试商讨，产品重新烧录程序。QE提供数量：6962 PCS. | J10: 青岛事业部
A11: DIP03 | B11: 1217874 | C11: 10880017530 | D11: 990000024621 | E11: 693-A2180A-PC 0011800646A | F11: 1920 | G11: 44868 | I11: 针对客户端反馈2180C存在停电补偿失效（自锁）异常，近期出货的返工，通过同研发与测试商讨，产品重新烧录程序。QE提供数量：6962 PCS. | J11: 青岛事业部
A12: DIP03 | B12: 1217875 | C12: 10880017530 | D12: 990000024622 | E12: 693-A2180A-PC 0011800646A | F12: 2880 | G12: 44868 | I12: 针对客户端反馈2180C存在停电补偿失效（自锁）异常，近期出货的返工，通过同研发与测试商讨，产品重新烧录程序。QE提供数量：6962 PCS. | J12: 青岛事业部
A13: DIP03 | B13: 1217880 | C13: 10880017533 | D13: 990000024620 | E13: 693-A2180D-PC 0011800646M | F13: 5979 | G13: 44868 | I13: 针对客户端反馈2180C存在停电补偿失效（自锁）异常，近期出货的返工，通过同研发与测试商讨，产品重新烧录程序。QE提供数量：6962 PCS. | J13: 青岛事业部
... A22: DIP03 | B22: 1223070 | C22: 10880020230 | D22: 990000025063 | E22: 201-A2247A-PC PV023平台 1120129 | F22: 100 | G22: 44887 | I22: 201-A2247A-PC J1跳线打错位置（错打JP1），QE提供数量：100PCS. | J22: 青岛工厂
A23: DIP03 | B23: 1217956 | C23: 10880017535 | D23: 990000024190 | E23: 693-A2180F-PC 0011800646C | F23: 402 | G23: 44887 | H23: 44887 | I23: 研发建错BOM，需返插座 | J23: 研发
A24: DIP02 | B24: 1224353 | C24: 10880018850 | D24: 990000024999 | E24: 693-A2178I-PC 0011800612V | F24: 160 | G24: 44887 | H24: 44887 | I24: 612V（2178I）针座CN7存在错料不良，PCBA需返工处理，数量：4200PCS. | J24: 青岛工厂
A25: DIP02 | B25: 1224363 | C25: 10880018850 | D25: 990000025000 | E25: 693-A2178I-PC 0011800612V | F25: 683 | G25: 44887 | H25: 44887 | I25: 612V（2178I）针座CN7存在错料不良，PCBA需返工处理，数量：4200PCS. | J25: 青岛工厂
A26: DIP03 | B26: 1220657 | C26: 10880017949 | D26: 990000025128 | E26: 693-A2181B-PC 0011800537C | F26: 2000 | G26: 44891 | H26: 44891 | I26: 693-A2181B-PC 连锡半焊不良检查，QE提供数量：11760 PCS. | J26: 青岛工厂
A27: DIP03 | B27: 1220658 | C27: 10880017949 | D27: 990000025129 | E27: 693-A2181B-PC 0011800537C | F27: 1683 | G27: 44891 | H27: 44891 | I27: 693-A2181B-PC 连锡半焊不良检查，QE提供数量：11760 PCS. | J27: 青岛工厂
A28: DIP03 | B28: 1219153 | C28: 10880017526 | D28: 990000025145 | E28: 693-A2179D-PC 0011800630P | F28: 2985 | G28: 44891 | H28: 44891 | I28: 693-A2179D-PC研发BOM建错，C26风机电容要求2uf，BOM错误成1.2uf，返工更换风机电容。 | J28: 研发
A29: DIP03 | B29: 1217967 | C29: 10880017526 | D29: 990000025182 | E29: 693-A2179D-PC 0011800630P | F29: 1056 | G29: 44891 | H29: 44891 | I29: 693-A2179D-PC研发BOM建错，C26风机电容要求2uf，BOM错误成1.2uf，返工更换风机电容。 | J29: 研发
A30: DIP03 | B30: 30007266 | C30: 10880017536 | D30: 990000025311 | E30: 693-A2180G-PC 0011800646L | F30: 320 | G30: 44901 | I30: 为满足交付需求，今天用646D改制成646L 320PCS出货，需返工；返工数量：320pcs （需重新烧录EE程序） | J30: 青岛事业部
A31: DIP03 | B31: 1217967 | C31: 10880017526 | D31: 990000025272 | E31: 693-A2179D-PC 0011800630P | F31: 600 | G31: 44902 | H31: 44902 | I31: 因产品用错风机电容，需返工；返工数量：600pcs | J31: 青岛工厂
A32: DIP03 | B32: 30007278 | C32: 10880017516 | D32: 990000025459 | E32: 693-A2179A-PC 0011800630K | F32: 140 | G32: 44909 | I32: 因产品用错风机电容，多返了140 | J32: 青岛工厂
A33: DIP03 | B33: 1207740 | C33: 10880019434 | D33: 990000025130 | E33: 693-B2209A-PC-0011801425N | F33: 157 | G33: 44909 | H33: 44909 | I33: 更换电阻、保险器。数量：157 PCS. | J33: 青岛工厂
A34: DIP03 | B34: 1218793 | C34: 10880020678 | D34: 990000025402 | E34: 693-A2210D-PC 0011801372C | F34: 200 | G34: 44909 | H34: 44909 | I34: 因EE程序烧录错误，需重新烧录返工；返工数量：3795pcs （需重新烧录） | J34: 青岛工厂
A35: DIP03 | B35: 1218795 | C35: 10880020678 | D35: 990000025403 | E35: 693-A2210D-PC 0011801372C | F35: 400 | G35: 44909 | H35: 44909 | I35: 因EE程序烧录错误，需重新烧录返工；返工数量：3795pcs （需重新烧录） | J35: 青岛工厂
A36: DIP03 | B36: 1218796 | C36: 10880020678 | D36: 990000025404 | E36: 693-A2210D-PC 0011801372C | F36: 1997 | G36: 44909 | H36: 44909 | I36: 因EE程序烧录错误，需重新烧录返工；返工数量：3795pcs （需重新烧录） | J36: 青岛工厂
A37: DIP03 | B37: 30007278 | C37: 10880017516 | D37: 990000025273 | E37: 693-A2179A-PC 0011800630K | F37: 316 | G37: 44911 | H37: 44911 | I37: 因产品用错风机电容，需将630P改制为630K出货，需返工；返工数量：4041pcs （需重新烧录EE程序） | J37: 青岛事业部
A38: DIP03 | B38: 30007279 | C38: 10880017516 | D38: 990000025274 | E38: 693-A2179A-PC 0011800630K | F38: 2985 | G38: 44911 | H38: 44911 | I38: 因产品用错风机电容，需将630P改制为630K出货，需返工；返工数量：4041pcs （需重新烧录EE程序） | J38: 青岛事业部
A39: DIP03 | B39: 30007317 | C39: 10880017526 | D39: 990000025547 | E39: 693-A2179D-PC 0011800630P | F39: 140 | G39: 44917 | I39: 因产品用错风机电容，多返了140 | J39: 青岛工厂
A40: DIP01 | B40: 1219950 | C40: 10880019920 | D40: 990000025661 | E40: 201-A2182D-PC 1111442 | F40: 244 | G40: 44931 | I40: 客户端反馈201-A2182D-PC在客户端出现绝缘垫片破损不良，需重新高压测试返工；返工数量：244pcs | J40: 青岛工厂
A41: DIP02 | B41: 1224490 | C41: 10880018097 | D41: 990000026292 | E41: 693-B2201B-PC 0011801424B | F41: 4771 | G41: 44993 | I41: 693-B2201B-PC 0011801424B 在线更新E程序（校验和:90E0）,贴新程序产品标贴及外箱标贴（外箱标贴须备注新程序）。数量：5000 PCS. | J41: 青岛事业部
A42: DIP03 | B42: 30007278 | C42: 10880017516 | D42: 990000026351 | E42: 693-A2179A-PC 0011800630K | F42: 316 | G42: 44999 | I42: 693-A2179D-PC研发BOM建错，C26风机电容要求2uf，BOM错误成1.2uf，现返工更换CN502插座及产品标签，烧录0011800630K程序,返工成693-A2179A-PC 0011800630K产品消化 。数量：3078 PCS. | J42: 研发
A43: DIP03 | B43: 30007279 | C43: 10880017516 | D43: 990000026352 | E43: 693-A2179A-PC 0011800630K | F43: 2981 | G43: 44999 | I43: 693-A2179D-PC研发BOM建错，C26风机电容要求2uf，BOM错误成1.2uf，现返工更换CN502插座及产品标签，烧录0011800630K程序,返工成693-A2179A-PC 0011800630K产品消化 。数量：3078 PCS. | J43: 研发
A44: DIP03 | B44: 1237318 | C44: 10880022044 | D44: 990000026450 | E44: 693-B2286A-D 0021800442G | F44: 200 | G44: 45002 | I44: 693-B2286A-D 0021800442G 更换底壳总成，更换LD33返工流程，数量200pcs | J44: 青岛事业部
A45: DIP03 | B45: 1236064 | C45: 10880019434 | D45: 990000026498 | E45: 693-B2209A-PC-0011801425N | F45: 157 | G45: 45007 | H45: 45007 | I45: 合肥生产，青岛帮忙返工，更换电阻、保险器。数量：157 PCS. | J45: 青岛事业部
A46: DIP03 | B46: 1231929 | C46: 10880021311 | D46: 990000026499 | E46: 693-C2260B-PC 0011801256L | F46: 470 | G46: 45008 | I46: 由于物料未备案，现将693-B2286B-PC 0011801256L 更换C18,R44,IC3组合物料，目检包装出货,数量470pcs | J46: 青岛事业部
A47: DIP03 | B47: 1231930 | C47: 10880021015 | D47: 990000026576 | E47: 693-B2201N-PC-0011801424AE | F47: 1200 | G47: 45012 | I47: 693-B2201N-PC-0011801424AE 更换CN5,CN6线束物料，目检包装出货,数量3954pcs | J47: 青岛事业部
A48: DIP03 | B48: 1234724 | C48: 10880018096 | D48: 990000026575 | E48: 693-B2201A-PC 0011801424A | F48: 651 | G48: 45012 | H48: 45012 | I48: 693-B2201A-PC 0011801424A 更换CN5,CN6线束物料，目检包装出货,数量875pcs | J48: 品质 | K48: 供应商返工
A49: DIP03 | B49: 1231932 | C49: 10880021019 | D49: 990000026577 | E49: 693-B2201O-PC-0011801424AF | F49: 3231 | G49: 45012 | H49: 45012 | I49: 693-B2201O-PC-0011801424AF 更换CN5,CN6线束物料，目检包装出货,数量4250pcs | J49: 品质
A50: DIP03 | B50: 1237866 | C50: 10880018097 | D50: 990000026578 | E50: 693-B2201B-PC 0011801424B | F50: 4976 | G50: 45012 | H50: 45012 | I50: 693-B2201B-PC 0011801424B 更换CN5,CN6线束物料，目检包装出货,数量10439pcs | J50: 品质 | K50: 供应商返工
A51: DIP03 | B51: 1234728 | C51: 10880018097 | D51: 990000026579 | E51: 693-B2201B-PC 0011801424B | F51: 1143 | G51: 45012 | H51: 45012 | I51: 693-B2201B-PC 0011801424B 更换CN5,CN6线束物料，目检包装出货,数量10439pcs | J51: 品质 | K51: 供应商返工
A52: DIP03 | B52: 1227035 | C52: 10880018097 | D52: 990000026580 | E52: 693-B2201B-PC 0011801424B | F52: 5 | G52: 45012 | H52: 45012 | I52: 693-B2201B-PC 0011801424B 更换CN5,CN6线束物料，目检包装出货,数量10439pcs | J52: 品质 | K52: 供应商返工
A53: DIP01 | B53: 1232773 | C53: 10880019923 | D53: 990000026639 | E53: 201-A2182G-PC 1146576 | F53: 649 | G53: 45020 | I53: 201-A2182G-PC 1146576产品，目检散热器外观，包装出货,数量769pcs | J53: 青岛工厂
A54: DIP02 | B54: 1235232 | C54: 10880019240 | D54: 990000026636 | E54: 693-B2201J-PC 0011801424C | F54: 1000 | G54: 45020 | I54: 693-B2201J-PC 0011801424C WI错误导致产线漏插K2,CN11,CN16元件过炉焊接，现补焊K2,CN11,CN16元件，AVI工站投板通拉返工。数量1000pcs。 | J54: 工程部
A55: DIP01 | B55: 1232498 | C55: 10880019923 | D55: 990000026660 | E55: 201-A2182G-PC 1146576 | F55: 16 | G55: 45020 | H55: 45020 | I55: 201-A2182G-PC 1146576产品，目检散热器外观，包装出货,数量769pcs | J55: 顺德青岛事业部 | K55: 已发货
A56: DIP03 | B56: 1238873 | C56: 10880020940 | D56: 990000026842 | E56: 693-A2210G-PC 0011801372G | F56: 330 | G56: 45026 | I56: 客户新程序验证，须提供330pcs新程序产品；现对693-A2210G-PC 0011801372G更换产品标贴，烧录新E方程序，读取并确认检验和无误后包装出货,数量280+50pcs | J56: 青岛事业部
A57: DIP03 | B57: 1203757 | C57: 10880017950 | D57: 990000026847 | E57: 693-A2181C-PC 0011800537A | F57: 828 | G57: 45027 | I57: 693-A2181C-PC 0011800537A BOM中跳线J26建在备注栏里，工艺未核对出，导致J26跳线未AI。现焊接J26跳线，焊后AVI工序投板通拉作业,数量828pcs | J57: 研发
A58: DIP02 | B58: 1238873 | C58: 10880020940 | D58: 990000026923 | E58: 693-A2210G-PC 0011801372G | F58: 1661 | G58: 45031 | I58: 客户要求变更；现对693-A2210G-PC 0011801372G更换产品标贴，烧录新E方程序，青岛仓1454+胶州仓退账207 | J58: 青岛事业部
A59: DIP02 | B59: 1241603 | C59: 10880020940 | D59: 990000026951 | E59: 693-A2210G-PC 0011801372G | F59: 2000 | G59: 45031 | I59: 客户要求变更；现对693-A2210G-PC 0011801372G更换产品标贴，烧录新E方程序， | J59: 青岛事业部
A60: DIP02 | B60: 1238875 | C60: 10880020940 | D60: 990000026922 | E60: 693-A2210G-PC 0011801372G | F60: 2000 | G60: 45031 | H60: 45031 | I60: 客户要求变更；现对693-A2210G-PC 0011801372G更换产品标贴，烧录新E方程序， | J60: 青岛事业部
A61: DIP02 | B61: 1228881 | C61: 10880020681 | D61: 990000026952 | E61: 693-A2210F-PC 0011801372D | F61: 3156 | G61: 45033 | H61: 45054 | I61: 客户要求变更；现对693-A2210F-PC 0011801372D更换产品标贴，烧录新E方程序，读取并确认检验和无误后包装出货,数量8660pcs | J61: 青岛事业部
A62: DIP03 | B62: 1239388 | C62: 10880022123 | D62: 990000026928 | E62: 693-B2286B-D 0021800442A | F62: 200 | G62: 45033 | H62: 45033 | I62: 由于客户软件版本变更，现将693-B2286B-D 0021800442A 重新烧录软件程序，粘贴产品标签，测试后通拉,数量200pcs | J62: 青岛事业部
A63: DIP02 | B63: 1229581 | C63: 10880020940 | D63: 990000026966 | E63: 693-A2210G-PC 0011801372G | F63: 972 | G63: 45035 | I63: 客户要求变更；现对693-A2210G-PC 0011801372G更换产品标贴，烧录新E方程序，胶州仓退账972 | J63: 青岛事业部
A64: DIP02 | B64: 1229405 | C64: 10880020681 | D64: 990000026967 | E64: 693-A2210F-PC 0011801372D | F64: 896 | G64: 45035 | I64: 客户要求变更；现对693-A2210F-PC 0011801372D更换产品标贴，烧录新E方程序，读取并确认检验和无误后包装出货,数量8660pcs | J64: 青岛事业部
A65: DIP02 | B65: 30007665 | C65: 10880020678 | D65: 990000027023 | E65: 693-A2210D-PC 0011801372C | F65: 896 | G65: 45037 | I65: 现有物料库存无法满足客户订单交期需求；现对693-A2210F-PC 0011801372D更换E3电容，拆除RV100压敏，更换产品标贴，烧录新E方程序，校验和读取验证，改制成693-A2210D-PC 0011801372C产品包装出货,数量896pcs | J65: 青岛事业部
A66: DIP02 | B66: 1241604 | C66: 10880020940 | D66: 990000027030 | E66: 693-A2210G-PC 0011801372G | F66: 2993 | G66: 45040 | I66: 客户要求变更；现对693-A2210G-PC 0011801372G更换产品标贴，烧录新E方程序， | J66: 青岛事业部
A67: DIP03 | B67: 1239392 | C67: 10880022123 | D67: 990000027152 | E67: 693-B2286B-D 0021800442A | F67: 3700 | G67: 45044 | H67: 45052 | I67: 由于客户软件版本变更，现对在制品693-B2286A-D 0021800442G重新烧录新程序后目检FCT1工序投入正常流拉，数量3700pcs | J67: 青岛事业部
A68: DIP03 | B68: 1241221 | C68: 10880018847 | D68: 990000027166 | E68: 693-A2178E-PC 0011800612H | F68: 2000 | G68: 45051 | H68: 45059 | I68: RI机底座撞件，导致C22电容破损，现对693-A2178E-PC 0011800612H 目检C22电容包装出货,数量4683pcs | J68: 工程部
A69: DIP03 | B69: 1241544 | C69: 10880018850 | D69: 990000027164 | E69: 693-A2178I-PC 0011800612V | F69: 2000 | G69: 45051 | H69: 45051 | I69: RI机底座撞件，导致C22电容破损，现对693-A2178I-PC 0011800612V 目检C22电容包装出货,数量3000pcs | J69: 青岛工厂
A70: DIP03 | B70: 1241540 | C70: 10880018850 | D70: 990000027165 | E70: 693-A2178I-PC 0011800612V | F70: 520 | G70: 45051 | H70: 45068 | I70: RI机底座撞件，导致C22电容破损，现对693-A2178I-PC 0011800612V 目检C22电容包装出货,数量3000pcs | J70: 青岛工厂
A71: DIP02 | B71: 1241220 | C71: 10880018847 | D71: 990000027168 | E71: 693-A2178E-PC 0011800612H | F71: 2995 | G71: 45051 | H71: 45069 | I71: RI机底座撞件，导致C22电容破损，现对693-A2178E-PC 0011800612H 目检C22电容包装出货,数量4683pcs | J71: 青岛工厂
A72: DIP03 | B72: 1227504 | C72: 10880018847 | D72: 990000027167 | E72: 693-A2178E-PC 0011800612H | F72: 1588 | G72: 45051 | H72: 45051 | I72: RI机底座撞件，导致C22电容破损，现对693-A2178E-PC 0011800612H 目检C22电容包装出货,数量4683pcs | J72: 青岛工厂
A73: DIP03 | B73: 1231930 | C73: 10880021015 | D73: 990000027216 | E73: 693-B2201N-PC-0011801424AE | F73: 1882 | G73: 45055 | H73: 45055 | I73: 客户主程序升级，现对693-B2201N-PC-0011801424AE 更换产品标贴，烧录新Z程序（E校验和：CBAC），目检后包装出货,数量1882pcs | J73: 青岛事业部
A74: DIP04 | B74: 1239393 | C74: 10880022123 | D74: 990000027560 | E74: 693-B2286B-D 0021800442A | F74: 6398 | G74: 45072 | H74: 45077 | I74: 由于客户端反馈屏幕显示异物、存在多版本程序、热熔不良，现将693-B2286B-D 0021800442A 目检外观，重新烧录软件程序，上电测试，目检包装发货,数量9000pcs | J74: 青岛工厂
A75: DIP04 | B75: 1239392 | C75: 10880022123 | D75: 990000027561 | E75: 693-B2286B-D 0021800442A | F75: 3175 | G75: 45072 | H75: 45077 | I75: 由于客户端反馈屏幕显示异物、存在多版本程序、热熔不良，现将693-B2286B-D 0021800442A 目检外观，重新烧录软件程序，上电测试，目检包装发货,数量9000pcs | J75: 青岛工厂
A76: DIP03 | B76: 1217968 | C76: 10880017527 | D76: 990000027638 | E76: 693-A2179E-PC 0011800630J | F76: 386 | G76: 45077 | H76: 45089 | I76: 客户主程序升级，现对693-A2179E-PC 0011800630J 更换产品标贴，烧录新E程序（E校验和：2E20），目检后包装出货,数量418pcs | J76: 青岛事业部
A77: DIP03 | B77: 1215929 | C77: 10880017527 | D77: 990000027639 | E77: 693-A2179E-PC 0011800630J | F77: 30 | G77: 45077 | H77: 45089 | I77: 客户主程序升级，现对693-A2179E-PC 0011800630J 更换产品标贴，烧录新E程序（E校验和：2E20），目检后包装出货,数量418pcs | J77: 青岛事业部
A78: DIP03 | B78: 30007784 | C78: 10880018847 | D78: 990000027665 | E78: 693-A2178E-PC 0011800612H | F78: 6474 | G78: 45079 | H78: 45089 | I78: 消耗成品库存改制出货；现对 693-A2178D-PC 0011800612R 更换产品标贴，烧录新E方程序（E校验和：6B3A），读取并确认检验和改制成 693-A2178E-PC 0011800612H 后包装出货,数量6045pcs | J78: 青岛事业部
... A80: DIP03 | B80: 30007814 | C80: 10880018845 | D80: 990000027680 | E80: 693-A2178C-PC 0011800612Z | F80: 2578 | G80: 45079 | H80: 45089 | I80: 消耗成品库存改制出货；现对 693-A2178K-PC 0011800612AC 更换产品标贴，烧录新E方程序（E校验和：7301），读取并确认检验和改制成693-A2178C-PC 0011800612Z 后包装出货,数量2618pcs | J80: 青岛事业部
A81: DIP03 | B81: 1244195 | C81: 10880027989 | D81: 990000027737 | E81: 693-C2302B-PC 0011800879N | F81: 150 | G81: 45084 | H81: 45086 | I81: 板面喷涂UV过固化炉后，E7,E8电容顶部胶纸外观破损，不良根本原因还在验证中；现对 693-C2302B-PC 0011800879N 产品更换外观破损电容，补漆、目检后包装出货,数量150pcs | J81: 工程部 | K81: 喷漆机温度过高
A82: DIP02 | B82: 30007861 | C82: 10880022436 | D82: 990000027974 | E82: 693-C2284C-PC 0011801522B | F82: 20 | G82: 45093 | H82: 45095 | I82: 现有物料库存无法满足客户订单交期需求；现对693-C2284B-PC 0011801522A更换C26风机电容，更换产品标贴，重新烧录新E方程序，校验和读取验证， 改制返工成693-C2284C-PC 0011801522B产品包装出货,数量20pcs | J82: 青岛事业部
A83: DIP04 | B83: 1237311 | C83: 10880022044 | D83: 990000028032 | E83: 693-B2286A-D 0021800442G | F83: 1629 | G83: 45098 | H83: 45098 | I83: 由于客户端反馈屏幕显示异物，现将693-B2286B-D 0021800442A 上电目检灯珠是否全亮，显示屏是否有阴影，异物，目检包装发货,数量1629pcs | J83: 青岛工厂
A84: DIP03 | B84: 30007784 | C84: 10880018847 | D84: 990000028160 | E84: 693-A2178E-PC 0011800612H | F84: 5637 | G84: 45107 | H84: 45136 | I84: 研发返工条件下发错误，致使二次返工；现对 693-A2178D-PC 0011800612R 更换RV1,C15,CN3,CN8物料（此批次返工产品EE程序已烧录），改制成 693-A2178E-PC 0011800612H 后包装出货,数量6045pcs | J84: 青岛事业部
A85: DIP03 | B85: 1243106 | C85: 10880017531 | D85: 990000028179 | E85: 693-A2180B-PC 0011800646D | F85: 320 | G85: 45111 | H85: 45112 | I85: 由于客户最新物料备案未及时共享，CY3,CY4,CY5物料不符合现有备案要求；现对693-A2180B-PC 0011800646D 更换CY3,CY4,CY5安规电容，目检包装出货,数量320pcs | J85: 青岛事业部
A86: DIP02 | B86: 1248538 | C86: 10880021029 | D86: 990000028248 | E86: 693-C2260A-PC 0011801256B | F86: 1394 | G86: 45112 | H86: 45113 | I86: 单片机芯片混料，重新烧录测试后编译E方程序，导致E方程序错误；现对693-C2260A-PC 0011801256B 重新烧录E方程序（E校验和：EFD0），读取并确认E校验和,后目检包装出货,数量1404pcs | J86: 青岛工厂
A87: DIP02 | B87: 1247144 | C87: 10880021029 | D87: 990000028249 | E87: 693-C2260A-PC 0011801256B | F87: 672 | G87: 45112 | H87: 45113 | I87: 单片机芯片混料，重新烧录测试后编译E方程序，导致E方程序错误；现对693-C2260A-PC 0011801256B 重新烧录E方程序（E校验和：EFD0），读取并确认E校验和,后目检包装出货,数量1404pcs | J87: 青岛工厂
A88: DIP02 | B88: 1229578 | C88: 10880018850 | D88: 990000028251 | E88: 693-A2178I-PC 0011800612V | F88: 1304 | G88: 45112 | H88: 45115 | I88: 产线CN7插座插件反向700pcs，更换后成品插座出现连锡，现对库存693-A2178I-PC 0011800612V 重新过AVI检测CN7插座焊点及方向后包装出货,数量2520pcs | J88: 青岛工厂
A89: DIP02 | B89: 1247096 | C89: 10880018850 | D89: 990000028252 | E89: 693-A2178I-PC 0011800612V | F89: 1998 | G89: 45112 | H89: 45115 | I89: 产线CN7插座插件反向700pcs，更换后成品插座出现连锡，现对库存693-A2178I-PC 0011800612V 重新过AVI检测CN7插座焊点及方向后包装出货,数量2520pcs | J89: 青岛工厂
A90: DIP02 | B90: 30007785 | C90: 10880018845 | D90: 990000028273 | E90: 693-A2178C-PC 0011800612Z | F90: 1993 | G90: 45114 | H90: 45115 | I90: 研发返工需求内容提供错误.现对693-A2178C-PC 0011800612Z 挑选mes标签为693-A2178H-PC产品直接目检包装入库，入库数量1994pcs； | J90: 研发
A91: DIP02 | B91: 1243104 | C91: 10880017531 | D91: 990000028275 | E91: 693-A2180B-PC 0011800646D | F91: 930 | G91: 45114 | H91: 45136 | I91: 由于客户最新物料备案未及时共享，CY3,CY4,CY5物料不符合现有备案要求；现对693-A2180B-PC 0011800646D 更换CY3,CY4,CY5安规电容，目检包装出货,数量2809pcs | J91: 研发
A92: DIP02 | B92: 30007814 | C92: 10880018845 | D92: 990000028274 | E92: 693-A2178C-PC 0011800612Z | F92: 2576 | G92: 45114 | H92: 45148 | I92: 研发返工需求内容提供错误.目检mes标签为693-A2178K-PC产品装吸塑隔离（须返工更换元件），对mes标签为693-A2178K-PC产品更换E207,C15元件后补漆，目检包装入库，入库数量2618pcs | J92: 研发
A93: DIP04 | B93: 1237308 | C93: 10880022044 | D93: 990000028486 | E93: 693-B2286A-D 0021800442G | F93: 2623 | G93: 45124 | H93: 45124 | I93: 由于客户端反馈屏幕显示异物，现将693-B2286A-D 0021800442G 上电目检灯珠是否全亮，显示屏是否有阴影，异物，目检包装发货,数量2592pcs | J93: 青岛工厂
... A106: DIP02 | B106: 1228515 | C106: 10880021318 | D106: 990000029117 | E106: 693-C2260C-PC 0011801256M | F106: 200 | G106: 45161 | H106: 45163 | I106: 客户程序升级；现对693-C2260C-PC 0011801256M 更新Z程序和E程序,校验E方程序，更换客户标签及外箱标签，目检包装出货,数量395（200+195pcs） | J106: 青岛事业部
A107: DIP03 | B107: 1228511 | C107: 10880021174 | D107: 990000029263 | E107: 693-B2201R-PC-0011801424L | F107: 197 | G107: 45167 | H107: TECO | I107: 客户程序升级；现对693-B2201R-PC-0011801424L 更新Z程序和E程序,校验E方程序，更换客户标签及外箱标签，目检包装出货,数量：代理库存197pcs | J107: /
A108: DIP04 | B108: 1248556 | C108: 10880019222 | D108: 990000029267 | E108: 1323-C2203A-PC 0011801036A | F108: 175 | G108: 45167 | H108: 45178 | I108: 由于金龙线束来料不良，现将 1323-C2203A-PC 0011801036A 更换CN5,CN6线束，补漆后目检包装发货,数量169pcs | J108: 品质
A109: DIP03 | B109: 1228509 | C109: 10880021175 | D109: 990000029262 | E109: 693-B2201P-PC-0011801424N | F109: =196-12 -> 184 | G109: 45167 | H109: 45253 | I109: 客户程序升级；现对693-B2201P-PC-0011801424N 更新Z程序和E程序,校验E方程序，更换客户标签及外箱标签，目检包装出货,数量：代理库存196pcs | J109: 青岛事业部
A110: DIP03 | B110: 1231932 | C110: 10880021019 | D110: 990000029261 | E110: 693-B2201O-PC-0011801424AF | F110: 830 | G110: 45167 | H110: 45318 | I110: 客户程序升级；现对693-B2201O-PC-0011801424AF 更新Z程序和E程序,校验E方程序，更换客户标签及外箱标签，目检包装出货,数量工厂库存536pcs+代理库存295pcs | J110: 青岛事业部
A111: DIP03 | B111: 1228507 | C111: 10880021172 | D111: 990000029264 | E111: 693-B2201S-PC-0011801424G | F111: 199 | G111: 45167 | H111: 45324 | I111: 客户程序升级；现对693-B2201S-PC-0011801424G 更新Z程序和E程序,校验E方程序，更换客户标签及外箱标签，目检包装出货,数量：代理库存199pcs | J111: 青岛事业部
A112: DIP03 | B112: 1207999 | C112: 10880019039 | D112: 990000029480 | E112: 693-B2201F-PC 0011801424H | F112: 672 | G112: 45177 | H112: 45195 | I112: CX1,CX2电容不符合客户备案要求；现对693-B2201F-PC 0011801424H更换CX1,CX2电容器，补漆，目检包装出货,数量570pcs | J112: 青岛事业部
A113: DIP03 | B113: 1207282 | C113: 10880019040 | D113: 990000029481 | E113: 693-B2201G-PC 0011801424J | F113: 672 | G113: 45177 | H113: 45195 | I113: CX1,CX2电容不符合客户备案要求；现对693-B2201F-PC 0011801424H更换CX1,CX2电容器，补漆，目检包装出货,数量570pcs | J113: 青岛事业部
A114: DIP01 | B114: 1249133 | C114: 10880019266 | D114: 990000029528 | E114: 201-A2182C-PC 1097658 | F114: 267 | G114: 45181 | H114: 45182 | I114: 由于海信2182系列FCT测试瞬时电压值不过，现对库存201-A2182C-PC 1097658成品库存返工，原位置更换以下物料清单组件后，补漆目检包装出货,数量427pcs | J114: 顺德青岛事业部
A115: DIP01 | B115: 30008163 | C115: 10880021983 | D115: 990000029529 | E115: 693-C2218A-PC 0190400359 | F115: 13 | G115: 45181 | H115: 45182 | I115: 由于359订单紧急出货，现对库存品693-B2287A-PC 0190400359A 更换客户标签，重烧程序（校验和:90E0）返工成693-C2218A-PC 0190400359产品，校验程序后目检包装出货。数量：13PCS. | J115: 青岛事业部
A116: DIP02 | B116: 1245417 | C116: 10880022436 | D116: 990000029536 | E116: 693-C2284C-PC 0011801522B | F116: 20 | G116: 45184 | H116: 45185 | I116: 由于1522产品客户bom建错，现对库存品693-C2284C-PC 0011801522B 产品增加R92、R93贴片电阻，用万用表量取阻值无误后目检包装出货。数量：20PCS. | J116: 青岛事业部
A117: DIP02 | B117: 1245415 | C117: 10880022435 | D117: 990000029537 | E117: 693-C2284B-PC 0011801522A | F117: 20 | G117: 45184 | H117: 45185 | I117: 由于1522产品客户bom建错，现对库存品693-C2284B-PC 0011801522A 产品增加R92、R93贴片电阻，用万用表量取阻值无误后目检包装出货。数量：20PCS. | J117: 青岛事业部
A118: DIP02 | B118: 1244924 | C118: 10880022434 | D118: 990000029538 | E118: 693-C2284A-PC 0011801522 | F118: 40 | G118: 45184 | H118: 45185 | I118: 由于1522产品客户bom建错，现对库存品693-C2284A-PC 0011801522 产品增加R92、R93贴片电阻，用万用表量取阻值无误后目检包装出货。数量：40PCS. | J118: 青岛事业部
A119: DIP03 | B119: 1222397 | C119: 10880020647 | D119: 990000029684 | E119: 1323-C2205C-PC 0011801036C | F119: 129 | G119: 45184 | H119: 45185 | I119: 由于客户端变更组合螺钉规格，要求我司同步变更，现将1323-C2205C-PC 0011801036C 产品拆箱更换组合螺钉，重新封箱发货,数量163pcs； | J119: 青岛事业部
A120: DIP02 | B120: 1237348 | C120: 10880022044 | D120: 990000029683 | E120: 693-B2286A-D 0021800442G | F120: 1000 | G120: 45184 | H120: 45191 | I120: 由于客户端反馈屏幕显示异物，现将693-B2286A-D 0021800442G 上电目检灯珠是否全亮，显示屏是否有阴影，异物，目检包装发货,数量2592pcs | J120: 青岛工厂
A121: DIP02 | B121: 1253141 | C121: 10880022123 | D121: 990000029679 | E121: 693-B2286B-D 0021800442A | F121: 5112 | G121: 45188 | H121: 45191 | I121: 由于客户端反馈屏幕显示异物，现将693-B2286B-D 0021800442A上电目检灯珠是否全亮，显示屏是否有阴影，异物，目检包装发货,数量5112pcs | J121: 青岛工厂
...
